省庁名,部局名,部局所名,会計名,分類種類名,根拠法令,用途施設名称,所在地,貸付相手方,口座別合計価格　（円）,土地数量　（u）,土地価格　（円）,建物数量（建）　（u）,建物数量（延）　（u）,建物価格　（円）,工作物価格　（円）,貸付料　（円）,都市計画区域,用途地域,建ぺい率,容積率
財務省,北海道財務局,本局,一般会計,普通財産,国有財産特別措置法 第３条第１項第１号,月寒公民館敷地,北海道札幌市豊平区月寒中央通７丁目,札幌市,103316597,2287.79,103316597,0,0,0,0,4427792,市街化区域,商業地域,80,400
財務省,北海道財務局,本局,一般会計,普通財産,国有財産特別措置法 第３条第１項第１号,東小学校敷地,北海道岩見沢市東町２条７丁目１０１１番１,岩見沢市,13615944,4330.58,13615944,0,0,0,0,543848,非線引,第二種中高層住居専用地域,60,200
財務省,北海道財務局,本局,一般会計,普通財産,国有財産特別措置法 第３条第１項第１号,高層改良住宅敷地,北海道苫小牧市山手町２丁目１０７,苫小牧市,2037513,335.65,2037513,0,0,0,0,29541,市街化区域,第二種中高層住居専用地域,60,200
財務省,北海道財務局,本局,一般会計,普通財産,国有財産特別措置法 第３条第１項第１号,市立やまて保育園及び市営住宅敷地,北海道苫小牧市山手町２丁目１０６のうち,苫小牧市,582991,96.04,582991,0,0,0,0,8508,市街化区域,第二種中高層住居専用地域,60,200
財務省,北海道財務局,本局,一般会計,普通財産,国有財産特別措置法 第３条第１項第１号,公営住宅敷地,北海道赤平市茂尻春日町１丁目２番１、２丁目４番１,赤平市,2335947,2233.98,2335947,0,0,0,0,95831,非線引,第一種住居地域,60,200
財務省,北海道財務局,本局,一般会計,普通財産,国有財産特別措置法 第３条第１項第１号,登別小学校敷地,北海道登別市登別本町３丁目２５番７,登別市,2935743,726.97,2935743,0,0,0,0,39385,市街化区域,第二種住居地域,60,200
財務省,北海道財務局,本局,一般会計,普通財産,国有財産特別措置法 第３条第１項第１号,幌別小学校敷地,北海道登別市中央町６丁目１９−２のうち,登別市,70503115,4516.57,70503115,0,0,0,0,690063,市街化区域,第二種中高層住居専用地域,60,200
財務省,北海道財務局,本局,一般会計,普通財産,国有財産特別措置法 第３条第１項第１号,公営住宅敷地,北海道登別市柏木町１丁目２３−２,登別市,3918788,724.64,3918788,0,0,0,0,40897,市街化区域,第二種中高層住居専用地域,60,200
財務省,北海道財務局,本局,一般会計,普通財産,国有財産特別措置法 第３条第１項第１号,登別中学校敷地,北海道登別市登別本町１丁目１−８,登別市,453669,713.58,453669,0,0,0,0,44561,都市計画区域外,都市計画用途地域指定なし,70,400
財務省,北海道財務局,本局,一般会計,普通財産,国有財産特別措置法 第３条第１項第１号,石狩小学校敷地,北海道石狩市横町５４番２外８筆,石狩市,19190510,5818.66,19190510,0,0,0,0,306260,市街化区域,第一種住居地域,60,200
財務省,北海道財務局,本局,一般会計,普通財産,国有財産特別措置法 第３条第１項第１号,下水道処理施設（農業集落排水施設）敷地,北海道石狩郡新篠津村５０９６番２,新篠津村,2859869,2292.98,2859869,0,0,0,0,37173,都市計画区域外,-,-,-
財務省,北海道財務局,本局,一般会計,普通財産,国有財産特別措置法 第３条第１項第１号,病院、介護老人保健施設及び医師住宅,北海道白老郡白老町日の出町３丁目５０−４,白老町,1055155,405.88,1055155,0,0,0,0,14436,市街化区域,第二種住居地域,60,200
財務省,北海道財務局,本局,一般会計,普通財産,国有財産特別措置法 第３条第１項第１号,公営住宅敷地,北海道浦河郡浦河町堺町西５丁目７３２番１、７３３番１,浦河町,10198612,1179.11,10198612,0,0,0,0,148007,非線引,-,-,-
財務省,北海道財務局,本局小樽出張所,一般会計,普通財産,国有財産特別措置法 第３条第１項第４号,保育所敷地,北海道小樽市堺町８５先、８６のうち、８９−１０,社会福祉法人　小樽四ツ葉学園,1646217,179.92,1646217,0,0,0,0,-,市街化区域,準工業地域,60,300
財務省,北海道財務局,本局北見出張所,一般会計,普通財産,国有財産特別措置法 第３条第１項第１号,市立光西中学校運動場敷地,北海道北見市光西町２０７−５　外,北見市,11095390,1495.92,11095390,0,0,0,0,77947,市街化区域,第二種中高層住居専用地域,60,200
財務省,北海道財務局,本局北見出張所,一般会計,普通財産,国有財産特別措置法 第３条第１項第１号,女満別幼稚園園舎及び屋外運動場敷地,北海道網走郡大空町女満別西４条３丁目８３番２０,大空町,47236159,5756.31,47236159,0,0,0,0,484610,非線引,第二種中高層住居専用地域,60,200
財務省,北海道財務局,函館財務事務所,一般会計,普通財産,国有財産特別措置法 第３条第１項第１号,公営住宅敷地,北海道函館市中道２丁目１７４−１５、１８３−８,函館市,95852770,7232.25,95852770,0,0,0,0,2500431,市街化区域,第二種中高層住居専用地域,60,200
財務省,北海道財務局,旭川財務事務所,一般会計,普通財産,国有財産特別措置法 第３条第１項第１号,日章小学校敷地,北海道旭川市６条通５丁目２５番地先ほか,旭川市,27051406,1910.91,27051406,0,0,0,0,1091236,市街化区域,近隣商業地域,80,300
財務省,北海道財務局,旭川財務事務所,一般会計,普通財産,国有財産特別措置法 第３条第１項第１号,常盤中学校敷地,北海道旭川市１０条通り１１丁目,旭川市,82268089,9163.34,82268089,0,0,0,0,2103851,市街化区域,第二種住居地域,60,200
財務省,北海道財務局,旭川財務事務所,一般会計,普通財産,国有財産特別措置法 第３条第１項第１号,大町小学校敷地,北海道旭川市大町１条１丁目３０−６,旭川市,111220982,14711.77,111220982,0,0,0,0,2645998,市街化区域,第一種住居地域,60,200
財務省,北海道財務局,旭川財務事務所,一般会計,普通財産,国有財産特別措置法 第３条第１項第４号,障害者支援施設「つつじの里」敷地,北海道旭川市春光台４条１０丁目５７５６番１,社会福祉法人　北海道療育園,90258083,38133.32,90258083,0,0,0,0,-,市街化調整区域,-,-,-
財務省,北海道財務局,旭川財務事務所,一般会計,普通財産,国有財産特別措置法 第３条第１項第４号,幼稚園敷地,北海道留萌市開運町２丁目３番１のうち,学校法人　萌愛学園,1011798,325.49,1011798,0,0,0,0,-,非線引,近隣商業地域,80,300
財務省,北海道財務局,帯広財務事務所,一般会計,普通財産,国有財産特別措置法 第３条第１項第１号,帯広市立緑丘小学校敷地,北海道帯広市西１４条南１６丁目２先,帯広市,35656319,2075.00,35656319,0,0,0,0,396711,市街化区域,第二種中高層住居専用地域,60,200
財務省,北海道財務局,帯広財務事務所,一般会計,普通財産,国有財産特別措置法 第３条第１項第１号,帯広市立西小学校敷地,北海道帯広市西２３条南１丁目１１４−４５,帯広市,25416635,2632.26,25416635,0,0,0,0,467047,市街化区域,第一種住居地域,60,200
財務省,北海道財務局,帯広財務事務所,一般会計,普通財産,国有財産特別措置法 第３条第１項第１号,帯広市立明星小学校敷地,北海道帯広市西５条南２２丁目１−１先,帯広市,33292653,2182.40,33292653,0,0,0,0,938874,市街化区域,第二種住居地域,60,200
財務省,北海道財務局,帯広財務事務所,一般会計,普通財産,国有財産特別措置法 第３条第１項第１号,帯広市立北栄小学校敷地,北海道帯広市西７条南１丁目２番先外１筆,帯広市,50907011,3908.81,50907011,0,0,0,0,716143,市街化区域,第一種住居地域,60,200
財務省,北海道財務局,帯広財務事務所,一般会計,普通財産,国有財産特別措置法 第３条第１項第１号,帯広市立啓北小学校敷地,北海道帯広市西１４条北７丁目１−５０,帯広市,16886125,1839.76,16886125,0,0,0,0,241682,市街化区域,第一種中高層住居専用地域,60,200
財務省,北海道財務局,帯広財務事務所,一般会計,普通財産,国有財産特別措置法 第３条第１項第１号,音更町公営住宅敷地,北海道河東郡音更町木野大通東７丁目１０番外,音更町,109392715,6755.97,109392715,0,0,0,0,1179128,市街化区域,第一種住居地域,60,200
財務省,北海道財務局,釧路財務事務所,一般会計,普通財産,国有財産特別措置法 第３条第１項第１号,消防施設敷地,北海道川上郡弟子屈町川湯駅前２丁目３９番,釧路北部消防事務組合,510207,279.73,510207,0,0,0,0,7808,非線引,都市計画用途地域指定なし,70,400
財務省,北海道財務局,釧路財務事務所,一般会計,普通財産,国有財産特別措置法 第３条第１項第１号,公営住宅敷地,北海道川上郡弟子屈町字屈斜路市街三条通１７番１、１７番３,弟子屈町,1773276,2479.51,1773276,0,0,0,0,30873,非線引,都市計画用途地域指定なし,70,400
財務省,北海道財務局,釧路財務事務所,一般会計,普通財産,国有財産特別措置法 第３条第１項第１号,診療所敷地,北海道釧路市阿寒町阿寒湖温泉２丁目１番４４のうち,北海道,2196626,286.67,2196626,0,0,0,0,38189,都市計画区域外,都市計画用途地域指定なし,70,400
財務省,北海道財務局,釧路財務事務所,一般会計,普通財産,国有財産特別措置法 第３条第１項第１号,公営住宅敷地,北海道目梨郡羅臼町緑町３０４番,羅臼町,7787384,1001.69,7787384,0,0,0,0,192065,都市計画区域外,都市計画用途地域指定なし,70,400
財務省,東北財務局,本局,一般会計,普通財産,国有財産特別措置法 第３条第１項第１号,国見小学校敷地,宮城県仙台市青葉区国見２丁目３３９−９,仙台市,19385865,498.7,19385865,0,0,0,0,340864,市街化区域,第一種住居地域,60,200
財務省,東北財務局,本局,一般会計,普通財産,国有財産特別措置法 第３条第１項第１号,塩釜市立第三中学校敷地,宮城県多賀城市笠神二丁目１−１,塩釜市,384407285,19473.52,384407285,0,0,0,0,5705603,市街化区域,第一種中高層住居専用地域,60,200
財務省,東北財務局,本局,一般会計,普通財産,国有財産特別措置法 第３条第１項第１号,多賀城市消防団第８分団敷地,宮城県多賀城市伝上山三丁目２９９−２,多賀城市,4521723,205.62,4521723,0,0,0,0,145849,市街化区域,第一種中高層住居専用地域,60,200
財務省,東北財務局,本局,一般会計,普通財産,国有財産特別措置法 第３条第１項第１号,消防施設用地,宮城県多賀城市八幡２−２６１,多賀城市,2416481,132.29,2416481,0,0,0,0,116527,市街化区域,第二種住居地域,60,200
財務省,東北財務局,盛岡財務事務所,一般会計,普通財産,国有財産特別措置法 第３条第１項第４号,学校運動場、農業実習地及び温室敷地,岩手県盛岡市向中野五丁目５−７　外１筆,学校法人　スコーレ,78078162,3096.45,78078162,0,0,0,0,-,市街化区域,第二種中高層住居専用地域,60,200
財務省,東北財務局,福島財務事務所,一般会計,普通財産,国有財産特別措置法 第３条第１項第１号,郡山市立大槻中学校敷地,福島県郡山市大槻町字西ノ宮西４−１ほか,郡山市,424827111,26618.24,424827111,0,0,0,0,7622725,市街化区域,第一種中高層住居専用地域,60,200
財務省,東北財務局,福島財務事務所,一般会計,普通財産,国有財産特別措置法 第３条第１項第１号,子育て支援センター敷地,福島県郡山市富久山町久保田字伊賀河原４４−２のうち,郡山市,7620409,435.25,7620409,0,0,0,0,136499,市街化区域,第一種住居地域,60,200
財務省,東北財務局,福島財務事務所,一般会計,普通財産,国有財産特別措置法 第３条第１項第１号,市立第二中学校敷地,福島県白河市和尚壇２１,白河市,3314677,404.01,3314677,0,0,0,0,27782,非線引,第一種住居地域,60,200
財務省,東北財務局,福島財務事務所,一般会計,普通財産,国有財産特別措置法 第３条第１項第１号,須賀川市立第一小学校敷地,福島県須賀川市大黒町１５１−３のうち,須賀川市,44970739,6535.77,44970739,0,0,0,0,628867,市街化区域,第二種住居地域,60,200
財務省,東北財務局,秋田財務事務所,一般会計,普通財産,国有財産特別措置法 第３条第１項第４号,保育園敷地,秋田県横手市前郷一番町７９３,社会福祉法人　明照福祉会,7181250,444.53,7181250,0,0,0,0,-,非線引,商業地域,80,400
財務省,東北財務局,青森財務事務所,一般会計,普通財産,国有財産特別措置法 第３条第１項第１号,市立油川中学校敷地,青森県青森市大字羽白字沢田４７１,青森市,288253729,19497.51,288253729,0,0,0,0,3433036,市街化区域,第一種低層住居専用地域,50,80
財務省,東北財務局,青森財務事務所,一般会計,普通財産,国有財産特別措置法 第３条第１項第１号,公営住宅敷地,青森県弘前市大字豊原二丁目８−１、８−８,弘前市,33560372,2216.52,33560372,0,0,0,0,521317,市街化区域,第一種中高層住居専用地域,60,200
財務省,東北財務局,青森財務事務所,一般会計,普通財産,国有財産特別措置法 第３条第１項第１号,公営住宅敷地,青森県弘前市大字松原東二丁目４−１１ほか,弘前市,43645443,4358.61,43645443,0,0,0,0,903731,市街化区域,第二種中高層住居専用地域,60,200
財務省,東北財務局,青森財務事務所,一般会計,普通財産,国有財産特別措置法 第３条第１項第１号,公営住宅敷地,青森県弘前市大字中野二丁目５−４,弘前市,22177679,1360.59,22177679,0,0,0,0,275689,市街化区域,第一種中高層住居専用地域,60,200
財務省,東北財務局,青森財務事務所,一般会計,普通財産,国有財産特別措置法 第３条第１項第１号,上久保小学校敷地,青森県三沢市大町一丁目３−１ほか,三沢市,69414382,8874.82,69414382,0,0,0,0,1932713,非線引,第一種住居地域,60,200
財務省,東北財務局,青森財務事務所,一般会計,普通財産,国有財産特別措置法 第３条第１項第１号,むつ市公民館若松町分館敷地,青森県むつ市若松町２−６８,むつ市,1588537,192.97,1588537,0,0,0,0,18754,非線引,第一種低層住居専用地域,50,80
財務省,東北財務局,青森財務事務所,一般会計,普通財産,国有財産特別措置法 第３条第１項第１号,消防屯所敷地,青森県むつ市川守町１０４−８のうち,むつ市,4277999,566.82,4277999,0,0,0,0,91166,非線引,第一種中高層住居専用地域,60,200
財務省,東北財務局,青森財務事務所,一般会計,普通財産,国有財産特別措置法 第３条第１項第１号,むつ市公民館宇曽利川分館敷地,青森県むつ市大字大湊字宇曽利川村下５−２１,むつ市,2989046,722.14,2989046,0,0,0,0,47952,非線引,都市計画用途地域指定なし,70,200
財務省,東北財務局,青森財務事務所,一般会計,普通財産,国有財産特別措置法 第３条第１項第１号,ひらない中央児童館敷地,青森県東津軽郡平内町大字小湊字前萢３６−１,平内町,9472037,1626.12,9472037,0,0,0,0,136421,非線引,第一種住居地域,60,200
財務省,関東財務局,東京財務事務所,一般会計,普通財産,国有財産特別措置法 第３条第１項第１号,区立阪本小学校プ−ル敷地,東京都中央区日本橋兜町１４４のうち,中央区,685178350,479.19,685178350,0,0,0,0,5179194,市街化区域,商業地域,80,600
財務省,関東財務局,東京財務事務所,一般会計,普通財産,国有財産特別措置法 第３条第１項第１号,西早稲田中学校敷地,東京都新宿区戸山３−４３−１８２外１筆,新宿区,2462343023,13414.83,2462343023,0,0,0,0,77519332,市街化区域,第一種中高層住居専用地域,60,300
財務省,関東財務局,東京財務事務所,一般会計,普通財産,国有財産特別措置法 第３条第１項第１号,東戸山小学校及び東戸山高齢者在宅サービスセンター敷地,東京都新宿区戸山２−４３−４５２,新宿区,2087394432,14890.39,2087394432,0,0,0,0,39288792,市街化区域,第一種中高層住居専用地域,60,300
財務省,関東財務局,東京財務事務所,一般会計,普通財産,国有財産特別措置法 第３条第１項第１号,新宿西戸山中学校敷地,東京都新宿区百人町４−９７２　外１筆,新宿区,760016008,7348.98,760016008,0,0,0,0,17060601,市街化区域,第一種中高層住居専用地域,60,300
財務省,関東財務局,東京財務事務所,一般会計,普通財産,国有財産特別措置法 第３条第１項第１号,西戸山小学校敷地,東京都新宿区百人町４−６３２−２ほか,新宿区,769248755,8018.32,769248755,0,0,0,0,18614554,市街化区域,第一種中高層住居専用地域,60,300
財務省,関東財務局,東京財務事務所,一般会計,普通財産,国有財産特別措置法 第３条第１項第１号,区立西戸山幼稚園及び西戸山生涯学習館敷地,東京都新宿区百人町４−６２８−３,新宿区,177281420,1102.84,177281420,0,0,0,0,4058212,市街化区域,第一種住居地域,60,400
財務省,関東財務局,東京財務事務所,一般会計,普通財産,国有財産特別措置法 第３条第１項第１号,牛込第一中学校敷地,東京都新宿区北山伏町２９−３外１筆,新宿区,20495186,302.94,20495186,0,0,0,0,679807,市街化区域,第一種中高層住居専用地域,60,300
財務省,関東財務局,東京財務事務所,一般会計,普通財産,国有財産特別措置法 第３条第１項第１号,落合第２小学校敷地,東京都新宿区上落合２−４７２−１のうち外１筆,新宿区,714412874,8419.16,714412874,0,0,0,0,13585616,市街化区域,第一種中高層住居専用地域,60,300
財務省,関東財務局,東京財務事務所,一般会計,普通財産,国有財産特別措置法 第３条第１項第１号,落合第五小学校敷地,東京都新宿区上落合２−７２３−１４のうち外１筆,新宿区,10365536,203.65,10365536,0,0,0,0,165165,市街化区域,第一種住居地域,60,300
財務省,関東財務局,東京財務事務所,一般会計,普通財産,国有財産特別措置法 第３条第１項第１号,戸塚第３小学校敷地,東京都新宿区高田馬場３−４１３外１筆,新宿区,22734063,319.71,22734063,0,0,0,0,441955,市街化区域,準工業地域,60,300
財務省,関東財務局,東京財務事務所,一般会計,普通財産,国有財産特別措置法 第３条第１項第１号,天神小学校敷地,東京都新宿区新宿６〜３８０〜１,新宿区,241758396,1901.98,241758396,0,0,0,0,6221488,市街化区域,第二種住居地域,60,400
財務省,関東財務局,東京財務事務所,一般会計,普通財産,国有財産特別措置法 第３条第１項第１号,区立第一幼稚園敷地,東京都文京区西片２−１０−５４１のうち,文京区,180271775,976.97,180271775,0,0,0,0,1681582,市街化区域,第一種住居地域,60,300
財務省,関東財務局,東京財務事務所,一般会計,普通財産,国有財産特別措置法 第３条第１項第１号,根津小学校（根津幼稚園併設）敷地の一部,東京都文京区弥生２−２−２４のうち外,文京区,20308898,230.4,20308898,0,0,0,0,230378,市街化区域,第一種住居地域,60,300
財務省,関東財務局,東京財務事務所,一般会計,普通財産,国有財産特別措置法 第３条第１項第１号,学校敷地（東吾嬬小学校）,東京都墨田区立花４−６１−１１外２筆,墨田区,20516408,448.65,20516408,0,0,0,0,429991,市街化区域,準工業地域,60,300
財務省,関東財務局,東京財務事務所,一般会計,普通財産,国有財産特別措置法 第３条第１項第１号,学校敷地（第４吾嬬小学校）,東京都墨田区京島３−４４−６外２筆,墨田区,51371586,984.13,51371586,0,0,0,0,1660928,市街化区域,工業地域,60,200
財務省,関東財務局,東京財務事務所,一般会計,普通財産,国有財産特別措置法 第３条第１項第１号,学校敷地（第一寺島小学校）,東京都墨田区東向島１−１１６外２筆,墨田区,35590311,381.16,35590311,0,0,0,0,611552,市街化区域,準工業地域,80,200
財務省,関東財務局,東京財務事務所,一般会計,普通財産,国有財産特別措置法 第３条第１項第１号,曳舟小学校敷地,東京都墨田区京島１−１４０−１,墨田区,156669174,3053.98,156669174,0,0,0,0,7165942,市街化区域,準工業地域,60,200
財務省,関東財務局,東京財務事務所,一般会計,普通財産,国有財産特別措置法 第３条第１項第１号,学校敷地（第三寺島小学校）,東京都墨田区東向島６−１５−８,墨田区,1299124,68.95,1299124,0,0,0,0,48053,市街化区域,準工業地域,80,300
財務省,関東財務局,東京財務事務所,一般会計,普通財産,国有財産特別措置法 第３条第１項第１号,学校敷地（第三吾嬬小学校）,東京都墨田区八広２−８１−６外１筆,墨田区,7820017,195.34,7820017,0,0,0,0,151968,市街化区域,準工業地域,60,200
財務省,関東財務局,東京財務事務所,一般会計,普通財産,国有財産特別措置法 第３条第１項第１号,押上小学校敷地,東京都墨田区押上３−４９２．４９３先,墨田区,11912504,247.44,11912504,0,0,0,0,211110,市街化区域,準工業地域,80,200
財務省,関東財務局,東京財務事務所,一般会計,普通財産,国有財産特別措置法 第３条第１項第１号,山中小学校敷地,東京都品川区大井３−４１５９,品川区,81731779,508.81,81731779,0,0,0,0,1188226,市街化区域,第一種住居地域,60,200
財務省,関東財務局,東京財務事務所,一般会計,普通財産,国有財産特別措置法 第３条第１項第１号,後地小学校敷地,東京都品川区小山２−３６３外７筆,品川区,296063839,3294.87,296063839,0,0,0,0,4124704,市街化区域,第一種住居地域,60,300
財務省,関東財務局,東京財務事務所,一般会計,普通財産,国有財産特別措置法 第３条第１項第１号,旗台小学校敷地,東京都品川区旗の台４−１２６２−１のうち,品川区,499347072,4953.84,499347072,0,0,0,0,9171455,市街化区域,第一種中高層住居専用地域,60,200
財務省,関東財務局,東京財務事務所,一般会計,普通財産,国有財産特別措置法 第３条第１項第１号,延山小学校敷地,東京都品川区西中延２−１８９外１筆,品川区,303713730,3923.95,303713730,0,0,0,0,7470322,市街化区域,第一種中高層住居専用地域 外,60,200
財務省,関東財務局,東京財務事務所,一般会計,普通財産,国有財産特別措置法 第３条第１項第１号,宮前小学校敷地,東京都品川区戸越４−１０４４−１のうち,品川区,229269477,1861.02,229269477,0,0,0,0,3615650,市街化区域,第一種住居地域 外,60,200
財務省,関東財務局,東京財務事務所,一般会計,普通財産,国有財産特別措置法 第３条第１項第１号,大原小学校敷地,東京都品川区戸越６−１６外２筆,品川区,350030400,3646.15,350030400,0,0,0,0,6693110,市街化区域,第一種住居地域,60,200
財務省,関東財務局,東京財務事務所,一般会計,普通財産,国有財産特別措置法 第３条第１項第１号,源氏前小学校敷地,東京都品川区中延６−７９２,品川区,188458570,1193.38,188458570,0,0,0,0,2434492,市街化区域,第一種住居地域,60,200
財務省,関東財務局,東京財務事務所,一般会計,普通財産,国有財産特別措置法 第２条第２項第２号,社会福祉事業施設敷地,東京都目黒区大橋２−２６８−２３　内外,社会福祉法人　愛隣会,64682735,632.77,64682735,0,0,0,0,-,市街化区域,第二種中高層住居専用地域,60,200
財務省,関東財務局,東京財務事務所,一般会計,普通財産,国有財産特別措置法 第３条第１項第１号,指定障害福祉サービス事業所敷地,東京都目黒区大橋２−２６８−２３のうち,目黒区,96653185,625.83,96653185,0,0,0,0,588034,市街化区域,第一種住居地域,60,300
財務省,関東財務局,東京財務事務所,一般会計,普通財産,国有財産特別措置法 第３条第１項第１号,目黒区立第一中学校敷地,東京都目黒区大橋２−６４０−４１のうち外１筆,目黒区,1458031158,14210.83,1458031158,0,0,0,0,37429006,市街化区域,第二種中高層住居専用地域,60,200
財務省,関東財務局,東京財務事務所,一般会計,普通財産,国有財産特別措置法 第３条第１項第１号,目黒区東が丘障害福祉施設運動場敷地,東京都目黒区東が丘１−９４５−８,目黒区,473582949,938.71,473582949,0,0,0,0,3437780,市街化区域,第一種中高層住居専用地域,60,200
財務省,関東財務局,東京財務事務所,一般会計,普通財産,国有財産特別措置法 第３条第１項第１号,都営住宅敷地,東京都目黒区碑文谷５−９８−１,東京都,161383646,1209.35,161383646,0,0,0,0,3165404,市街化区域,第二種住居地域,60,200
財務省,関東財務局,東京財務事務所,一般会計,普通財産,国有財産特別措置法 第３条第１項第１号,区立第１１中学校敷地,東京都目黒区緑が丘１−３０７０−４,目黒区,501743088,6335.14,501743088,0,0,0,0,12632414,市街化区域,第一種中高層住居専用地域,60,200
財務省,関東財務局,東京財務事務所,一般会計,普通財産,国有財産特別措置法 第３条第１項第１号,区立桜丘中学校敷地及び認可保育所敷地,東京都世田谷区桜丘２−２６３６−７,世田谷区,1247096016,16898.32,1247096016,0,0,0,0,33500327,市街化区域,第二種中高層住居専用地域,60,200
財務省,関東財務局,東京財務事務所,一般会計,普通財産,国有財産特別措置法 第３条第１項第１号,区立三宿中学校敷地,東京都世田谷区太子堂１−２−１外,世田谷区,2149227486,22528.59,2149227486,0,0,0,0,48508625,市街化区域,第一種中高層住居専用地域,60,200
財務省,関東財務局,東京財務事務所,一般会計,普通財産,国有財産特別措置法 第３条第１項第１号,区立学校給食太子堂調理場敷地,東京都世田谷区太子堂１−２−４外,世田谷区,367262287,2983.50,367262287,0,0,0,0,7098750,市街化区域,第一種中高層住居専用地域,60,200
財務省,関東財務局,東京財務事務所,一般会計,普通財産,国有財産特別措置法 第３条第１項第１号,都営下馬アパート敷地,東京都世田谷区下馬２−５５−３１外１筆,東京都,110805292,843.66,110805292,0,0,0,0,774475,市街化区域,第一種中高層住居専用地域,60,200
財務省,関東財務局,東京財務事務所,一般会計,普通財産,国有財産特別措置法 第３条第１項第１号,区立多聞小学校敷地,東京都世田谷区三宿２−２４１−１,世田谷区,439366121,4010.63,439366121,0,0,0,0,8234116,市街化区域,第一種中高層住居専用地域,60,200
財務省,関東財務局,東京財務事務所,一般会計,普通財産,国有財産特別措置法 第３条第１項第１号,区立太子堂小学校敷地,東京都世田谷区太子堂５−２０1−１外３筆,世田谷区,363029759,2566.46,363029759,0,0,0,0,5656617,市街化区域,第一種住居地域,60,200
財務省,関東財務局,東京財務事務所,一般会計,普通財産,国有財産特別措置法 第３条第１項第１号,区立若林児童館敷地,東京都世田谷区若林５−３３９−２,世田谷区,94941406,550.01,94941406,0,0,0,0,2103816,市街化区域,第二種中高層住居専用地域,60,200
財務省,関東財務局,東京財務事務所,一般会計,普通財産,国有財産特別措置法 第３条第１項第１号,区立若林小学校敷地,東京都世田谷区若林５−６２５−１,世田谷区,180633047,1251.06,180633047,0,0,0,0,2350402,市街化区域,第一種中高層住居専用地域,60,200
財務省,関東財務局,東京財務事務所,一般会計,普通財産,国有財産特別措置法 第３条第１項第１号,区立桜小学校敷地,東京都世田谷区世田谷２−２９５−１,世田谷区,115083958,1236.15,115083958,0,0,0,0,2948866,市街化区域,第一種中高層住居専用地域,60,200
財務省,関東財務局,東京財務事務所,一般会計,普通財産,国有財産特別措置法 第３条第１項第１号,区立守山小学校敷地,東京都世田谷区代田６−１０２４−１外１筆,世田谷区,49963370,939.49,49963370,0,0,0,0,1750118,市街化区域,第一種低層住居専用地域,50,100
財務省,関東財務局,東京財務事務所,一般会計,普通財産,国有財産特別措置法 第３条第１項第１号,区立東大原小学校敷地,東京都世田谷区大原１−１０６０−１２外２筆,世田谷区,330389583,1915.09,330389583,0,0,0,0,4570022,市街化区域,第一種低層住居専用地域,50,150
財務省,関東財務局,東京財務事務所,一般会計,普通財産,国有財産特別措置法 第３条第１項第１号,区立松沢小学校敷地,東京都世田谷区赤堤４−９０２−２,世田谷区,765950750,8214.83,765950750,0,0,0,0,23424791,市街化区域,第一種中高層住居専用地域,60,200
財務省,関東財務局,東京財務事務所,一般会計,普通財産,国有財産特別措置法 第３条第１項第１号,区立中里小学校敷地,東京都世田谷区三軒茶屋１−４３１,世田谷区,263451892,2081.61,263451892,0,0,0,0,4602588,市街化区域,第一種中高層住居専用地域,60,200
財務省,関東財務局,東京財務事務所,一般会計,普通財産,国有財産特別措置法 第３条第１項第１号,区立駒沢小学校敷地,東京都世田谷区駒沢２−９８８−１外６筆,世田谷区,552267720,6669.90,552267720,0,0,0,0,13696468,市街化区域,第一種中高層住居専用地域,60,200
財務省,関東財務局,東京財務事務所,一般会計,普通財産,国有財産特別措置法 第３条第１項第１号,区立八幡小学校敷地,東京都世田谷区玉川田園調布２−２９１−１,世田谷区,389056662,4238.09,389056662,0,0,0,0,9553516,市街化区域,第一種低層住居専用地域,50,100
財務省,関東財務局,東京財務事務所,一般会計,普通財産,国有財産特別措置法 第３条第１項第１号,区立千歳小学校敷地,東京都世田谷区成城　９−１２５７−４,世田谷区,15107361,272.15,15107361,0,0,0,0,224262,市街化区域,第一種低層住居専用地域,40,80
財務省,関東財務局,東京財務事務所,一般会計,普通財産,国有財産特別措置法 第３条第１項第４号,学校施設,東京都世田谷区奥沢７−７２,学校法人　玉川聖学院,274503984,2041.98,274503984,0,0,0,0,-,市街化区域,第一種低層住居専用地域,60,150
財務省,関東財務局,東京財務事務所,一般会計,普通財産,国有財産特別措置法 第３条第１項第１号,中野中学校敷地,東京都中野区中野４−２−６２,中野区,131673774,1600.24,131673774,0,0,0,0,2091710,市街化区域,第一種中高層住居専用地域,60,200
財務省,関東財務局,東京財務事務所,一般会計,普通財産,国有財産特別措置法 第３条第１項第１号,江古田小学校敷地,東京都中野区江古田２−１２３９−１　外５筆,中野区,242004600,4337.00,242004600,0,0,0,0,3164320,市街化区域,第一種低層住居専用地域,60,150
財務省,関東財務局,東京財務事務所,一般会計,普通財産,国有財産特別措置法 第３条第１項第１号,上高田小学校敷地,東京都中野区上高田５−３５−３,中野区,9592314,214.87,9592314,0,0,0,0,90316,市街化区域,第一種低層住居専用地域,60,150
財務省,関東財務局,東京財務事務所,一般会計,普通財産,国有財産特別措置法 第３条第１項第１号,鷺宮小学校敷地,東京都中野区鷺宮３−１６９−１　外４筆,中野区,298785564,5354.58,298785564,0,0,0,0,5076370,市街化区域,第一種低層住居専用地域,50,150
財務省,関東財務局,東京財務事務所,一般会計,普通財産,国有財産特別措置法 第３条第１項第１号,塔山小学校敷地,東京都中野区中央１−５９１−５　外３筆,中野区,529794059,2910.24,529794059,0,0,0,0,4853631,市街化区域,第一種中高層住居専用地域,60,200
財務省,関東財務局,東京財務事務所,一般会計,普通財産,国有財産特別措置法 第３条第１項第１号,桃花小学校敷地,東京都中野区中央５−８６−３　外２筆,中野区,229533984,3355.76,229533984,0,0,0,0,2874379,市街化区域,第一種中高層住居専用地域,60,200
財務省,関東財務局,東京財務事務所,一般会計,普通財産,国有財産特別措置法 第３条第１項第１号,新山小学校敷地,東京都中野区南台４−５外１筆,中野区,693995520,7609.60,693995520,0,0,0,0,7412885,市街化区域,第一種中高層住居専用地域,60,200
財務省,関東財務局,東京財務事務所,一般会計,普通財産,国有財産特別措置法 第３条第１項第１号,中野神明小学校敷地,東京都中野区弥生町４−５０−１,中野区,219403701,1873.18,219403701,0,0,0,0,1722454,市街化区域,第一種中高層住居専用地域,60,200
財務省,関東財務局,東京財務事務所,一般会計,普通財産,国有財産特別措置法 第３条第１項第１号,区立桃井第二小学校敷地,東京都杉並区荻窪５−２２５ 外１筆,杉並区,307880433,2803.23,307880433,0,0,0,0,7040194,市街化区域,第二種住居地域,60,300
財務省,関東財務局,東京財務事務所,一般会計,普通財産,国有財産特別措置法 第３条第１項第１号,区立高井戸小学校敷地,東京都杉並区高井戸西２−２０５６−１　外２筆,杉並区,450246654,6413.77,450246654,0,0,0,0,19556768,市街化区域,第一種低層住居専用地域,60,150
財務省,関東財務局,東京財務事務所,一般会計,普通財産,国有財産特別措置法 第３条第１項第１号,区立高井戸第二小学校敷地,東京都杉並区久我山４−５７−１ 外１筆,杉並区,179225888,1236.74,179225888,0,0,0,0,2547890,市街化区域,第一種低層住居専用地域,50,100
財務省,関東財務局,東京財務事務所,一般会計,普通財産,国有財産特別措置法 第３条第１項第１号,西巣鴨小学校敷地,東京都豊島区西巣鴨１−７６８−１外１筆,豊島区,499172170,6291.05,499172170,0,0,0,0,11681408,市街化区域,第一種中高層住居専用地域,60,300
財務省,関東財務局,東京財務事務所,一般会計,普通財産,国有財産特別措置法 第３条第１項第１号,北区立桐ヶ丘郷小学校,東京都北区桐ケ丘１−１３２０−１９,北区,14988092,127.4,14988092,0,0,0,0,228937,市街化区域,第二種中高層住居専用地域,60,150
財務省,関東財務局,東京財務事務所,一般会計,普通財産,国有財産特別措置法 第３条第１項第１号,公営住宅敷地,東京都北区桐ケ丘１−１３２０−３０,東京都,25088108,4339.89,25088108,0,0,0,0,2969065,市街化区域,第一種中高層住居専用地域,60,200
財務省,関東財務局,東京財務事務所,一般会計,普通財産,国有財産特別措置法 第３条第１項第１号,公営住宅及び保育施設敷地,東京都北区王子本町２−１２−１ 外,東京都,2140561304,21026.96,2140561304,0,0,0,0,22901010,市街化区域,第二種中高層住居専用地域,60,150
財務省,関東財務局,東京財務事務所,一般会計,普通財産,国有財産特別措置法 第３条第１項第１号,公営住宅及び保育所、児童館、資料室等敷地,東京都北区滝野川３−９４−５,東京都,17273143,226.82,17273143,0,0,0,0,206244,市街化区域,第二種中高層住居専用地域,60,200
財務省,関東財務局,東京財務事務所,一般会計,普通財産,国有財産特別措置法 第３条第１項第１号,北区立滝野川第３小学校,東京都北区滝野川１−１２−５外,北区,54675621,1021.02,54675621,0,0,0,0,1469491,市街化区域,第二種中高層住居専用地域,60,150
財務省,関東財務局,東京財務事務所,一般会計,普通財産,国有財産特別措置法 第３条第１項第１号,北区立滝野川第６小学校,東京都北区滝野川５−４４−２ 外,北区,108589829,1138.43,108589829,0,0,0,0,1728408,市街化区域,第二種中高層住居専用地域,60,200
財務省,関東財務局,東京財務事務所,一般会計,普通財産,国有財産特別措置法 第３条第１項第１号,北区立滝野川第２小学校,東京都北区滝野川６−１９−１,北区,410994781,5211.12,410994781,0,0,0,0,8250056,市街化区域,第二種住居地域,60,300
財務省,関東財務局,東京財務事務所,一般会計,普通財産,国有財産特別措置法 第３条第１項第１号,北区立滝野川小学校,東京都北区西ケ原１−１８−１,北区,266975372,2220.62,266975372,0,0,0,0,7020133,市街化区域,第二種中高層住居専用地域,60,150
財務省,関東財務局,東京財務事務所,一般会計,普通財産,国有財産特別措置法 第３条第１項第１号,北区立西ヶ原小学校,東京都北区西ケ原４−１９−６ 外,北区,231717312,3114.48,231717312,0,0,0,0,5250609,市街化区域,第二種中高層住居専用地域,60,200
財務省,関東財務局,東京財務事務所,一般会計,普通財産,国有財産特別措置法 第３条第１項第１号,北区立王子第１小学校,東京都北区王子５−７−１ 外,北区,245769695,3654.71,245769695,0,0,0,0,5019682,市街化区域,第二種住居地域,60,200
財務省,関東財務局,東京財務事務所,一般会計,普通財産,国有財産特別措置法 第３条第１項第１号,北区立王子第２小学校,東京都北区王子本町２−２−１外,北区,186416050,2018.11,186416050,0,0,0,0,3717266,市街化区域,第二種中高層住居専用地域,60,150
財務省,関東財務局,東京財務事務所,一般会計,普通財産,国有財産特別措置法 第３条第１項第１号,北区立王子第五小学校,東京都北区上十条２−２３−２,北区,257701791,2510.04,257701791,0,0,0,0,3978362,市街化区域,第二種住居地域,60,200
財務省,関東財務局,東京財務事務所,一般会計,普通財産,国有財産特別措置法 第３条第１項第１号,北区立荒川小学校,東京都北区中十条３−６−９,北区,3550470,68.42,3550470,0,0,0,0,72005,市街化区域,第一種住居地域,60,200
財務省,関東財務局,東京財務事務所,一般会計,普通財産,国有財産特別措置法 第３条第１項第１号,北区立稲田小学校,東京都北区赤羽南２−１９６−６,北区,4453543,102.47,4453543,0,0,0,0,94464,市街化区域,準工業地域,60,200
財務省,関東財務局,東京財務事務所,一般会計,普通財産,国有財産特別措置法 第３条第１項第１号,北区立なでしこ小学校,東京都北区志茂１−３４−４外,北区,14060907,1169.14,14060907,0,0,0,0,1109395,市街化区域,近隣商業地域,80,400
財務省,関東財務局,東京財務事務所,一般会計,普通財産,国有財産特別措置法 第３条第１項第１号,北区立第４岩淵小学校,東京都北区赤羽３−６１外,北区,18483752,1183.46,18483752,0,0,0,0,1360566,市街化区域,第二種住居地域,60,200
財務省,関東財務局,東京財務事務所,一般会計,普通財産,国有財産特別措置法 第３条第１項第１号,北区立豊川小学校,東京都北区豊島３−１６−１外,北区,304245018,5121.97,304245018,0,0,0,0,11815717,市街化区域,第二種中高層住居専用地域,60,150
財務省,関東財務局,東京財務事務所,一般会計,普通財産,国有財産特別措置法 第３条第１項第１号,北区立堀船小学校,東京都北区堀船２−１１−１４外,北区,4812438,768.59,4812438,0,0,0,0,1078966,市街化区域,第二種住居地域,60,200
財務省,関東財務局,東京財務事務所,一般会計,普通財産,国有財産特別措置法 第３条第１項第１号,北区立滝野川第五小学校,東京都北区昭和町３−３外,北区,476120729,6405.18,476120729,0,0,0,0,10719942,市街化区域,準工業地域,60,300
財務省,関東財務局,東京財務事務所,一般会計,普通財産,国有財産特別措置法 第３条第１項第１号,北区立稲付中学校,東京都北区西ケ丘１−３０外,北区,290066586,2861.74,290066586,0,0,0,0,6743720,市街化区域,第二種低層住居専用地域,60,150
財務省,関東財務局,東京財務事務所,一般会計,普通財産,国有財産特別措置法 第３条第１項第４号,成立学園高等学校及び成立学園中学校敷地,東京都北区東十条６−９−４,学校法人　成立学園,247411737,2105.08,247411737,0,0,0,0,-,市街化区域,準工業地域,60,200
財務省,関東財務局,東京財務事務所,一般会計,普通財産,国有財産特別措置法 第３条第１項第１号,北区立滝野川第４小学校,東京都北区東田端２−５−１ 外,北区,429614081,4462.54,429614081,0,0,0,0,11709467,市街化区域,準工業地域,60,300
財務省,関東財務局,東京財務事務所,一般会計,普通財産,国有財産特別措置法 第３条第１項第１号,区立赤土小学校敷地,東京都荒川区東尾久２−６１４−２外１０筆,荒川区,349958273,3814.47,349958273,0,0,0,0,7023316,市街化区域,準工業地域,80,300
財務省,関東財務局,東京財務事務所,一般会計,普通財産,国有財産特別措置法 第３条第１項第１号,第７中学校敷地,東京都荒川区西尾久４−７４３−５外５筆,荒川区,275176333,2916.24,275176333,0,0,0,0,3320018,市街化区域,準工業地域,80,300
財務省,関東財務局,東京財務事務所,一般会計,普通財産,国有財産特別措置法 第３条第１項第１号,区立尾久西小学校敷地,東京都荒川区西尾久５−１１０７−２外１６筆,荒川区,337358511,6556.55,337358511,0,0,0,0,7424487,市街化区域,準工業地域,80,300
財務省,関東財務局,東京財務事務所,一般会計,普通財産,国有財産特別措置法 第３条第１項第１号,第三日暮里小学校及び東日暮里幼稚園敷地,東京都荒川区東日暮里３−２００−２外１筆,荒川区,136650778,1341.41,136650778,0,0,0,0,2429864,市街化区域,準工業地域,60,300
財務省,関東財務局,東京財務事務所,一般会計,普通財産,国有財産特別措置法 第３条第１項第１号,大門小学校敷地,東京都荒川区町屋４−１２５９−１外８筆,荒川区,251432000,4621.55,251432000,0,0,0,0,4941100,市街化区域,準工業地域,80,300
財務省,関東財務局,東京財務事務所,一般会計,普通財産,国有財産特別措置法 第３条第１項第１号,区立第四峡田小学校敷地,東京都荒川区町屋２−６８７外５筆,荒川区,118893404,1703.71,118893404,0,0,0,0,224689,市街化区域,準工業地域,80,300
財務省,関東財務局,東京財務事務所,一般会計,普通財産,国有財産特別措置法 第３条第１項第１号,区立第五峡田小学校敷地,東京都荒川区町屋３−１３４０外９筆,荒川区,245845095,4030.71,245845095,0,0,0,0,4884443,市街化区域,準工業地域,80,300
財務省,関東財務局,東京財務事務所,一般会計,普通財産,国有財産特別措置法 第３条第１項第１号,第二峡田小学校敷地,東京都荒川区荒川２−３０−３外１筆,荒川区,136932005,1892.45,136932005,0,0,0,0,2503397,市街化区域,準工業地域,80,300
財務省,関東財務局,東京財務事務所,一般会計,普通財産,国有財産特別措置法 第３条第１項第１号,区立第２日暮里小学校敷地,東京都荒川区東日暮里５−２−１,荒川区,27710169,304.29,27710169,0,0,0,0,503499,市街化区域,準工業地域,60,400
財務省,関東財務局,東京財務事務所,一般会計,普通財産,国有財産特別措置法 第３条第１項第１号,第六日暮里小学校敷地,東京都荒川区西日暮里６−３５−４,荒川区,200116459,2176.17,200116459,0,0,0,0,3635511,市街化区域,準工業地域,60,400
財務省,関東財務局,東京財務事務所,一般会計,普通財産,国有財産特別措置法 第３条第１項第１号,上板橋第四小学校敷地,東京都板橋区上板橋１−４９６８−２外,板橋区,99904997,1136.36,99904997,0,0,0,0,1493870,市街化区域,第二種住居地域,60,200
財務省,関東財務局,東京財務事務所,一般会計,普通財産,国有財産特別措置法 第３条第１項第１号,板橋区立板橋第６小学校敷地,東京都板橋区大山町１３−２外,板橋区,498030202,5187.15,498030202,0,0,0,0,10157924,市街化区域,第二種住居地域,60,300
財務省,関東財務局,東京財務事務所,一般会計,普通財産,国有財産特別措置法 第３条第１項第１号,板橋第一小学校敷地,東京都板橋区氷川町１１−３,板橋区,81834951,812.42,81834951,0,0,0,0,1346598,市街化区域,第二種住居地域,60,300
財務省,関東財務局,東京財務事務所,一般会計,普通財産,国有財産特別措置法 第３条第１項第１号,志村第二小学校敷地,東京都板橋区志村１−２−５,板橋区,234867754,4371.43,234867754,0,0,0,0,6298655,市街化区域,準工業地域,60,200
財務省,関東財務局,東京財務事務所,一般会計,普通財産,国有財産特別措置法 第３条第１項第１号,上板橋小学校敷地,東京都板橋区東山町４７−６,板橋区,72806505,658.27,72806505,0,0,0,0,978227,市街化区域,第二種中高層住居専用地域,60,200
財務省,関東財務局,東京財務事務所,一般会計,普通財産,国有財産特別措置法 第３条第１項第１号,公営住宅等敷地,東京都板橋区新河岸２−４８０３−７外,東京都,12242455,253.24,12242455,0,0,0,0,94350,市街化区域,第二種住居地域,60,200
財務省,関東財務局,東京財務事務所,一般会計,普通財産,国有財産特別措置法 第３条第１項第１号,板橋第２小学校敷地,東京都板橋区板橋２−５２−５,板橋区,168243264,1987.00,168243264,0,0,0,0,3634226,市街化区域,第二種住居地域,60,300
財務省,関東財務局,東京財務事務所,一般会計,普通財産,国有財産特別措置法 第３条第１項第１号,練馬小学校敷地,東京都練馬区春日町６−２８０８−６外３筆,練馬区,6666486,153.64,6666486,0,0,0,0,119075,市街化区域,第一種低層住居専用地域,50,100
財務省,関東財務局,東京財務事務所,一般会計,普通財産,国有財産特別措置法 第３条第１項第１号,開進第二小学校敷地,東京都練馬区桜台５−５９５３−１のうち,練馬区,372146688,6460.88,372146688,0,0,0,0,11251216,市街化区域,第一種低層住居専用地域,50,100
財務省,関東財務局,東京財務事務所,一般会計,普通財産,国有財産特別措置法 第３条第１項第１号,豊玉小学校敷地,東京都練馬区豊玉中４−２−６外１筆,練馬区,97962288,1034.81,97962288,0,0,0,0,2028647,市街化区域,第一種低層住居専用地域 外,60,200
財務省,関東財務局,東京財務事務所,一般会計,普通財産,国有財産特別措置法 第３条第１項第１号,旭丘小学校敷地,東京都練馬区旭丘２−２０−２９先外１筆,練馬区,20336622,599.2,20336622,0,0,0,0,558752,市街化区域,第一種中高層住居専用地域,60,200
財務省,関東財務局,東京財務事務所,一般会計,普通財産,国有財産特別措置法 第３条第１項第１号,公営住宅敷地,東京都足立区島根４−７９−２外,東京都,7191373,196.93,7191373,0,0,0,0,59320,市街化区域,第一種中高層住居専用地域,60,200
財務省,関東財務局,東京財務事務所,一般会計,普通財産,国有財産特別措置法 第３条第１項第１号,区立東島根中学校敷地,東京都足立区平野１−２０１２−５,足立区,3465164,113.11,3465164,0,0,0,0,43799,市街化区域,第一種低層住居専用地域,40,80
財務省,関東財務局,東京財務事務所,一般会計,普通財産,国有財産特別措置法 第３条第１項第１号,区立葛西中学校敷地,東京都江戸川区中葛西２−７９９−２先外１筆,江戸川区,18294055,369.49,18294055,0,0,0,0,121244,市街化区域,第一種住居地域,60,200
財務省,関東財務局,東京財務事務所,一般会計,普通財産,国有財産特別措置法 第３条第１項第１号,区立第二松江小学校敷地,東京都江戸川区松島２−２０１２−３外２筆,江戸川区,44208087,899.58,44208087,0,0,0,0,518877,市街化区域,第一種住居地域,60,200
財務省,関東財務局,東京財務事務所,一般会計,普通財産,国有財産特別措置法 第３条第１項第１号,区立篠崎第三小学校敷地,東京都江戸川区東篠崎１−３９−３６外５筆,江戸川区,40337960,1508.57,40337960,0,0,0,0,252203,市街化区域,第一種住居地域,60,200
財務省,関東財務局,東京財務事務所,一般会計,普通財産,国有財産特別措置法 第３条第１項第１号,区立平井小学校敷地,東京都江戸川区平井６−３５−７,江戸川区,11757266,135.82,11757266,0,0,0,0,71838,市街化区域,第一種住居地域,60,300
財務省,関東財務局,東京財務事務所,一般会計,普通財産,国有財産特別措置法 第３条第１項第１号,区立南篠崎小学校敷地,東京都江戸川区南篠崎町４−１０７−１先外１筆,江戸川区,27014204,435.83,27014204,0,0,0,0,123615,市街化区域,第一種中高層住居専用地域,60,150
財務省,関東財務局,東京財務事務所,一般会計,普通財産,国有財産特別措置法 第３条第１項第１号,区立篠崎第五小学校敷地,東京都江戸川区北篠崎２−２９７先外１筆,江戸川区,14965792,600.78,14965792,0,0,0,0,170402,市街化区域,第一種中高層住居専用地域,60,150
財務省,関東財務局,東京財務事務所,一般会計,普通財産,国有財産特別措置法 第３条第１項第１号,区立鹿骨中学校敷地,東京都江戸川区鹿骨２−１１２先,江戸川区,18801721,714.49,18801721,0,0,0,0,191935,市街化区域,第一種中高層住居専用地域,60,150
財務省,関東財務局,東京財務事務所,一般会計,普通財産,国有財産特別措置法 第３条第１項第１号,保健所出張所及び職員公舎敷地,東京都小笠原村父島字清瀬８４番１外１筆,東京都,72548108,3692.24,72548108,0,0,0,0,1325634,非線引,都市計画用途地域指定なし,70,200
財務省,関東財務局,東京財務事務所,一般会計,普通財産,国有財産特別措置法 第３条第１項第１号,二見台都営住宅敷地,東京都小笠原村父島字清瀬８５番,東京都,39050169,2218.80,39050169,0,0,0,0,578582,非線引,都市計画用途地域指定なし,70,200
財務省,関東財務局,東京財務事務所,一般会計,普通財産,小笠原諸島振興開発特別措置法 第１３条,東京都小笠原水産センター及び漁業無線施設敷地,東京都小笠原村父島字清瀬３０番のうち,東京都,5946260,266.05,5946260,0,0,0,0,56259,非線引,都市計画用途地域指定なし,70,200
財務省,関東財務局,東京財務事務所,一般会計,普通財産,国有財産特別措置法 第３条第１項第１号,住宅敷地,東京都小笠原村父島字奥村３０,東京都,56523064,4858.70,56523064,0,0,0,0,626667,非線引,都市計画用途地域指定なし,70,200
財務省,関東財務局,東京財務事務所,一般会計,普通財産,小笠原諸島振興開発特別措置法 第１３条,一時宿泊所敷地,東京都小笠原村父島字奥村３６,小笠原村,4700579,404.06,4700579,0,0,0,0,53324,非線引,都市計画用途地域指定なし,70,200
財務省,関東財務局,東京財務事務所,一般会計,普通財産,国有財産特別措置法 第３条第１項第１号,都営住宅敷地,東京都小笠原村父島字清瀬９７−１外１筆,東京都,180985533,10434.87,180985533,0,0,0,0,3012197,非線引,都市計画用途地域指定なし,70,200
財務省,関東財務局,東京財務事務所,一般会計,普通財産,国有財産特別措置法 第３条第１項第４号,母子生活支援施設及び保育所敷地,東京都世田谷区赤堤１−１９０５−１,社会福祉法人　河田母子厚生会,108507836,664.44,108507836,0,0,0,0,-,市街化区域,第一種低層住居専用地域,50,100
財務省,関東財務局,東京財務事務所,一般会計,普通財産,国有財産特別措置法 第３条第１項第１号,区立奥沢小学校敷地,東京都世田谷区奥沢３−２８２−３,世田谷区,248767750,1841.66,248767750,0,0,0,0,4425175,市街化区域,第一種低層住居専用地域,50,100
財務省,関東財務局,東京財務事務所,一般会計,普通財産,国有財産特別措置法 第３条第１項第４号,特別養護老人ホーム等敷地,東京都世田谷区深沢１−２９−４,社会福祉法人老後を幸せにする会,717357938,4180.13,717310308,0,0,0,28811,-,市街化区域,第一種低層住居専用地域,50,100
財務省,関東財務局,東京財務事務所,一般会計,普通財産,国有財産特別措置法 第３条第１項第１号,北区立田端小学校,東京都北区田端５−４−２,北区,200607057,1904.97,200607057,0,0,0,0,2238205,市街化区域,第一種住居地域,60,300
財務省,関東財務局,東京財務事務所立川出張所,一般会計,普通財産,国有財産特別措置法 第３条第１項第１号,市立清水小学校敷地,東京都八王子市中野山王３−２８７８−１,八王子市,8733966,736.33,8733966,0,0,0,0,131073,市街化区域,第一種中高層住居専用地域,60,200
財務省,関東財務局,東京財務事務所立川出張所,一般会計,普通財産,国有財産特別措置法 第３条第１項第１号,市立けやき台小学校敷地,東京都立川市若葉町１−１３−１４,立川市,5248418,163.66,5248418,0,0,0,0,113276,市街化区域,第一種中高層住居専用地域,60,200
財務省,関東財務局,東京財務事務所立川出張所,一般会計,普通財産,国有財産特別措置法 第３条第１項第１号,市立第８中学校敷地,東京都立川市富士見町７−８０−１先外,立川市,11204605,427.83,11204605,0,0,0,0,235395,市街化区域,第一種住居地域,60,200
財務省,関東財務局,東京財務事務所立川出張所,一般会計,普通財産,国有財産特別措置法 第３条第１項第１号,市立第６小学校敷地,東京都立川市羽衣町２−２７−５,立川市,64874140,1604.20,64874140,0,0,0,0,1648791,市街化区域,第一種低層住居専用地域,40,80
財務省,関東財務局,東京財務事務所立川出張所,一般会計,普通財産,国有財産特別措置法 第３条第１項第１号,市立高山小学校敷地,東京都三鷹市牟礼４−７４０−２先,三鷹市,15994206,313.13,15994206,0,0,0,0,299852,市街化区域,第一種中高層住居専用地域,50,150
財務省,関東財務局,東京財務事務所立川出張所,一般会計,普通財産,国有財産特別措置法 第３条第１項第４号,幼稚園敷地,東京都青梅市河辺町７−２−３,学校法人　久山学園,37374956,699.12,37374956,0,0,0,0,-,市街化区域,第一種中高層住居専用地域,60,200
財務省,関東財務局,東京財務事務所立川出張所,一般会計,普通財産,国有財産特別措置法 第３条第１項第１号,市立富士見丘小学校,東京都昭島市福島町字西野道上８９０外のうち,昭島市,1024724400,24398.20,1024724400,0,0,0,0,28244472,市街化区域,第一種中高層住居専用地域,60,200
財務省,関東財務局,東京財務事務所立川出張所,一般会計,普通財産,国有財産特別措置法 第３条第１項第４号,社会福祉事業施設敷地,東京都昭島市築地町字仲平２４９−２外のうち,社会福祉法人　恩賜財団　東京都同胞援護会,417247491,9769.56,417247491,0,0,0,0,-,市街化区域,第一種中高層住居専用地域,60,200
財務省,関東財務局,東京財務事務所立川出張所,一般会計,普通財産,国有財産特別措置法 第３条第１項第１号,富士見学童保育所敷地,東京都昭島市福島町字西野道上８９０のうち,昭島市,21262953,383.89,21262953,0,0,0,0,661414,市街化区域,第一種中高層住居専用地域,60,200
財務省,関東財務局,東京財務事務所立川出張所,一般会計,普通財産,国有財産特別措置法 第３条第１項第１号,市立東小学校敷地,東京都昭島市東町２−１１９−２８のうち,昭島市,946749024,20762.04,946749024,0,0,0,0,26874780,市街化区域,第一種中高層住居専用地域,60,200
財務省,関東財務局,東京財務事務所立川出張所,一般会計,普通財産,国有財産特別措置法 第３条第１項第１号,市立昭和中学校敷地,東京都昭島市東町２−１１９−１１のうち,昭島市,1208353536,25819.52,1208353536,0,0,0,0,35287529,市街化区域,第一種中高層住居専用地域,60,200
財務省,関東財務局,東京財務事務所立川出張所,一般会計,普通財産,国有財産特別措置法 第３条第１項第１号,昭島市学校給食共同調理場敷地,東京都昭島市東町２−１１９−２８のうち,昭島市,203573468,3288.59,203573468,0,0,0,0,4322043,市街化区域,第一種中高層住居専用地域,60,200
財務省,関東財務局,東京財務事務所立川出張所,一般会計,普通財産,国有財産特別措置法 第３条第１項第１号,市立図書館敷地,東京都昭島市東町２−１１９−７,昭島市,80948047,1624.17,80948047,0,0,0,0,2801730,市街化区域,第二種中高層住居専用地域,60,200
財務省,関東財務局,東京財務事務所立川出張所,一般会計,普通財産,国有財産特別措置法 第３条第１項第１号,市立深大寺小学校及び放課後児童クラブ敷地,東京都調布市深大寺元町５−１６−２０外８筆,調布市,50450246,590.54,50450246,0,0,0,0,395946,市街化区域,第一種低層住居専用地域,40,80
財務省,関東財務局,東京財務事務所立川出張所,一般会計,普通財産,国有財産特別措置法 第３条第１項第１号,市立杉森小学校敷地,東京都調布市染地２−２５−４先外１筆,調布市,12139142,350.93,12139142,0,0,0,0,247500,市街化区域,第一種低層住居専用地域,40,80
財務省,関東財務局,東京財務事務所立川出張所,一般会計,普通財産,国有財産特別措置法 第２条第２項第２号,学童保育室敷地,東京都町田市三輪町字２号８２−６のうち,社会福祉法人　三輪愛光会,5893721,56.8,5893721,0,0,0,0,-,市街化区域,第一種低層住居専用地域,40,80
財務省,関東財務局,東京財務事務所立川出張所,一般会計,普通財産,国有財産特別措置法 第３条第１項第１号,市立小金井第１中学校敷地,東京都小金井市桜町２−２８２３−１のうち,小金井市,1628538912,27696.24,1628538912,0,0,0,0,27686235,市街化区域,第一種中高層住居専用地域,50,150
財務省,関東財務局,東京財務事務所立川出張所,一般会計,普通財産,国有財産特別措置法 第３条第１項第１号,学童保育所敷地,東京都小金井市桜町２−２８２３−１のうち,小金井市,41562000,415.62,41562000,0,0,0,0,823391,市街化区域,第一種中高層住居専用地域,50,150
財務省,関東財務局,東京財務事務所立川出張所,一般会計,普通財産,国有財産特別措置法 第３条第１項第１号,市立小金井第２小学校敷地,東京都小金井市桜町２−２８２３−１のうち,小金井市,905584200,15093.07,905584200,0,0,0,0,14625226,市街化区域,第一種低層住居専用地域,30,60
財務省,関東財務局,東京財務事務所立川出張所,一般会計,普通財産,国有財産特別措置法 第３条第１項第１号,消防ポンプ自動車車庫敷地,東京都小金井市貫井北町３−８８１−６のうち,小金井市,14812321,169.56,14812321,0,0,0,0,485840,市街化区域,第一種中高層住居専用地域,60,200
財務省,関東財務局,東京財務事務所立川出張所,一般会計,普通財産,国有財産特別措置法 第３条第１項第１号,日野第３小学校敷地及び放課後児童クラブ,東京都日野市日野台２−１−１０外,日野市,234055677,7880.70,234055677,0,0,0,0,3886672,市街化区域,第一種低層住居専用地域,40,80
財務省,関東財務局,東京財務事務所立川出張所,一般会計,普通財産,国有財産特別措置法 第３条第１項第１号,市立日野第一中学校敷地,東京都日野市日野本町７−７−８先,日野市,1628102,68.56,1628102,0,0,0,0,16883,市街化区域,第一種低層住居専用地域,40,80
財務省,関東財務局,東京財務事務所立川出張所,一般会計,普通財産,国有財産特別措置法 第３条第１項第１号,市立東光寺小学校敷地,東京都日野市新町３−３０−１先外,日野市,5087322,233.71,5087322,0,0,0,0,52795,市街化区域,第一種低層住居専用地域,40,80
財務省,関東財務局,東京財務事務所立川出張所,一般会計,普通財産,国有財産特別措置法 第３条第１項第４号,社会福祉事業施設敷地（軽費老人ホ−ム）,東京都東村山市富士見町２−１−２外,社会福祉法人　東京蒼生会,69361507,738.96,69361507,0,0,0,0,-,市街化区域,第一種中高層住居専用地域,60,200
財務省,関東財務局,東京財務事務所立川出張所,一般会計,普通財産,国有財産特別措置法 第３条第１項第１号,福生病院敷地,東京都福生市加美平１−６−１外１筆,福生病院組合,423160848,13060.52,423160848,0,0,0,0,14229743,市街化区域,第一種中高層住居専用地域,60,200
財務省,関東財務局,東京財務事務所立川出張所,一般会計,普通財産,国有財産特別措置法 第３条第１項第１号,消防器具置場,東京都清瀬市元町２−２７４−１のうち,清瀬市,1947008,44.06,1947008,0,0,0,0,61006,市街化区域,第二種中高層住居専用地域,60,200
財務省,関東財務局,東京財務事務所立川出張所,一般会計,普通財産,国有財産特別措置法 第３条第１項第１号,市立第３小学校敷地,東京都武蔵村山市中藤１−３６−１５,武蔵村山市,14443856,462.8,14443856,0,0,0,0,310966,市街化区域,第一種低層住居専用地域,40,80
財務省,関東財務局,横浜財務事務所,一般会計,普通財産,国有財産特別措置法 第３条第１項第１号,市立老松中学校敷地,神奈川県横浜市西区老松町６３−１３のうち,横浜市,30513290,1242.48,30513290,0,0,0,0,1013175,市街化区域,第二種中高層住居専用地域,60,150
財務省,関東財務局,横浜財務事務所,一般会計,普通財産,国有財産特別措置法 第３条第１項第１号,市立太田小学校敷地及び放課後児童クラブ敷地,神奈川県横浜市南区三春台４１−１９,横浜市,45499346,806.04,45499346,0,0,0,0,1021993,市街化区域,第一種住居地域,60,200
財務省,関東財務局,横浜財務事務所,一般会計,普通財産,国有財産特別措置法 第３条第１項第１号,市立藤の木中学校敷地,神奈川県横浜市南区大岡４丁目１６３８−１４　外１筆,横浜市,603677372,17150.51,603677372,0,0,0,0,21243198,市街化区域,第一種低層住居専用地域,60,100
財務省,関東財務局,横浜財務事務所,一般会計,普通財産,国有財産特別措置法 第３条第１項第１号,市立大学敷地,神奈川県横浜市金沢区瀬戸４２４９−２０外,公立大学法人横浜市立大学,3046712040,84630.89,3046712040,0,0,0,0,69069102,市街化区域,第一種中高層住居専用地域,60,150
財務省,関東財務局,横浜財務事務所,一般会計,普通財産,国有財産特別措置法 第３条第１項第１号,市立金沢高等学校敷地,神奈川県横浜市金沢区瀬戸４２４９−２７外３筆,横浜市,1135132416,39414.32,1135132416,0,0,0,0,32933554,市街化区域,第一種中高層住居専用地域,60,150
財務省,関東財務局,横浜財務事務所,一般会計,普通財産,国有財産特別措置法 第３条第１項第１号,市立金沢中学校敷地,神奈川県横浜市金沢区釜利谷東１−２８７−４３９外,横浜市,1666981008,42095.48,1666981008,0,0,0,0,41114004,市街化区域,第一種中高層住居専用地域,60,150
財務省,関東財務局,横浜財務事務所,一般会計,普通財産,国有財産特別措置法 第３条第１項第１号,市営文庫住宅敷地,神奈川県横浜市金沢区釜利谷東１−２８７−３６外,横浜市,618666833,8972.86,618666833,0,0,0,0,5339358,市街化区域,第一種中高層住居専用地域,60,150
財務省,関東財務局,横浜財務事務所,一般会計,普通財産,国有財産特別措置法 第３条第１項第４号,横浜創学館高等学校敷地,神奈川県横浜市金沢区追浜本町２−３３−７外,学校法人　翔光学園,289308643,9548.14,289308642,0,0,0,1,-,市街化区域,第二種中高層住居専用地域,60,200
財務省,関東財務局,横浜財務事務所,一般会計,普通財産,国有財産特別措置法 第３条第１項第１号,関東学院六浦小学校外敷地,神奈川県横浜市金沢区六浦東１−１５６−２２外,学校法人　関東学院,222465862,5639.86,222465862,0,0,0,0,-,市街化区域,第一種中高層住居専用地域,60,150
財務省,関東財務局,横浜財務事務所,一般会計,普通財産,国有財産特別措置法 第３条第１項第１号,市立大正中学校敷地,神奈川県横浜市戸塚区原宿４−１９７外４筆,横浜市,530650080,18425.35,530650080,0,0,0,0,10458521,市街化区域,第一種中高層住居専用地域,60,150
財務省,関東財務局,横浜財務事務所,一般会計,普通財産,国有財産特別措置法 第３条第１項第１号,市立本郷中学校敷地,神奈川県横浜市栄区桂町字平島１１７−１２外２３筆,横浜市,649700982,19510.54,649700982,0,0,0,0,29280472,市街化区域,第一種住居地域,60,200
財務省,関東財務局,横浜財務事務所,一般会計,普通財産,国有財産特別措置法 第３条第１項第１号,市立西本郷小学校敷地,神奈川県横浜市栄区小菅ケ谷２−１７５０−３のうち,横浜市,38906355,1140.49,38906355,0,0,0,0,1063910,市街化区域,第一種低層住居専用地域,50,100
財務省,関東財務局,横浜財務事務所,一般会計,普通財産,国有財産特別措置法 第３条第１項第１号,市立中田小学校敷地,神奈川県横浜市泉区中田南４−１０１７外４筆,横浜市,1031169408,26853.37,1031169408,0,0,0,0,24186544,市街化区域,第一種低層住居専用地域,50,100
財務省,関東財務局,横浜財務事務所,一般会計,普通財産,国有財産特別措置法 第３条第１項第１号,市立山内中学校敷地,神奈川県横浜市青葉区美しが丘５−４,横浜市,2361340800,28938.00,2361340800,0,0,0,0,32608811,市街化区域,第一種低層住居専用地域,50,80
財務省,関東財務局,横浜財務事務所,一般会計,普通財産,国有財産特別措置法 第３条第１項第１号,市立南河原中学校敷地,神奈川県川崎市幸区中幸町４−３１外,川崎市,974071006,8607.43,974071006,0,0,0,0,20047188,市街化区域,商業地域,80,400
財務省,関東財務局,横浜財務事務所,一般会計,普通財産,国有財産特別措置法 第３条第１項第１号,市立聾学校敷地,神奈川県川崎市中原区上小田中３−１１２６−２先外,川崎市,21253903,226.34,21253903,0,0,0,0,167337,市街化区域,第一種住居地域,60,200
財務省,関東財務局,横浜財務事務所,一般会計,普通財産,国有財産特別措置法 第３条第１項第１号,市立住吉小学校敷地,神奈川県川崎市中原区木月祗園町３０９,川崎市,306750,241.32,306750,0,0,0,0,220095,市街化区域,第一種中高層住居専用地域,60,200
財務省,関東財務局,横浜財務事務所,一般会計,普通財産,国有財産特別措置法 第３条第１項第４号,保育所敷地,神奈川県川崎市中原区上丸子山王町２−１３３６−５,社会福祉法人　多摩福祉会,87577776,770.31,87577776,0,0,0,0,-,市街化区域,第一種住居地域,60,200
財務省,関東財務局,横浜財務事務所,一般会計,普通財産,国有財産特別措置法 第３条第１項第１号,消防器具置場敷地,神奈川県川崎市高津区上作延字原間谷４２４−７,川崎市,4958194,74.96,4958194,0,0,0,0,187919,市街化区域,第二種中高層住居専用地域,60,200
財務省,関東財務局,横浜財務事務所,一般会計,普通財産,国有財産特別措置法 第３条第１項第４号,保育所敷地,神奈川県川崎市多摩区寺尾台１−１−１９,社会福祉法人　厚生館福祉会,56179476,996.09,56179476,0,0,0,0,-,市街化区域,第一種低層住居専用地域,40,80
財務省,関東財務局,横浜財務事務所,一般会計,普通財産,国有財産特別措置法 第３条第１項第１号,市立向丘中学校敷地,神奈川県川崎市宮前区神木本町５−２２３−２３,川崎市,451384884,12970.83,451384884,0,0,0,0,14767121,市街化区域,第二種中高層住居専用地域,60,200
財務省,関東財務局,横浜財務事務所,一般会計,普通財産,国有財産特別措置法 第３条第１項第１号,市立港小学校敷地,神奈川県平塚市夕陽ケ丘２２−３外,平塚市,775045584,17940.87,775045584,0,0,0,0,14602867,市街化区域,第一種中高層住居専用地域,60,200
財務省,関東財務局,横浜財務事務所,一般会計,普通財産,国有財産特別措置法 第３条第１項第１号,市立太洋中学校敷地,神奈川県平塚市高浜台７−３外,平塚市,724519872,17757.84,724519872,0,0,0,0,16997125,市街化区域,第一種中高層住居専用地域,60,200
財務省,関東財務局,横浜財務事務所,一般会計,普通財産,国有財産特別措置法 第３条第１項第１号,県立平塚盲学校敷地,神奈川県平塚市追分１５１９−１５　外,神奈川県,213428583,15072.64,213428583,0,0,0,0,7097784,市街化区域,第一種住居地域,60,200
財務省,関東財務局,横浜財務事務所,一般会計,普通財産,国有財産特別措置法 第３条第１項第１号,県立平塚ろう学校敷地,神奈川県平塚市大原１６０４−１外,神奈川県,668335584,19890.94,668335584,0,0,0,0,13918969,市街化区域,第一種住居地域,60,200
財務省,関東財務局,横浜財務事務所,一般会計,普通財産,国有財産特別措置法 第３条第１項第１号,市立大野中学校敷地,神奈川県平塚市東中原１−２６５６−１,平塚市,695769888,26354.92,695769888,0,0,0,0,15286831,市街化区域,第一種中高層住居専用地域,60,200
財務省,関東財務局,横浜財務事務所,一般会計,普通財産,国有財産特別措置法 第３条第１項第１号,市立松が丘小学校敷地,神奈川県平塚市東中原１−２６５６−４,平塚市,312519504,11837.86,312519504,0,0,0,0,7014717,市街化区域,第一種中高層住居専用地域,60,200
財務省,関東財務局,横浜財務事務所,一般会計,普通財産,国有財産特別措置法 第３条第１項第１号,市立大船中学校敷地,神奈川県鎌倉市大船４−４２６−１外７５筆,鎌倉市,1624181208,31476.38,1624181208,0,0,0,0,21548661,市街化区域,第一種中高層住居専用地域,60,200
財務省,関東財務局,横浜財務事務所,一般会計,普通財産,国有財産特別措置法 第３条第１項第１号,市立七里ガ浜小学校敷地,神奈川県鎌倉市七里ケ浜１−２１３７−４先,鎌倉市,23032084,471.34,23032084,0,0,0,0,125854,市街化区域,第二種住居地域,60,200
財務省,関東財務局,横浜財務事務所,一般会計,普通財産,国有財産特別措置法 第３条第１項第１号,市立富士塚小学校敷地,神奈川県鎌倉市上屋町字谷戸８１０先外１筆,鎌倉市,6419198,134.41,6419198,0,0,0,0,57612,市街化区域,第二種住居地域,60,200
財務省,関東財務局,横浜財務事務所,一般会計,普通財産,国有財産特別措置法 第３条第１項第１号,市立千代中学校敷地,神奈川県小田原市千代字大繩上７９５外,小田原市,25202496,1369.65,25202496,0,0,0,0,443611,市街化調整区域,都市計画用途地域指定なし,50,100
財務省,関東財務局,横浜財務事務所,一般会計,普通財産,国有財産特別措置法 第３条第１項第１号,市立西浜小学校敷地,神奈川県茅ケ崎市南湖６−１２９８９−６,茅ヶ崎市,406529712,9410.41,406529712,0,0,0,0,8911547,市街化区域,第一種低層住居専用地域,50,100
財務省,関東財務局,横浜財務事務所,一般会計,普通財産,国有財産特別措置法 第３条第１項第１号,市立北陽中学校敷地,神奈川県茅ケ崎市下寺尾字東方１６４５−２先　外２筆,茅ヶ崎市,9064236,556.01,9064236,0,0,0,0,140883,市街化調整区域,-,60,200
財務省,関東財務局,横浜財務事務所,一般会計,普通財産,国有財産特別措置法 第３条第１項第１号,ひまわり児童遊園敷地,神奈川県相模原市中央区すすきの町２６１６−３,相模原市,133022184,967.61,133022184,0,0,0,0,707580,市街化区域,第一種住居地域,60,200
財務省,関東財務局,横浜財務事務所,一般会計,普通財産,国有財産特別措置法 第３条第１項第１号,市立向陽こどもセンタ−敷地,神奈川県相模原市中央区向陽町２６１６−２のうち,相模原市,49090714,918.27,49090714,0,0,0,0,706533,市街化区域,第一種住居地域,60,200
財務省,関東財務局,横浜財務事務所,一般会計,普通財産,国有財産特別措置法 第３条第１項第１号,市立向陽小学校敷地,神奈川県相模原市中央区向陽町２６１６−２のうち,相模原市,954355932,29455.43,954355932,0,0,0,0,13971527,市街化区域,第二種住居地域,60,200
財務省,関東財務局,横浜財務事務所,一般会計,普通財産,国有財産特別措置法 第３条第１項第１号,市立大野北小学校敷地,神奈川県相模原市中央区淵野辺２丁目８８４−２,相模原市,438544380,12601.85,438544380,0,0,0,0,4573824,市街化区域,第一種住居地域,60,200
財務省,関東財務局,横浜財務事務所,一般会計,普通財産,国有財産特別措置法 第３条第１項第１号,市立大野北中学校,神奈川県相模原市中央区淵野辺２丁目８７２−３外１筆,相模原市,1727709120,47991.92,1727709120,0,0,0,0,22238048,市街化区域,第一種住居地域,60,200
財務省,関東財務局,横浜財務事務所,一般会計,普通財産,国有財産特別措置法 第３条第１項第１号,幸町児童館敷地,神奈川県相模原市中央区淵野辺４−９５４−１のうち,相模原市,27667673,565.08,27667673,0,0,0,0,1509576,市街化区域,近隣商業地域,80,200
財務省,関東財務局,横浜財務事務所,一般会計,普通財産,国有財産特別措置法 第３条第１項第１号,県立神奈川総合産業高校敷地,神奈川県相模原市南区文京１−１０５４外,神奈川県,468303624,11478.03,468303624,0,0,0,0,16312183,市街化区域,第二種中高層住居専用地域,60,200
財務省,関東財務局,横浜財務事務所,一般会計,普通財産,国有財産特別措置法 第３条第１項第１号,市立大野南中学校敷地,神奈川県相模原市南区文京１丁目７０３番９,相模原市,1496365080,35627.74,1496365080,0,0,0,0,14188016,市街化区域,第一種中高層住居専用地域,60,200
財務省,関東財務局,横浜財務事務所,一般会計,普通財産,国有財産特別措置法 第３条第１項第１号,市立若草小学校敷地,神奈川県相模原市南区新磯野字磯部向出口２３４５番２　外３筆,相模原市,24150099,396.72,24150099,0,0,0,0,71670,市街化区域,第一種中高層住居専用地域,60,200
財務省,関東財務局,横浜財務事務所,一般会計,普通財産,国有財産特別措置法 第３条第１項第４号,千代田保育園敷地,神奈川県相模原市中央区千代田４−５０７３−３外１筆,社会福祉法人　ふじ福祉会,74525074,1332.66,74525074,0,0,0,0,-,市街化区域,第一種中高層住居専用地域,60,200
財務省,関東財務局,横浜財務事務所,一般会計,普通財産,国有財産特別措置法 第３条第１項第１号,しぶさわ幼稚園及び子育て支援センター敷地,神奈川県秦野市渋沢上１丁目２８３番７　外,秦野市,10050695,811.27,10050695,0,0,0,0,245345,市街化区域,第一種中高層住居専用地域,60,200
財務省,関東財務局,横浜財務事務所,一般会計,普通財産,国有財産特別措置法 第３条第１項第１号,市立渋沢小学校及び放課後児童ホーム敷地,神奈川県秦野市渋沢上１−２４７−２外,秦野市,46639616,3505.13,46639616,0,0,0,0,1363267,市街化区域,第一種中高層住居専用地域,60,200
財務省,関東財務局,横浜財務事務所,一般会計,普通財産,国有財産特別措置法 第３条第１項第１号,市立末広小学校及び放課後児童ホーム敷地,神奈川県秦野市末広町３１２７番３　外１３筆,秦野市,39203096,2698.76,39203096,0,0,0,0,1168456,市街化区域,第一種低層住居専用地域,50,100
財務省,関東財務局,横浜財務事務所,一般会計,普通財産,国有財産特別措置法 第３条第１項第１号,市立すえひろ幼稚園及び子育て支援センター,神奈川県秦野市末広町３１６１−２外,秦野市,4503028,281.19,4503028,0,0,0,0,98136,市街化区域,第一種低層住居専用地域,60,200
財務省,関東財務局,横浜財務事務所,一般会計,普通財産,国有財産特別措置法 第３条第１項第１号,消防団機械器具置場,神奈川県大和市鶴間１−３０６７−２３,大和市,9560791,170.78,9560791,0,0,0,0,400324,市街化区域,第一種中高層住居専用地域,60,200
財務省,関東財務局,横浜財務事務所,一般会計,普通財産,国有財産特別措置法 第３条第１項第１号,市立緑台小学校敷地,神奈川県伊勢原市高森字鍛冶ケ窪４８２先外,伊勢原市,31446462,1457.98,31446462,0,0,0,0,382565,市街化調整区域,都市計画用途地域指定なし,50,100
財務省,関東財務局,横浜財務事務所,一般会計,普通財産,国有財産特別措置法 第３条第１項第１号,老人福祉センタ−敷地,神奈川県伊勢原市大山字上町１９２−３外１０筆,伊勢原市,68836237,4426.94,68836237,0,0,0,0,1797547,市街化調整区域,都市計画用途地域指定なし,60,200
財務省,関東財務局,横浜財務事務所横須賀出張所,一般会計,普通財産,国有財産特別措置法 第２条第２項第３号,児童ディサービス及び居宅等事業施設敷地,神奈川県横須賀市馬堀町２−３５−１９のうち,社会福祉法人　海風会,11547329,124.94,11547329,0,0,0,0,-,市街化区域,第一種中高層住居専用地域,60,200
財務省,関東財務局,横浜財務事務所横須賀出張所,一般会計,普通財産,国有財産特別措置法 第３条第１項第１号,池上小学校敷地（運動場）,神奈川県横須賀市平作８−３５３５−２４,横須賀市,9571058,140.27,9571058,0,0,0,0,125203,市街化区域,第一種中高層住居専用地域,60,200
財務省,関東財務局,横浜財務事務所横須賀出張所,一般会計,普通財産,国有財産特別措置法 第３条第１項第１号,武山中学校敷地（進入路）,神奈川県横須賀市武３丁目,横須賀市,354696,16.1,354696,0,0,0,0,12013,市街化区域,第一種中高層住居専用地域,60,200
財務省,関東財務局,横浜財務事務所横須賀出張所,一般会計,普通財産,国有財産特別措置法 第３条第１項第１号,老人福祉センタ−敷地,神奈川県横須賀市秋谷３−１６０３−１,横須賀市,53405140,603.83,53405140,0,0,0,0,903675,市街化区域,第一種住居地域,60,200
財務省,関東財務局,横浜財務事務所横須賀出張所,一般会計,普通財産,国有財産特別措置法 第３条第１項第１号,逗子中学校敷地,神奈川県逗子市池子４丁目１０９４外,逗子市,924641456,27576.45,924641456,0,0,0,0,19885817,市街化調整区域,-,-,-
財務省,関東財務局,横浜財務事務所横須賀出張所,一般会計,普通財産,国有財産特別措置法 第３条第１項第１号,児童館敷地,神奈川県三浦市南下浦町上宮田字今井原５０６−１７のうち外１筆,三浦市,14057480,433.83,14057480,0,0,0,0,603725,市街化区域,第二種住居地域,60,200
財務省,関東財務局,横浜財務事務所横須賀出張所,一般会計,普通財産,国有財産特別措置法 第３条第１項第１号,剣崎小学校敷地,神奈川県三浦市南下浦町松輪字塚間１９１１−２外,三浦市,12374016,791.58,12374016,0,0,0,0,212205,市街化調整区域,-,-,-
財務省,関東財務局,横浜財務事務所横須賀出張所,一般会計,普通財産,国有財産特別措置法 第３条第１項第１号,上宮田小学校敷地,神奈川県三浦市南下浦町上宮田字道場３０３７番４外６筆,三浦市,7573048,595.6,7573048,0,0,0,0,243388,市街化調整区域,-,-,-
財務省,関東財務局,横浜財務事務所横須賀出張所,一般会計,普通財産,国有財産特別措置法 第３条第１項第１号,南下浦中学校敷地,神奈川県三浦市南下浦町金田字皆ケ久保２０６−１先,三浦市,6359417,279.39,6359417,0,0,0,0,83430,市街化調整区域,都市計画用途地域指定なし,70,400
財務省,関東財務局,千葉財務事務所,一般会計,普通財産,国有財産特別措置法 第３条第１項第１号,椿森中学校敷地,千葉県千葉市中央区椿森４−３８０−１外,千葉市,488705225,17321.10,488705225,0,0,0,0,14399722,市街化区域,第一種中高層住居専用地域,60,200
財務省,関東財務局,千葉財務事務所,一般会計,普通財産,国有財産特別措置法 第３条第１項第１号,市立轟町中学校敷地,千葉県千葉市稲毛区轟町３丁目５７,千葉市,563505000,18783.50,563505000,0,0,0,0,15988689,市街化区域,第一種住居地域,60,200
財務省,関東財務局,千葉財務事務所,一般会計,普通財産,国有財産特別措置法 第３条第１項第１号,市立千葉高等学校敷地,千葉県千葉市稲毛区小仲台９−８７７−３９外,千葉市,408663600,17027.65,408663600,0,0,0,0,12850538,市街化区域,第一種中高層住居専用地域,60,200
財務省,関東財務局,千葉財務事務所,一般会計,普通財産,国有財産特別措置法 第３条第１項第１号,市立園生小学校敷地,千葉県千葉市稲毛区小仲台９−８７７−１のうち,千葉市,475247708,20206.11,475247708,0,0,0,0,13071308,市街化区域,第一種中高層住居専用地域,60,200
財務省,関東財務局,千葉財務事務所,一般会計,普通財産,国有財産特別措置法 第３条第１項第１号,市立小中台小学校敷地,千葉県千葉市稲毛区小中台町８３０−９,千葉市,558145458,15901.58,558145458,0,0,0,0,30367748,市街化区域,第一種中高層住居専用地域,60,200
財務省,関東財務局,千葉財務事務所,一般会計,普通財産,国有財産特別措置法 第３条第１項第１号,市川市立第一中学校敷地,千葉県市川市国府台２−１−１,市川市,797036331,20985.05,797036331,0,0,0,0,15269035,市街化区域,第一種中高層住居専用地域,60,200
財務省,関東財務局,千葉財務事務所,一般会計,普通財産,国有財産特別措置法 第３条第１項第１号,市川市立下貝塚中学校敷地,千葉県市川市下貝塚３−６１２外２筆,市川市,4212716,432.03,4212716,0,0,0,0,88688,市街化調整区域,都市計画用途地域指定なし,50,100
財務省,関東財務局,千葉財務事務所,一般会計,普通財産,国有財産特別措置法 第３条第１項第１号,市川市立南新浜小学校敷地,千葉県市川市新浜１−１７−１先外１筆,市川市,15610228,695.71,15610228,0,0,0,0,356558,市街化区域,第一種低層住居専用地域,50,100
財務省,関東財務局,千葉財務事務所,一般会計,普通財産,国有財産特別措置法 第３条第１項第１号,市川市立東国分中学校敷地,千葉県市川市東国分３−１４８８−６外２筆,市川市,9515787,1119.88,9515787,0,0,0,0,297093,市街化調整区域,都市計画用途地域指定なし,50,100
財務省,関東財務局,千葉財務事務所,一般会計,普通財産,国有財産特別措置法 第３条第１項第１号,市川市立大和田小学校敷地,千葉県市川市大和田１−２７９−１先外,市川市,7345133,269.68,7345133,0,0,0,0,167772,市街化区域,第一種住居地域,60,200
財務省,関東財務局,千葉財務事務所,一般会計,普通財産,国有財産特別措置法 第３条第１項第１号,市立三咲小学校敷地,千葉県船橋市二和東５−１２７−５のうち,船橋市,431570140,22200.11,431570140,0,0,0,0,14425369,市街化区域,第一種中高層住居専用地域,60,200
財務省,関東財務局,千葉財務事務所,一般会計,普通財産,国有財産特別措置法 第３条第１項第１号,三咲第２放課後ルーム敷地,千葉県船橋市二和東５−１２７−５のうち,船橋市,6668697,343.04,6668697,0,0,0,0,318744,市街化区域,第一種中高層住居専用地域,60,200
財務省,関東財務局,千葉財務事務所,一般会計,普通財産,国有財産特別措置法 第３条第１項第１号,三咲放課後ル−ム敷地,千葉県船橋市二和東５−１２７−５のうち,船橋市,3473733,178.69,3473733,0,0,0,0,119939,市街化区域,第一種中高層住居専用地域,60,200
財務省,関東財務局,千葉財務事務所,一般会計,普通財産,国有財産特別措置法 第３条第１項第１号,市立薬円台小学校敷地,千葉県船橋市薬円台４−２６３−１のうち外,船橋市,803555377,25754.98,803555377,0,0,0,0,21540210,市街化区域,第一種住居地域,60,200
財務省,関東財務局,千葉財務事務所,一般会計,普通財産,国有財産特別措置法 第３条第１項第１号,薬円台放課後ル−ム敷地,千葉県船橋市薬円台４−２６３−１のうち,船橋市,5615999,180,5615999,0,0,0,0,146882,市街化区域,第一種住居地域,60,200
財務省,関東財務局,千葉財務事務所,一般会計,普通財産,国有財産特別措置法 第３条第１項第１号,市立飯山満中学校敷地,千葉県船橋市飯山満町２−６９１−１３,船橋市,2549609,238.67,2549609,0,0,0,0,54689,市街化調整区域,都市計画用途地域指定なし,50,100
財務省,関東財務局,千葉財務事務所,一般会計,普通財産,国有財産特別措置法 第３条第１項第１号,市立三山中学校敷地,千葉県船橋市三山６丁目７７２番１地先外,船橋市,12878075,1014.62,12878075,0,0,0,0,331551,市街化区域,第一種住居地域,60,200
財務省,関東財務局,千葉財務事務所,一般会計,普通財産,国有財産特別措置法 第３条第１項第１号,市営住宅敷地,千葉県館山市笠名字割田２５２−３先,館山市,10389442,1277.01,10389442,0,0,0,0,255233,非線引,第一種住居地域,60,200
財務省,関東財務局,千葉財務事務所,一般会計,普通財産,国有財産特別措置法 第３条第１項第１号,市立西岬小学校及び市立西岬幼稚園敷地,千葉県館山市加賀名字天沼１１７番２外,館山市,89689902,15087.07,89689902,0,0,0,0,1658126,非線引,都市計画用途地域指定なし,70,200
財務省,関東財務局,千葉財務事務所,一般会計,普通財産,国有財産特別措置法 第３条第１項第１号,館山総合高校敷地,千葉県館山市新宿字浜畑飛地５９−７先外,千葉県,49191153,5552.54,49191153,0,0,0,0,1604552,非線引,第一種住居地域,60,200
財務省,関東財務局,千葉財務事務所,一般会計,普通財産,国有財産特別措置法 第３条第１項第１号,公営住宅敷地,千葉県館山市那古字下入会１６７５外,館山市,9544310,1360.31,9544310,0,0,0,0,218220,非線引,第一種住居地域,60,200
財務省,関東財務局,千葉財務事務所,一般会計,普通財産,国有財産特別措置法 第３条第１項第１号,博物館敷地,千葉県館山市館山字西大浜１５６４−３,館山市,22204436,1660.40,22204436,0,0,0,0,1163200,非線引,近隣商業地域,60,200
財務省,関東財務局,千葉財務事務所,一般会計,普通財産,国有財産特別措置法 第３条第１項第１号,市立岩根西中学校敷地,千葉県木更津市久津間１丁目３７４−１外,木更津市,10534436,1897.28,10534436,0,0,0,0,196556,市街化調整区域,都市計画用途地域指定なし,60,200
財務省,関東財務局,千葉財務事務所,一般会計,普通財産,国有財産特別措置法 第３条第１項第１号,木更津消防団第６分団第２部詰所敷地,千葉県木更津市中島字新畑３９９２番２,木更津市,1007259,106.43,1007259,0,0,0,0,21017,市街化調整区域,都市計画用途地域指定なし,60,200
財務省,関東財務局,千葉財務事務所,一般会計,普通財産,国有財産特別措置法 第３条第１項第１号,松戸市立旭町小学校及び旭どんぐり放課後児童クラブ敷地,千葉県松戸市旭町１−３２外,松戸市,13726937,1139.29,13726937,0,0,0,0,327071,市街化調整区域,都市計画用途地域指定なし,50,100
財務省,関東財務局,千葉財務事務所,一般会計,普通財産,国有財産特別措置法 第３条第１項第１号,茂原樟陽高校産振校舎敷地,千葉県茂原市新小轡字川久保１０４５のうち外,千葉県,59016614,9275.65,59016614,0,0,0,0,1695620,非線引,工業地域,60,200
財務省,関東財務局,千葉財務事務所,一般会計,普通財産,国有財産特別措置法 第３条第１項第１号,佐倉中学校敷地,千葉県佐倉市城内町字後家曲輪１１７−１８外５筆,佐倉市,40075576,2835.32,40075576,0,0,0,0,1662983,市街化区域,第二種住居地域,60,200
財務省,関東財務局,千葉財務事務所,一般会計,普通財産,国有財産特別措置法 第３条第１項第１号,東金市立東金中学校敷地,千葉県東金市堀上字関ノ上９３番２先外,東金市,16941530,3759.02,16941530,0,0,0,0,625898,非線引,第一種中高層住居専用地域,60,200
財務省,関東財務局,千葉財務事務所,一般会計,普通財産,国有財産特別措置法 第３条第１項第１号,東金市立東中学校敷地,千葉県東金市田間字峯大坪９４２−１先外３筆,東金市,10639718,2146.02,10639718,0,0,0,0,176374,非線引,都市計画用途地域指定なし,60,200
財務省,関東財務局,千葉財務事務所,一般会計,普通財産,国有財産特別措置法 第３条第１項第１号,八千代台西中学校敷地,千葉県八千代市八千代台西７−８−１０,八千代市,380506109,19334.66,380506109,0,0,0,0,10034037,市街化区域,第一種低層住居専用地域,50,100
財務省,関東財務局,千葉財務事務所,一般会計,普通財産,国有財産特別措置法 第３条第１項第１号,富勢中学校敷地,千葉県柏市根戸字高野台４６７−１,柏市,485988788,25632.32,485988788,0,0,0,0,16959734,市街化区域,第一種中高層住居専用地域,60,200
財務省,関東財務局,千葉財務事務所,一般会計,普通財産,国有財産特別措置法 第３条第１項第１号,勝浦幼稚園敷地,千葉県勝浦市墨名字小家名谷７５７−１地先,勝浦市,701228,178.09,701228,0,0,0,0,17801,非線引,第一種住居地域,60,200
財務省,関東財務局,千葉財務事務所,一般会計,普通財産,国有財産特別措置法 第３条第１項第１号,消防施設敷地,千葉県勝浦市守谷字浦之代７６５−２８外１筆,勝浦市,2661262,233.83,2661262,0,0,0,0,62848,非線引,-,-,-
財務省,関東財務局,千葉財務事務所,一般会計,普通財産,国有財産特別措置法 第３条第１項第１号,市立根戸小学校敷地,千葉県我孫子市つくし野四丁目８３１番１のうち外６筆,我孫子市,25032512,2112.52,25032512,0,0,0,0,352575,市街化調整区域,都市計画用途地域指定なし,60,200
財務省,関東財務局,千葉財務事務所,一般会計,普通財産,国有財産特別措置法 第３条第１項第１号,我孫子第一小学校敷地,千葉県我孫子市寿１−２００４−３外,我孫子市,45415170,1455.37,45415170,0,0,0,0,744366,市街化区域,第一種低層住居専用地域,60,150
財務省,関東財務局,千葉財務事務所,一般会計,普通財産,国有財産特別措置法 第３条第１項第４号,文理開成高等学校敷地,千葉県鴨川市横渚字芝８０８−６８外１筆,学校法人　文理開成学園,20599829,2689.83,20599829,0,0,0,0,-,非線引,第一種住居地域,60,200
財務省,関東財務局,千葉財務事務所,一般会計,普通財産,国有財産特別措置法 第３条第１項第１号,鎌ケ谷市立第五中学校敷地,千葉県鎌ケ谷市初富字四本椚７１８−５外３筆,鎌ケ谷市,1735306,772.91,1735306,0,0,0,0,128921,市街化調整区域,都市計画用途地域指定なし,60,200
財務省,関東財務局,千葉財務事務所,一般会計,普通財産,国有財産特別措置法 第３条第１項第１号,千葉県立君津青葉高校敷地,千葉県君津市青柳字西天王原４９−１,千葉県,5811,49.58,5811,0,0,0,0,5114,都市計画区域外,都市計画用途地域指定なし,-,-
財務省,関東財務局,千葉財務事務所,一般会計,普通財産,国有財産特別措置法 第３条第１項第１号,君津市消防団第３２分団機庫敷地,千葉県君津市向郷字堰原１１４０−４のうち,君津市,590351,90.45,590351,0,0,0,0,8440,都市計画区域外,都市計画用途地域指定なし,-,-
財務省,関東財務局,千葉財務事務所,一般会計,普通財産,国有財産特別措置法 第３条第１項第１号,消防施設敷地,千葉県君津市坂田字花ノ井１７５３−１,君津市,5597824,409,5597824,0,0,0,0,274563,市街化区域,第一種中高層住居専用地域,60,200
財務省,関東財務局,千葉財務事務所,一般会計,普通財産,国有財産特別措置法 第３条第１項第１号,富津市消防団第７分団第１部詰所敷地,千葉県富津市湊字浜町１４５−１２,富津市,1386437,295.8,1386437,0,0,0,0,55443,都市計画区域外,都市計画用途地域指定なし,-,-
財務省,関東財務局,千葉財務事務所,一般会計,普通財産,国有財産特別措置法 第３条第１項第１号,大貫中学校敷地,千葉県富津市小久保字永町３１先外,富津市,4086546,1005.41,4086546,0,0,0,0,90167,市街化区域,第一種中高層住居専用地域,60,200
財務省,関東財務局,千葉財務事務所,一般会計,普通財産,国有財産特別措置法 第３条第１項第１号,四街道市立中央小学校敷地,千葉県四街道市鹿渡字熊谷台９３４-６６外１筆のうち,四街道市,381764376,22724.07,381764376,0,0,0,0,17964511,市街化区域,第二種住居地域,60,200
財務省,関東財務局,千葉財務事務所,一般会計,普通財産,国有財産特別措置法 第３条第１項第１号,中央小こどもルーム敷地,千葉県四街道市鹿渡字熊谷台９３４−６６外のうち,四街道市,8073617,459.12,8073617,0,0,0,0,497697,市街化区域,第二種住居地域,60,200
財務省,関東財務局,千葉財務事務所,一般会計,普通財産,国有財産特別措置法 第３条第１項第１号,市立犢橋中学校敷地,千葉県千葉市花見川区三角町６５６番２,千葉市,314152013,27270.14,314152013,0,0,0,0,16511669,市街化区域,第一種住居地域,60,200
財務省,関東財務局,千葉財務事務所,一般会計,普通財産,国有財産特別措置法 第３条第１項第１号,四街道市中央公民館,千葉県四街道市四街道字三角１５３２−１７のうち,四街道市,67833406,4612.42,67833404,0,0,0,2,3499139,市街化区域,第一種住居地域,60,200
財務省,関東財務局,千葉財務事務所,一般会計,普通財産,国有財産特別措置法 第３条第１項第１号,四街道市立四街道北中学校敷地,千葉県四街道市栗山字細野１０５５−１３外１筆,四街道市,280699500,9356.65,280699500,0,0,0,0,12493477,市街化区域,第一種低層住居専用地域,50,100
財務省,関東財務局,千葉財務事務所,一般会計,普通財産,国有財産特別措置法 第３条第１項第１号,消防用機械器具置場,千葉県印西市結縁寺字北ノ内５３５−１のうち,印西市,986262,132.77,986262,0,0,0,0,21779,市街化調整区域,都市計画用途地域指定なし,60,200
財務省,関東財務局,千葉財務事務所,一般会計,普通財産,国有財産特別措置法 第３条第１項第１号,富里市立富里南小学校敷地,千葉県富里市御料字甲地４−１,富里市,76369089,21159.89,76369089,0,0,0,0,1561332,市街化調整区域,都市計画用途地域指定なし,60,200
財務省,関東財務局,千葉財務事務所,一般会計,普通財産,国有財産特別措置法 第３条第１項第１号,市立小見川中学校敷地,千葉県香取市小見川字中峯４６８３−２外,香取市,3935383,2620.37,3935383,0,0,0,0,111743,非線引,都市計画用途地域指定なし,60,200
財務省,関東財務局,千葉財務事務所,一般会計,普通財産,国有財産特別措置法 第３条第１項第１号,野球場,千葉県山武郡横芝光町尾垂イ字大杉前３８５６−１６９,横芝光町,56274175,7176.63,56274175,0,0,0,0,1041929,非線引,都市計画用途地域指定なし,60,200
財務省,関東財務局,千葉財務事務所,一般会計,普通財産,国有財産特別措置法 第３条第１項第１号,老人福祉センタ−敷地,千葉県大網白里市四天木字丁浜原乙２８９４−５７,大網白里市,11693464,1847.52,11693464,0,0,0,0,175332,市街化調整区域,都市計画用途地域指定なし,60,200
財務省,関東財務局,千葉財務事務所,一般会計,普通財産,国有財産特別措置法 第３条第１項第１号,市営住宅敷地,千葉県大網白里市北今泉字塩浜３６９６−８１,大網白里市,22673727,4430.81,22673727,0,0,0,0,288411,市街化調整区域,都市計画用途地域指定なし,60,200
財務省,関東財務局,千葉財務事務所,一般会計,普通財産,国有財産特別措置法 第３条第１項第１号,市営住宅敷地,千葉県大網白里市四天木字甲浜原乙２５７３−２５,大網白里市,28010347,6087.79,28010347,0,0,0,0,377443,市街化調整区域,都市計画用途地域指定なし,60,200
財務省,関東財務局,千葉財務事務所,一般会計,普通財産,国有財産特別措置法 第３条第１項第１号,町営住宅敷地,千葉県山武郡九十九里町田中荒生字浜芝１５９４−４７外１筆,九十九里町,4645185,1545.20,4645185,0,0,0,0,95802,非線引,第一種住居地域,60,200
財務省,関東財務局,千葉財務事務所,一般会計,普通財産,国有財産特別措置法 第３条第１項第１号,町営住宅敷地,千葉県山武郡九十九里町粟生字南芝地２３５９−１５７,九十九里町,6980792,2164.37,6980792,0,0,0,0,139789,非線引,第一種住居地域,60,200
財務省,関東財務局,千葉財務事務所,一般会計,普通財産,国有財産特別措置法 第３条第１項第１号,山武西小学校敷地,千葉県山武市木原字水引谷９２０−１先外６,山武市,6416879,1998.78,6416879,0,0,0,0,41044,非線引,都市計画用途地域指定なし,60,200
財務省,関東財務局,千葉財務事務所,一般会計,普通財産,国有財産特別措置法 第３条第１項第１号,一宮商業高等学校敷地,千葉県長生郡一宮町一宮字院内３２７５−１,千葉県,3816948,498.16,3816948,0,0,0,0,77321,非線引,第一種住居地域,60,200
財務省,関東財務局,千葉財務事務所,一般会計,普通財産,国有財産特別措置法 第３条第１項第１号,公営住宅敷地,千葉県長生郡白子町古所字北川岸３３０１−６外,白子町,8675007,1651.14,8675007,0,0,0,0,249579,非線引,第一種住居地域,60,200
財務省,関東財務局,千葉財務事務所,一般会計,普通財産,国有財産特別措置法 第３条第１項第１号,富浦小学校敷地,千葉県南房総市富浦町原岡字浜田宿甲９４５−５外２筆,南房総市,1412096,439.64,1412096,0,0,0,0,48504,都市計画区域外,都市計画用途地域指定なし,-,-
財務省,関東財務局,千葉財務事務所,一般会計,普通財産,国有財産特別措置法 第３条第１項第１号,蘇我小学校敷地,千葉県千葉市中央区今井３丁目１５番５,千葉市,39988800,416.55,39988800,0,0,0,0,297200,市街化区域,第一種住居地域,60,200
財務省,関東財務局,千葉財務事務所,一般会計,普通財産,国有財産特別措置法 第３条第１項第１号,東金市立城西小学校敷地,千葉県東金市台方字出し下９３番外４筆,東金市,900994,2347.64,900994,0,0,0,0,747290,非線引,第一種中高層住居専用地域,60,200
財務省,関東財務局,千葉財務事務所,一般会計,普通財産,国有財産特別措置法 第３条第１項第１号,市立根戸小学校敷地,千葉県我孫子市つくし野四丁目８２８番３のうち外,我孫子市,6484500,430.83,6484500,0,0,0,0,71904,市街化調整区域,都市計画用途地域指定なし,60,200
財務省,関東財務局,千葉財務事務所,一般会計,普通財産,国有財産特別措置法 第２条第２項第４号,根戸小学童保育室及び根戸小あびっ子クラブ敷地,千葉県我孫子市つくし野四丁目８２８番３のうち外,我孫子市,3060439,203.45,3060439,0,0,0,0,17402,市街化調整区域,都市計画用途地域指定なし,60,200
財務省,関東財務局,千葉財務事務所,一般会計,普通財産,国有財産特別措置法 第３条第１項第４号,認知症対応型共同生活介護等複合施設敷地,千葉県千葉市稲毛区作草部１−９０３−２,社会福祉法人生活クラブ,65598738,1879.62,65598738,0,0,0,0,-,市街化区域,第二種中高層住居専用地域,60,200
財務省,関東財務局,甲府財務事務所,一般会計,普通財産,国有財産特別措置法 第３条第１項第１号,つつじ幼稚園敷地,山梨県山梨市上神内川１８７−４外,山梨市,25828893,1705.82,25828893,0,0,0,0,556176,非線引,第二種中高層住居専用地域,60,200
財務省,関東財務局,甲府財務事務所,一般会計,普通財産,国有財産特別措置法 第３条第１項第１号,消防施設敷地,山梨県韮崎市穂坂町大字三ツ沢字新前２７０７,韮崎市,925119,110.13,925119,0,0,0,0,19364,都市計画区域外,-,-,-
財務省,関東財務局,甲府財務事務所,一般会計,普通財産,国有財産特別措置法 第３条第１項第１号,公民館敷地,山梨県笛吹市境川町小山字中村６８５のうち,笛吹市,2508870,279.06,2508870,0,0,0,0,72674,非線引,都市計画用途地域指定なし,70,200
財務省,関東財務局,甲府財務事務所,一般会計,普通財産,国有財産特別措置法 第３条第１項第１号,消防施設敷地,山梨県笛吹市境川町小山字中村６８５のうち,笛吹市,625643,69.59,625643,0,0,0,0,16992,非線引,都市計画用途地域指定なし,70,200
財務省,関東財務局,甲府財務事務所,一般会計,普通財産,国有財産特別措置法 第３条第１項第１号,町営住宅敷地,山梨県南巨摩郡富士川町最勝寺字西ノ入２１９２−１６外１１筆,富士川町,54553899,6937.79,54553899,0,0,0,0,967303,非線引,都市計画用途地域指定なし,70,400
財務省,関東財務局,甲府財務事務所,一般会計,普通財産,国有財産特別措置法 第３条第１項第１号,町営住宅敷地,山梨県南巨摩郡富士川町鰍沢字薄田３４０−１０外１３筆,富士川町,75561383,8804.32,75561383,0,0,0,0,1388613,非線引,都市計画用途地域指定なし,70,200
財務省,関東財務局,甲府財務事務所,一般会計,普通財産,国有財産特別措置法 第３条第１項第１号,町営住宅（旭ヶ丘団地）敷地,山梨県南巨摩郡富士川町鰍沢字北畑６５５−６１外５筆,富士川町,32697357,2814.71,32697357,0,0,0,0,420575,非線引,都市計画用途地域指定なし,70,400
財務省,関東財務局,甲府財務事務所,一般会計,普通財産,国有財産特別措置法 第３条第１項第１号,公民館敷地,山梨県南巨摩郡富士川町鰍沢字薄田３４０−１４のうち,富士川町,849678,109.15,849678,0,0,0,0,17214,非線引,都市計画用途地域指定なし,70,200
財務省,関東財務局,甲府財務事務所,一般会計,普通財産,国有財産特別措置法 第３条第１項第１号,町営住宅敷地,山梨県南巨摩郡富士川町鰍沢字薄田３４０−２５外１筆,富士川町,12938651,1452.72,12938651,0,0,0,0,288121,非線引,都市計画用途地域指定なし,70,200
財務省,関東財務局,甲府財務事務所,一般会計,普通財産,国有財産特別措置法 第３条第１項第１号,農林高等学校敷地,山梨県甲斐市玉川字向河原１６９６−１外２筆,山梨県,10205967,892.13,10205967,0,0,0,0,495512,市街化区域,第二種住居地域,60,200
財務省,関東財務局,甲府財務事務所,一般会計,普通財産,国有財産特別措置法 第３条第１項第１号,消防施設敷地,山梨県南アルプス市塩の前字塩沢新６２５−２,南アルプス市,1112992,319.1,1112992,0,0,0,0,33001,都市計画区域外,都市計画用途地域指定なし,70,400
財務省,関東財務局,本局,一般会計,普通財産,国有財産特別措置法 第３条第１項第１号,川越市立富士見中学校敷地,埼玉県川越市東田町１９−３外５筆,川越市,66427458,1391.33,66427458,0,0,0,0,2214720,市街化区域,第一種住居地域,60,200
財務省,関東財務局,本局,一般会計,普通財産,国有財産特別措置法 第３条第１項第１号,川越市立第１小学校敷地,埼玉県川越市郭町一丁目２１番先,川越市,3621457,134.5,3621457,0,0,0,0,51121,市街化区域,第一種住居地域,60,200
財務省,関東財務局,本局,一般会計,普通財産,国有財産特別措置法 第３条第１項第４号,幼稚園敷地,埼玉県草加市住吉１丁目１４３−１のうち,学校法人　ルミ学園,45839270,712.56,45839270,0,0,0,0,-,市街化区域,商業地域,80,400
財務省,関東財務局,本局,一般会計,普通財産,国有財産特別措置法 第３条第１項第４号,幼稚園敷地,埼玉県戸田市中町１丁目３０番７,学校法人　戸田第一学園,83732910,1379.03,83732910,0,0,0,0,-,市街化区域,第一種住居地域,60,200
財務省,関東財務局,本局,一般会計,普通財産,国有財産特別措置法 第３条第１項第１号,和光市立第３小学校敷地,埼玉県和光市中央１丁目１６７４−３　外３筆,和光市,394057212,6986.83,394057212,0,0,0,0,12913346,市街化区域,第一種住居地域,60,200
財務省,関東財務局,本局,一般会計,普通財産,国有財産特別措置法 第３条第１項第１号,ふじみ野市立上野台小学校敷地,埼玉県ふじみ野市福岡１丁目１５００−１外１筆,ふじみ野市,970618344,21285.49,970618344,0,0,0,0,24103331,市街化区域,第一種中高層住居専用地域,60,200
財務省,関東財務局,本局,一般会計,普通財産,国有財産特別措置法 第３条第１項第１号,放課後児童クラブ敷地,埼玉県ふじみ野市福岡１丁目１５００−１のうち,ふじみ野市,20492642,469.67,20492642,0,0,0,0,567120,市街化区域,第一種中高層住居専用地域,60,200
財務省,関東財務局,本局,一般会計,普通財産,国有財産特別措置法 第３条第１項第１号,本太小学校敷地,埼玉県さいたま市浦和区本太２−１９２−１外１筆,さいたま市,55333465,805.87,55333465,0,0,0,0,1065032,市街化区域,第一種住居地域,60,200
財務省,関東財務局,本局,一般会計,普通財産,国有財産特別措置法 第３条第１項第４号,幼稚園敷地,埼玉県さいたま市緑区原山３−１２６,学校法人　原山学園,33459149,603.52,33459149,0,0,0,0,-,市街化区域,準工業地域,60,200
財務省,関東財務局,本局,一般会計,普通財産,国有財産特別措置法 第３条第１項第１号,さいたま市立大宮西高等学校敷地,埼玉県さいたま市大宮区三橋４丁目１００番４,さいたま市,101027890,2830.23,101027890,0,0,0,0,478432,市街化区域,第一種中高層住居専用地域,60,200
財務省,関東財務局,水戸財務事務所,一般会計,普通財産,国有財産特別措置法 第３条第１項第１号,県立水戸特別支援学校敷地,茨城県水戸市吉沢町,茨城県,362232953,22319.60,362232953,0,0,0,0,6776165,市街化調整区域,都市計画用途地域指定なし,60,200
財務省,関東財務局,水戸財務事務所,一般会計,普通財産,国有財産特別措置法 第３条第１項第１号,水戸市立三の丸小学校敷地,茨城県水戸市三の丸１丁目１１９−１４,水戸市,107741076,7226.44,107741076,0,0,0,0,7097044,市街化区域,第一種中高層住居専用地域,60,200
財務省,関東財務局,水戸財務事務所,一般会計,普通財産,国有財産特別措置法 第３条第１項第１号,水戸市立第２中学校敷地,茨城県水戸市三の丸２丁目１−２７４,水戸市,342949200,25981.00,342949200,0,0,0,0,12412260,市街化区域,第一種中高層住居専用地域,60,200
財務省,関東財務局,水戸財務事務所,一般会計,普通財産,国有財産特別措置法 第３条第１項第１号,水戸市立第１中学校敷地,茨城県水戸市東原３丁目４７６２番２ほか,水戸市,288395871,25981.61,288395871,0,0,0,0,10101437,市街化区域,第二種住居地域,60,200
財務省,関東財務局,水戸財務事務所,一般会計,普通財産,国有財産特別措置法 第３条第１項第１号,土浦市立第一中学校敷地,茨城県土浦市文京町２６９６番２,土浦市,4751679,135.36,4751679,0,0,0,0,71561,市街化区域,第二種住居地域,60,200
財務省,関東財務局,水戸財務事務所,一般会計,普通財産,国有財産特別措置法 第３条第１項第１号,防災施設敷地,茨城県龍ケ崎市宮渕町字中郷組６４−２,龍ケ崎市,830850,91.07,830850,0,0,0,0,17481,市街化調整区域,都市計画用途地域指定なし,60,200
財務省,関東財務局,水戸財務事務所,一般会計,普通財産,国有財産特別措置法 第３条第１項第１号,機械器具置場（消防ポンプ車）外　敷地,茨城県常総市上蛇町字屋敷通１５１１番１のうち,常総市,1169737,127.88,1169737,0,0,0,0,24580,市街化調整区域,都市計画用途地域指定なし,60,200
財務省,関東財務局,水戸財務事務所,一般会計,普通財産,国有財産特別措置法 第３条第１項第１号,水防倉庫敷地,茨城県常総市上蛇町字屋敷通１５１１番２,常総市,477936,52.25,477936,0,0,0,0,7549,市街化調整区域,都市計画用途地域指定なし,60,200
財務省,関東財務局,水戸財務事務所,一般会計,普通財産,国有財産特別措置法 第３条第１項第１号,県立勝田高校敷地,茨城県ひたちなか市大字足崎字西原１４７３−１外１筆,茨城県,77007342,5793.48,77007342,0,0,0,0,2924387,市街化区域,第一種中高層住居専用地域,60,200
財務省,関東財務局,水戸財務事務所,一般会計,普通財産,国有財産特別措置法 第３条第１項第１号,県立海洋高校敷地,茨城県ひたちなか市和田町３丁目５０９９−１外,茨城県,197184168,27386.69,197184168,0,0,0,0,3320537,市街化区域,第一種住居地域,60,200
財務省,関東財務局,水戸財務事務所,一般会計,普通財産,国有財産特別措置法 第３条第１項第１号,消防用機械器具保管施設敷地,茨城県鹿嶋市大字神向寺字中作５７８のうち,鹿嶋市,369508,60.48,369508,0,0,0,0,6867,市街化調整区域,都市計画用途地域指定なし,60,200
財務省,関東財務局,水戸財務事務所,一般会計,普通財産,国有財産特別措置法 第３条第１項第１号,野球場敷地,茨城県鹿嶋市大字粟生字大ノ防２２４７−１外,鹿嶋市,28361531,6459.59,28361531,0,0,0,0,488308,市街化調整区域,都市計画用途地域指定なし,60,200
財務省,関東財務局,水戸財務事務所,一般会計,普通財産,国有財産特別措置法 第３条第１項第１号,鹿島小学校敷地,茨城県鹿嶋市城山４丁目１６０８先ほか,鹿嶋市,928150,127.02,928150,0,0,0,0,17570,市街化区域,第一種中高層住居専用地域,60,200
財務省,関東財務局,水戸財務事務所,一般会計,普通財産,国有財産特別措置法 第３条第１項第１号,町営住宅敷地,茨城県東茨城郡茨城町大字長岡４５４１,茨城町,45584161,6702.39,45584161,0,0,0,0,879579,市街化区域,第一種住居地域,60,200
財務省,関東財務局,水戸財務事務所,一般会計,普通財産,国有財産特別措置法 第３条第１項第１号,軽野小学校敷地,茨城県神栖市知手字一貫野５−４,神栖市,9145537,1883.46,9145537,0,0,0,0,131007,市街化調整区域,都市計画用途地域指定なし,60,200
財務省,関東財務局,水戸財務事務所,一般会計,普通財産,国有財産特別措置法 第３条第１項第１号,消防庫．区民館及び保管庫敷地,茨城県神栖市波崎字東明神前９２１０−４,神栖市,827065,107.35,827065,0,0,0,0,24832,市街化調整区域,都市計画用途地域指定なし,60,200
財務省,関東財務局,水戸財務事務所,一般会計,普通財産,国有財産特別措置法 第３条第１項第１号,消防庫敷地,茨城県神栖市波崎字東仲島町９４１１−９,神栖市,369783,49.23,369783,0,0,0,0,5567,市街化調整区域,都市計画用途地域指定なし,60,200
財務省,関東財務局,水戸財務事務所,一般会計,普通財産,国有財産特別措置法 第３条第１項第１号,消防器具置場,茨城県北相馬郡利根町大字押付新田字五の耕地８４８−３,利根町,158588,76.84,158588,0,0,0,0,4315,市街化調整区域,都市計画用途地域指定なし,60,200
財務省,関東財務局,宇都宮財務事務所,一般会計,普通財産,国有財産特別措置法 第３条第１項第１号,宇都宮市立雀宮南小学校敷地,栃木県宇都宮市南町３００１−１,宇都宮市,446585076,27566.98,446585076,0,0,0,0,10513452,市街化区域,第二種中高層住居専用地域,60,200
財務省,関東財務局,宇都宮財務事務所,一般会計,普通財産,国有財産特別措置法 第３条第１項第１号,県立宇都宮東高等学校敷地,栃木県宇都宮市石井町字下栗境３３６０−５,栃木県,8225085,687.94,8225085,0,0,0,0,135560,市街化区域,第二種住居地域,60,200
財務省,関東財務局,宇都宮財務事務所,一般会計,普通財産,国有財産特別措置法 第３条第１項第１号,県立宇都宮商業高等学校敷地,栃木県宇都宮市大曽３丁目１２０−４外,栃木県,37913118,2426.89,37913118,0,0,0,0,1000443,市街化区域,第二種住居地域,60,200
財務省,関東財務局,宇都宮財務事務所,一般会計,普通財産,国有財産特別措置法 第３条第１項第１号,足利工業高等学校敷地,栃木県足利市西宮町３０６８−２,栃木県,505297,165.28,505297,0,0,0,0,14579,市街化区域,第二種住居地域,60,200
財務省,関東財務局,宇都宮財務事務所,一般会計,普通財産,国有財産特別措置法 第３条第１項第１号,栃木県立栃木工業高等学校敷地,栃木県栃木市岩出町字川原１５２−２,栃木県,5467,198.34,5467,0,0,0,0,7606,市街化調整区域,都市計画用途地域指定なし,70,400
財務省,関東財務局,宇都宮財務事務所,一般会計,普通財産,国有財産特別措置法 第３条第１項第１号,佐野市立城東中学校敷地,栃木県佐野市若松町,佐野市,11401089,2427.70,11401089,0,0,0,0,630319,市街化区域,第一種住居地域,60,200
財務省,関東財務局,宇都宮財務事務所,一般会計,普通財産,国有財産特別措置法 第３条第１項第１号,県立鹿沼商工高等学校敷地,栃木県鹿沼市花岡町字北段ノ浦１３８−３　外13筆,栃木県,11578985,2217.48,11578985,0,0,0,0,228863,市街化区域,第二種中高層住居専用地域,60,200
財務省,関東財務局,宇都宮財務事務所,一般会計,普通財産,国有財産特別措置法 第３条第１項第１号,市立小山第二小学校敷地,栃木県小山市宮本町２−２１２１−４先　外２筆,小山市,2200494,241.65,2200494,0,0,0,0,45903,市街化区域,第一種住居地域,60,200
財務省,関東財務局,宇都宮財務事務所,一般会計,普通財産,国有財産特別措置法 第３条第１項第１号,県立小山北桜高校農場実習用地,栃木県小山市大字東山田字西４４８番２５２　外１筆,栃木県,4764475,1991.73,4764475,0,0,0,0,8760,市街化調整区域,都市計画用途地域指定なし,60,200
財務省,関東財務局,宇都宮財務事務所,一般会計,普通財産,国有財産特別措置法 第３条第１項第１号,小山市立大谷北小学校敷地,栃木県小山市犬塚五丁目６番１４,小山市,42217950,2392.60,42217950,0,0,0,0,1323292,市街化区域,第一種住居地域,60,200
財務省,関東財務局,宇都宮財務事務所,一般会計,普通財産,国有財産特別措置法 第３条第１項第１号,県立真岡女子高等学校敷地,栃木県真岡市台町字出口２４９７−１５,栃木県,21919,14.71,21919,0,0,0,0,1388,市街化区域,第二種住居地域,60,200
財務省,関東財務局,宇都宮財務事務所,一般会計,普通財産,国有財産特別措置法 第３条第１項第１号,県立真岡北陵高等学校敷地,栃木県真岡市下籠谷字内野３８９先,栃木県,5708891,1422.00,5708891,0,0,0,0,72254,市街化調整区域,都市計画用途地域指定なし,60,200
財務省,関東財務局,宇都宮財務事務所,一般会計,普通財産,国有財産特別措置法 第３条第１項第１号,大田原市立金田南中学校敷地,栃木県大田原市南金丸字馬場１８７０番４,大田原市,118317786,39753.95,118293238,0,0,0,0,2028499,非線引,都市計画用途地域指定なし,60,200
財務省,関東財務局,宇都宮財務事務所,一般会計,普通財産,国有財産特別措置法 第３条第１項第１号,県立茂木高等学校敷地,栃木県芳賀郡茂木町大字茂木字小堀２７０−２,栃木県,1435,149.95,1435,0,0,0,0,11362,都市計画区域外,都市計画用途地域指定なし,70,400
財務省,関東財務局,宇都宮財務事務所,一般会計,普通財産,国有財産特別措置法 第３条第１項第１号,県立壬生高等学校敷地,栃木県下都賀郡壬生町大字藤井字西山１１９３先外,栃木県,2338737,629.55,2338737,0,0,0,0,27960,市街化調整区域,-,-,-
財務省,関東財務局,宇都宮財務事務所,一般会計,普通財産,国有財産特別措置法 第３条第１項第１号,県立鹿沼高等学校敷地,栃木県鹿沼市万町字十万歳９４５−１先　外２筆,栃木県,8483873,793.98,8483873,0,0,0,0,176078,市街化区域,第一種住居地域,60,200
財務省,関東財務局,宇都宮財務事務所,一般会計,普通財産,国有財産特別措置法 第３条第１項第１号,阿久津中学校第２グラウンド敷地,栃木県塩谷郡高根沢町大字中阿久津字吉原３９３先　外,高根沢町,37349,1495.15,37349,0,0,0,0,25773,市街化調整区域,都市計画用途地域指定なし,60,200
財務省,関東財務局,前橋財務事務所,一般会計,普通財産,国有財産特別措置法 第３条第１項第１号,市立片岡中学校敷地,群馬県高崎市片岡町１−１４−１,高崎市,185446584,11447.32,185446584,0,0,0,0,5654269,市街化区域,第二種住居地域 外,60,200
財務省,関東財務局,前橋財務事務所,一般会計,普通財産,国有財産特別措置法 第３条第１項第１号,市立西小学校敷地,群馬県桐生市小曽根町１２４２−３,桐生市,754458,65.71,754458,0,0,0,0,10404,市街化区域,第一種住居地域,60,200
財務省,関東財務局,前橋財務事務所,一般会計,普通財産,国有財産特別措置法 第３条第１項第１号,市立北小学校敷地,群馬県桐生市西久方町二丁目７７４番４外３筆,桐生市,2901733,373.14,2901733,0,0,0,0,62603,市街化区域,第一種住居地域,60,200
財務省,関東財務局,前橋財務事務所,一般会計,普通財産,国有財産特別措置法 第３条第１項第１号,市立南小学校敷地,群馬県桐生市新宿二丁目５１２番３外８筆,桐生市,11421802,1143.39,11421802,0,0,0,0,225775,市街化区域,準工業地域,60,200
財務省,関東財務局,前橋財務事務所,一般会計,普通財産,国有財産特別措置法 第３条第１項第１号,市立境野中学校敷地,群馬県桐生市境野町六丁目１６９６−３,桐生市,320348,43.36,320348,0,0,0,0,4932,市街化区域,第一種住居地域,60,200
財務省,関東財務局,前橋財務事務所,一般会計,普通財産,国有財産特別措置法 第３条第１項第１号,陸上競技場敷地,群馬県桐生市元宿町１１４９−１先外３筆,桐生市,219566512,9783.64,219566512,0,0,0,0,7454983,市街化区域,第一種住居地域,60,200
財務省,関東財務局,前橋財務事務所,一般会計,普通財産,国有財産特別措置法 第３条第１項第１号,市立境野小学校敷地,群馬県桐生市境野町六丁目１６２１−２,桐生市,1185438,192.82,1185438,0,0,0,0,20458,市街化区域,準工業地域,60,200
財務省,関東財務局,前橋財務事務所,一般会計,普通財産,国有財産特別措置法 第３条第１項第１号,市立清流中学校敷地,群馬県桐生市東五丁目５６２−３先外,桐生市,1155002,92.48,1155002,0,0,0,0,14620,市街化区域,準工業地域,60,200
財務省,関東財務局,前橋財務事務所,一般会計,普通財産,国有財産特別措置法 第３条第１項第１号,市立清流中学校敷地,群馬県桐生市東三丁目５７４−１先外４筆,桐生市,4964991,884.46,4964991,0,0,0,0,125206,市街化区域,準工業地域,60,200
財務省,関東財務局,前橋財務事務所,一般会計,普通財産,国有財産特別措置法 第３条第１項第１号,市立広沢中学校敷地,群馬県桐生市広沢町四丁目字東前１８６４−７外１７筆,桐生市,12723493,1318.84,12723493,0,0,0,0,281481,市街化区域,第一種住居地域,60,200
財務省,関東財務局,前橋財務事務所,一般会計,普通財産,国有財産特別措置法 第３条第１項第１号,市立太田小学校敷地,群馬県太田市本町３１番４外２筆,太田市,25347705,1385.01,25347705,0,0,0,0,592632,市街化区域,近隣商業地域,80,200
財務省,関東財務局,前橋財務事務所,一般会計,普通財産,国有財産特別措置法 第３条第１項第１号,市立強戸小学校敷地,群馬県太田市天良町８５９番１２　外２筆,太田市,3767151,426.6,3767151,0,0,0,0,59167,市街化区域,第一種住居地域,60,200
財務省,関東財務局,前橋財務事務所,一般会計,普通財産,国有財産特別措置法 第３条第１項第１号,市立強戸中学校敷地,群馬県太田市成塚町１１２４番３外１筆,太田市,2856801,412.84,2856801,0,0,0,0,36975,市街化区域,第一種住居地域,60,200
財務省,関東財務局,前橋財務事務所,一般会計,普通財産,国有財産特別措置法 第３条第１項第１号,市立韮川小学校敷地,群馬県太田市台之郷町１０２６番２外２筆,太田市,10445614,1228.79,10445614,0,0,0,0,145997,市街化区域,第二種中高層住居専用地域,60,200
財務省,関東財務局,前橋財務事務所,一般会計,普通財産,国有財産特別措置法 第３条第１項第１号,市立休泊小学校敷地,群馬県太田市龍舞町３８１６番５外１筆,太田市,4392564,656.21,4392564,0,0,0,0,45981,市街化調整区域,都市計画用途地域指定なし,70,200
財務省,関東財務局,前橋財務事務所,一般会計,普通財産,国有財産特別措置法 第３条第１項第１号,市立西中学校敷地,群馬県太田市八幡町２４番１４外２筆,太田市,5860563,695.66,5860563,0,0,0,0,119798,市街化区域,第一種中高層住居専用地域,60,200
財務省,関東財務局,前橋財務事務所,一般会計,普通財産,国有財産特別措置法 第３条第１項第１号,市立宝泉小学校敷地,群馬県太田市由良町１７３８番８,太田市,4020539,517.72,4020539,0,0,0,0,57942,市街化区域,第一種中高層住居専用地域,60,200
財務省,関東財務局,前橋財務事務所,一般会計,普通財産,国有財産特別措置法 第３条第１項第１号,市立宝泉東小学校敷地,群馬県太田市藤久良町１番２,太田市,5275877,744.38,5275877,0,0,0,0,114027,市街化区域,第一種中高層住居専用地域,60,200
財務省,関東財務局,前橋財務事務所,一般会計,普通財産,国有財産特別措置法 第３条第１項第１号,老人福祉センタ−敷地,群馬県邑楽郡大泉町西小泉五丁目２６３１−１５のうち,大泉町,36447418,2565.60,36447418,0,0,0,0,1196723,市街化区域,第一種住居地域,60,200
財務省,関東財務局,長野財務事務所,一般会計,普通財産,国有財産特別措置法 第３条第１項第１号,市立筑摩野中学校敷地,長野県松本市村井町北２−８４０−１のうち,松本市,45381035,4970.79,45381035,0,0,0,0,1786009,市街化区域,第一種中高層住居専用地域,60,200
財務省,関東財務局,長野財務事務所,一般会計,普通財産,国有財産特別措置法 第３条第１項第４号,幼稚園敷地,長野県上田市中央６丁目４０８９−２,学校法人　たちばな学園,2785874,329.65,2785874,0,0,0,0,-,非線引,近隣商業地域,80,300
財務省,関東財務局,長野財務事務所,一般会計,普通財産,国有財産特別措置法 第３条第１項第１号,中野小学校敷地,長野県中野市中野字中川原１８２０−２　外,中野市,5119787,660.7,5119787,0,0,0,0,159230,非線引,第一種住居地域,60,200
財務省,関東財務局,長野財務事務所,一般会計,普通財産,国有財産特別措置法 第３条第１項第１号,丸子中学校敷地,長野県上田市上丸子字川原１８２３−２,上田市,102005,568.81,102005,0,0,0,0,80801,非線引,第二種住居地域,60,200
財務省,関東財務局,新潟財務事務所,一般会計,普通財産,国有財産特別措置法 第３条第１項第１号,県立新潟翠江高等学校グランド敷地,新潟県新潟市西区金巻字須上仮１６２０−１外３筆,新潟県,3848549,1064.58,3848549,0,0,0,0,75875,市街化調整区域,都市計画用途地域指定なし,60,200
財務省,関東財務局,新潟財務事務所,一般会計,普通財産,国有財産特別措置法 第３条第１項第１号,水防倉庫敷地,新潟県長岡市雲出町字上原１４４０−２,新潟県,2060695,344.51,2060695,0,0,0,0,40468,市街化調整区域,-,70,200
財務省,関東財務局,新潟財務事務所,一般会計,普通財産,国有財産特別措置法 第３条第１項第１号,県立新発田農業高等学校敷地,新潟県新発田市大栄町６丁目乙１９９−２外２３筆,新潟県,122251920,14553.80,122251920,0,0,0,0,5054066,市街化区域,第一種住居地域,60,200
財務省,関東財務局,新潟財務事務所,一般会計,普通財産,国有財産特別措置法 第３条第１項第１号,県立加茂農林高等学校敷地,新潟県加茂市神明町２丁目３１４７外１筆,新潟県,128737,327.26,128737,0,0,0,0,67911,準都市計画区域,第一種住居地域,60,200
財務省,関東財務局,新潟財務事務所,一般会計,普通財産,国有財産特別措置法 第３条第１項第１号,木崎小学校敷地,新潟県新潟市北区木崎字見国山仮２９５７−４外１６筆,新潟市,14029441,2095.93,14029441,0,0,0,0,265786,市街化区域,第一種低層住居専用地域,50,100
財務省,関東財務局,新潟財務事務所,一般会計,普通財産,国有財産特別措置法 第３条第１項第１号,高田農業高等学校敷地,新潟県上越市東城町１丁目字北川原２９３外９筆,新潟県,33406890,5503.18,33406890,0,0,0,0,561063,市街化区域,第一種中高層住居専用地域,60,200
財務省,関東財務局,新潟財務事務所,一般会計,普通財産,国有財産特別措置法 第３条第１項第１号,県立阿賀野高等学校グランド敷地,新潟県阿賀野市学校町８１６−１外３１筆,新潟県,122555866,8431.33,122555866,0,0,0,0,3525668,非線引,第二種中高層住居専用地域,60,200
財務省,関東財務局,新潟財務事務所,一般会計,普通財産,国有財産特別措置法 第３条第１項第１号,赤泊総合グランド敷地,新潟県佐渡市真浦１−３外３筆,佐渡市,1688570,641.3,1688570,0,0,0,0,45937,都市計画区域外,-,-,-
財務省,関東財務局,新潟財務事務所,一般会計,普通財産,国有財産特別措置法 第３条第１項第１号,中条中学校敷地,新潟県胎内市東本町１９５３番１外１筆,胎内市,15494967,1256.62,15494967,0,0,0,0,105584,準都市計画区域,第一種中高層住居専用地域,60,200
財務省,北陸財務局,本局,一般会計,普通財産,国有財産特別措置法 第３条第１項第１号,金沢市営城南体育館敷地,石川県金沢市若草町６３４番,金沢市,2503158,111.67,2503158,0,0,0,0,83286,市街化区域,第一種中高層住居専用地域,60,200
財務省,北陸財務局,本局,一般会計,普通財産,国有財産特別措置法 第３条第１項第１号,金沢市営西金沢少年運動広場等,石川県金沢市西金沢３丁目１１２番、１１９番１,金沢市,7148671,250.32,7148671,0,0,0,0,72585,市街化区域,第一種住居地域,60,200
財務省,北陸財務局,本局,一般会計,普通財産,国有財産特別措置法 第３条第１項第１号,白山市立松任中学校,石川県白山市末広２丁目１６番外９筆,白山市,16734930,957.84,16734930,0,0,0,0,226433,市街化区域,第一種住居地域,60,200
財務省,北陸財務局,福井財務事務所,一般会計,普通財産,国有財産特別措置法 第３条第１項第１号,福井市立足羽第一中学校敷地,福井県福井市稲津町８２字天坪１番１外先外,福井市,6420625,1124.27,6420625,0,0,0,0,55159,市街化調整区域,都市計画用途地域指定なし,60,200
財務省,北陸財務局,富山財務事務所,一般会計,普通財産,国有財産特別措置法 第３条第１項第１号,富山市立熊野小学校運動場敷地,富山県富山市悪王寺２４７,富山市,17188436,1310.39,17188436,0,0,0,0,153752,市街化調整区域,都市計画用途地域指定なし,60,200
財務省,北陸財務局,富山財務事務所,一般会計,普通財産,国有財産特別措置法 第３条第１項第１号,富山市立浜黒崎小学校運動場敷地,富山県富山市浜黒崎字松下３３９６−２,富山市,51249641,6000.68,51249641,0,0,0,0,495485,市街化調整区域,都市計画用途地域指定なし,60,200
財務省,北陸財務局,富山財務事務所,一般会計,普通財産,国有財産特別措置法 第３条第１項第１号,高岡市立志貴野中学校敷地,富山県高岡市広小路９４７−３外,高岡市,10551489,1085.14,10551489,0,0,0,0,311226,市街化区域,第二種住居地域,60,200
財務省,北陸財務局,富山財務事務所,一般会計,普通財産,国有財産特別措置法 第３条第１項第１号,富山県立砺波高校敷地,富山県砺波市太郎丸字鍋島１１０３−２外先,富山県,8389527,1260.44,8389527,0,0,0,0,128880,非線引,第二種中高層住居専用地域,60,200
財務省,北陸財務局,富山財務事務所,一般会計,普通財産,国有財産特別措置法 第３条第１項第１号,富山県立雄山高校敷地,富山県中新川郡立山町前沢字中畠田５３６番１４外２９筆のうち,富山県,7068268,1805.15,7068268,0,0,0,0,131445,非線引,第一種中高層住居専用地域,60,200
財務省,北陸財務局,富山財務事務所,一般会計,普通財産,国有財産特別措置法 第３条第１項第１号,富山県立入善高校敷地,富山県下新川郡入善町入膳字東寺田３９６３番１外地先外２３筆,富山県,13451317,1311.72,13451317,0,0,0,0,143720,非線引,第一種住居地域,60,200
財務省,東海財務局,本局,一般会計,普通財産,国有財産特別措置法 第３条第１項第１号,名古屋市立守山東中学校敷地,愛知県名古屋市守山区小幡五丁目７０１,名古屋市,1445337641,32033.64,1445337641,0,0,0,0,28056901,市街化区域,第一種中高層住居専用地域,60,200
財務省,東海財務局,本局,一般会計,普通財産,国有財産特別措置法 第３条第１項第１号,名古屋市立小幡小学校敷地,愛知県名古屋市守山区小幡一丁目３０４番１,名古屋市,1368367797,26804.13,1368367797,0,0,0,0,24018571,市街化区域,第二種中高層住居専用地域,60,200
財務省,東海財務局,本局,一般会計,普通財産,国有財産特別措置法 第３条第１項第１号,県立豊橋商業高校敷地,愛知県豊橋市向山町字中畑６０番外６筆,愛知県,1731778004,44054.48,1731771034,0,0,0,1,30965372,市街化区域,第一種住居地域,60,200
財務省,東海財務局,本局,一般会計,普通財産,国有財産特別措置法 第３条第１項第４号,児童デイサービス事業施設（くすのき学園）,愛知県豊橋市高師町字北原１−１０７外,社会福祉法人　豊橋市福祉事業会,65037483,1903.54,65034444,0,0,0,0,-,市街化区域,第一種中高層住居専用地域,60,200
財務省,東海財務局,本局,一般会計,普通財産,国有財産特別措置法 第３条第１項第４号,知的障害者通所更生施設（にしぐち学園）,愛知県豊橋市高師町字北原１−１０３のうち,社会福祉法人　豊橋市福祉事業会,31904317,1060.62,31903450,0,0,0,0,-,市街化区域,第一種中高層住居専用地域,60,200
財務省,東海財務局,本局,一般会計,普通財産,国有財産特別措置法 第３条第１項第４号,老人福祉施設敷地,愛知県豊橋市王ヶ崎町字上原１番９のうち,社会福祉法人　一誠福祉会,25003563,304.15,25003563,0,0,0,0,-,市街化区域,第一種中高層住居専用地域,60,200
財務省,東海財務局,本局,一般会計,普通財産,国有財産特別措置法 第３条第１項第１号,栄小学校敷地,愛知県豊橋市北山町字東浦４６の４のうち　外２筆,豊橋市,765230376,21763.15,765228589,0,0,0,1,12076489,市街化区域,第一種住居地域,60,200
財務省,東海財務局,本局,一般会計,普通財産,国有財産特別措置法 第３条第１項第１号,南部中学校敷地,愛知県豊橋市北山町　外,豊橋市,1969818015,56021.39,1969805347,0,0,0,4,39062967,市街化区域,第一種住居地域,60,200
財務省,東海財務局,本局,一般会計,普通財産,国有財産特別措置法 第３条第１項第１号,公民館（豊橋栄校区市民館）敷地,愛知県豊橋市北山町　外,豊橋市,17028927,446.93,17028927,0,0,0,0,304062,市街化区域,第一種住居地域,60,200
財務省,東海財務局,本局,一般会計,普通財産,国有財産特別措置法 第３条第１項第１号,県立豊橋工業高校敷地,愛知県豊橋市草間町字平東１７０番２　外１筆,愛知県,821118570,23200.80,821082112,0,0,0,0,13985670,市街化区域,第一種住居地域,60,200
財務省,東海財務局,本局,一般会計,普通財産,国有財産特別措置法 第３条第１項第１号,水野小学校敷地,愛知県瀬戸市小田妻町２−２２外１,瀬戸市,119719813,16288.41,119719813,0,0,0,0,6042833,市街化区域,第一種中高層住居専用地域,60,100
財務省,東海財務局,本局,一般会計,普通財産,国有財産特別措置法 第３条第１項第１号,県立長久手高校敷地,愛知県尾張旭市晴丘町池上６９番１外１,愛知県,690455847,23064.26,690455847,0,0,0,0,9763264,市街化調整区域,都市計画用途地域指定なし,70,400
財務省,東海財務局,本局,一般会計,普通財産,国有財産特別措置法 第３条第１項第１号,豊明小学校敷地,愛知県豊明市阿野町茶屋浦２０−１　外２筆,豊明市,21255285,1179.21,21255285,0,0,0,0,782037,市街化区域,第一種住居地域,60,200
財務省,東海財務局,本局,一般会計,普通財産,国有財産特別措置法 第３条第１項第１号,三崎小学校敷地,愛知県豊明市三崎町三崎２−１,豊明市,268104176,7693.39,268104176,0,0,0,0,5427711,市街化区域,第一種中高層住居専用地域,60,200
財務省,東海財務局,静岡財務事務所,一般会計,普通財産,国有財産特別措置法 第３条第１項第１号,富士見小学校敷地,静岡県静岡市駿河区登呂一丁目３１３０番,静岡市,621537750,16574.34,621537750,0,0,0,0,13820107,市街化区域,第二種中高層住居専用地域,60,200
財務省,東海財務局,静岡財務事務所,一般会計,普通財産,国有財産特別措置法 第３条第１項第１号,新通小学校敷地,静岡県静岡市葵区駒形通二丁目６番１　外４筆,静岡市,180221683,2413.22,180221683,0,0,0,0,3264050,市街化区域,商業地域,80,400
財務省,東海財務局,静岡財務事務所,一般会計,普通財産,国有財産特別措置法 第３条第１項第１号,県立静岡高等学校敷地,静岡県静岡市葵区長谷町７１番　外１８筆,静岡県,95132431,3971.77,95132431,0,0,0,0,2288872,市街化区域,第二種中高層住居専用地域,60,200
財務省,東海財務局,静岡財務事務所,一般会計,普通財産,国有財産特別措置法 第３条第１項第１号,西豊田小学校敷地,静岡県静岡市駿河区曲金二丁目１４２番,静岡市,2988007,258.87,2988007,0,0,0,0,85819,市街化区域,第一種住居地域,60,200
財務省,東海財務局,静岡財務事務所,一般会計,普通財産,国有財産特別措置法 第３条第１項第１号,南部小学校敷地,静岡県静岡市駿河区南八幡町４６１番地先　外３筆,静岡市,26284745,1067.64,26284745,0,0,0,0,544017,市街化区域,第一種中高層住居専用地域,60,200
財務省,東海財務局,静岡財務事務所,一般会計,普通財産,国有財産特別措置法 第３条第１項第１号,井宮北小学校敷地,静岡県静岡市葵区上伝馬２１０番６　外１８筆,静岡市,30990674,1593.18,30990674,0,0,0,0,569610,市街化区域,第一種中高層住居専用地域,60,150
財務省,東海財務局,静岡財務事務所,一般会計,普通財産,国有財産特別措置法 第３条第１項第１号,清水高部小学校敷地,静岡県静岡市清水区押切字西田１０８１番１　外２筆,静岡市,148043916,7151.88,148043916,0,0,0,0,3722697,市街化区域,第一種中高層住居専用地域,60,150
財務省,東海財務局,静岡財務事務所,一般会計,普通財産,国有財産特別措置法 第３条第１項第１号,清水両河内中学校敷地,静岡県静岡市清水区和田島字落間３０３番２,静岡市,52096532,3914.19,52096532,0,0,0,0,1058763,都市計画区域外,-,-,-
財務省,東海財務局,静岡財務事務所,一般会計,普通財産,国有財産特別措置法 第３条第１項第１号,静岡市立清水第二中学校敷地,静岡県静岡市清水区神田町４８７番１　外３筆,静岡市,63033960,3269.40,63033960,0,0,0,0,6911552,市街化区域,第二種中高層住居専用地域,60,200
財務省,東海財務局,静岡財務事務所,一般会計,普通財産,国有財産特別措置法 第３条第１項第１号,第二小学校敷地,静岡県島田市中溝町２３９３番１１（仮）　外１６筆,島田市,9475750,1145.54,9475750,0,0,0,0,254018,非線引,第一種住居地域,60,200
財務省,東海財務局,静岡財務事務所,一般会計,普通財産,国有財産特別措置法 第３条第１項第１号,島田第二中学校敷地,静岡県島田市旗指４０３番５地先　外３９筆,島田市,17703661,1687.62,17703661,0,0,0,0,383712,非線引,第一種中高層住居専用地域,60,150
財務省,東海財務局,静岡財務事務所,一般会計,普通財産,国有財産特別措置法 第３条第１項第１号,六合小学校敷地,静岡県島田市道悦五丁目２２９番２７　外７筆,島田市,17176187,1648.85,17176187,0,0,0,0,357672,非線引,第二種中高層住居専用地域,50,150
財務省,東海財務局,静岡財務事務所,一般会計,普通財産,国有財産特別措置法 第３条第１項第１号,島田第一中学校敷地,静岡県島田市稲荷三丁目３３２３番１地先　外５２筆,島田市,18461025,1860.99,18461025,0,0,0,0,351237,非線引,第一種中高層住居専用地域,60,150
財務省,東海財務局,静岡財務事務所,一般会計,普通財産,国有財産特別措置法 第３条第１項第１号,港中学校敷地,静岡県焼津市田尻北字下北荒５８７番地先　外１筆,焼津市,4667499,522.54,4667499,0,0,0,0,90065,市街化区域,第一種中高層住居専用地域,40,100
財務省,東海財務局,静岡財務事務所,一般会計,普通財産,国有財産特別措置法 第３条第１項第１号,小川小学校敷地,静岡県焼津市小川字兵右ェ門松原２５２５番地先,焼津市,1028799,81.8,1028799,0,0,0,0,21098,市街化区域,第一種中高層住居専用地域,50,100
財務省,東海財務局,静岡財務事務所,一般会計,普通財産,国有財産特別措置法 第３条第１項第１号,豊田中学校敷地,静岡県焼津市小土字道東３０７番６地先　外１筆,焼津市,3597681,339.95,3597681,0,0,0,0,80342,市街化区域,第二種中高層住居専用地域,60,150
財務省,東海財務局,静岡財務事務所,一般会計,普通財産,国有財産特別措置法 第３条第１項第１号,焼津中学校敷地,静岡県焼津市焼津二丁目１０−２,焼津市,14664375,533.25,14664375,0,0,0,0,395033,市街化区域,第一種住居地域,60,200
財務省,東海財務局,静岡財務事務所,一般会計,普通財産,国有財産特別措置法 第３条第１項第１号,焼津市運動場敷地（一色浜広場）,静岡県焼津市一色字寄子１５４５番１８　外１筆のうち,焼津市,72468428,2621.50,72468428,0,0,0,0,954818,市街化調整区域,都市計画用途地域指定なし,60,200
財務省,東海財務局,静岡財務事務所,一般会計,普通財産,国有財産特別措置法 第３条第１項第１号,藤枝市民グラウンド敷地,静岡県藤枝市駿河台一丁目６４２番２地先　外７筆,藤枝市,14879262,855.13,14879262,0,0,0,0,225774,市街化区域,第一種中高層住居専用地域,60,150
財務省,東海財務局,静岡財務事務所,一般会計,普通財産,国有財産特別措置法 第３条第１項第１号,市立稲葉小学校敷地,静岡県藤枝市堀之内字塩ヶ原２３１３番５　外１４筆,藤枝市,4452011,519.26,4452011,0,0,0,0,77100,市街化調整区域,都市計画用途地域指定なし,60,200
財務省,東海財務局,静岡財務事務所,一般会計,普通財産,国有財産特別措置法 第３条第１項第１号,豊岡南小学校敷地,静岡県磐田市上神増字井東１３４８番１地先　外１筆,磐田市,2025694,472.96,2025694,0,0,0,0,70858,市街化調整区域,都市計画用途地域指定なし,60,200
財務省,東海財務局,静岡財務事務所沼津出張所,一般会計,普通財産,国有財産特別措置法 第３条第１項第１号,熱海市立第一小学校敷地,静岡県熱海市西山町５８４−４　外３筆,熱海市,6297742,334.76,6297742,0,0,0,0,74405,非線引,第二種中高層住居専用地域,60,200
財務省,東海財務局,静岡財務事務所沼津出張所,一般会計,普通財産,国有財産特別措置法 第３条第１項第１号,熱海市立多賀小学校,静岡県熱海市下多賀字玄蕃屋敷９３６−１地先　外６筆,熱海市,7679993,631.62,7679993,0,0,0,0,189910,非線引,第二種住居地域,60,200
財務省,東海財務局,静岡財務事務所沼津出張所,一般会計,普通財産,国有財産特別措置法 第３条第１項第１号,熱海市立多賀幼稚園,静岡県熱海市下多賀字玄蕃屋敷９１５−１地先　外２筆,熱海市,1351857,111.18,1351857,0,0,0,0,32981,非線引,第二種住居地域,60,200
財務省,東海財務局,静岡財務事務所沼津出張所,一般会計,普通財産,国有財産特別措置法 第３条第１項第１号,静岡県立三島北高等学校敷地,静岡県三島市文教町１丁目２８０３−１６,静岡県,1590260275,44173.70,1590253200,0,0,0,1,29735838,市街化区域,第二種中高層住居専用地域,60,200
財務省,東海財務局,静岡財務事務所沼津出張所,一般会計,普通財産,国有財産特別措置法 第３条第１項第１号,富士市立今泉小学校敷地,静岡県富士市今泉３丁目１６２−２外１３筆,富士市,10365339,926.37,10365339,0,0,0,0,242804,市街化区域,準工業地域,60,200
財務省,東海財務局,静岡財務事務所沼津出張所,一般会計,普通財産,国有財産特別措置法 第３条第１項第１号,富士市立須津中学校敷地,静岡県富士市中里字的場１１５６−１地先　外６筆,富士市,18720771,1783.54,18720771,0,0,0,0,377655,市街化区域,第一種住居地域,60,200
財務省,東海財務局,静岡財務事務所沼津出張所,一般会計,普通財産,国有財産特別措置法 第３条第１項第１号,富士市立吉原第一中学校敷地,静岡県富士市永田北町１０４−１地先　外１１筆,富士市,32367427,1975.70,32367427,0,0,0,0,689598,市街化区域,第二種住居地域,60,200
財務省,東海財務局,静岡財務事務所沼津出張所,一般会計,普通財産,国有財産特別措置法 第３条第１項第１号,静岡県立田方農業高等学校敷地,静岡県田方郡函南町塚本字七反田９５６−１地先　外７筆,静岡県,9959926,5076.61,9959926,0,0,0,0,3040579,市街化区域,第二種中高層住居専用地域,60,150
財務省,東海財務局,津財務事務所,一般会計,普通財産,国有財産特別措置法 第３条第１項第１号,四日市市立笹川中学校,三重県四日市市西日野町字小溝野４０００番１,四日市市,240197100,18196.75,240197100,0,0,0,0,6307739,市街化区域,第二種中高層住居専用地域,60,200
財務省,東海財務局,津財務事務所,一般会計,普通財産,国有財産特別措置法 第３条第１項第１号,四日市市立橋北中学校,三重県四日市市高浜町１３７４,四日市市,9765226,465.98,9765226,0,0,0,0,166920,市街化区域,第二種住居地域,60,200
財務省,東海財務局,津財務事務所,一般会計,普通財産,国有財産特別措置法 第３条第１項第１号,四日市市立富田中学校,三重県四日市市東茂福町１９４７番　外９筆,四日市市,54408357,2430.89,54408357,0,0,0,0,566333,市街化区域,準工業地域,60,200
財務省,東海財務局,津財務事務所,一般会計,普通財産,国有財産特別措置法 第３条第１項第１号,四日市市立桜小学校,三重県四日市市桜町字西沢１２５６,四日市市,5443985,366.94,5443985,0,0,0,0,66496,市街化調整区域,都市計画用途地域指定なし,60,200
財務省,東海財務局,津財務事務所,一般会計,普通財産,国有財産特別措置法 第３条第１項第１号,四日市市立中央小学校,三重県四日市市元新町８番　外３筆,四日市市,92745534,3773.55,92745534,0,0,0,0,1570319,市街化区域,商業地域,80,500
財務省,東海財務局,津財務事務所,一般会計,普通財産,国有財産特別措置法 第３条第１項第１号,四日市市立内部中学校,三重県四日市市波木町字神楽田６９７番地先外,四日市市,2094571,430.1,2094571,0,0,0,0,51095,市街化調整区域,都市計画用途地域指定なし,60,200
財務省,東海財務局,岐阜財務事務所,一般会計,普通財産,国有財産特別措置法 第３条第１項第１号,岐阜県立長良特別支援学校敷地,岐阜県岐阜市大字長良字尾花１２３７−３外１,岐阜県,1158072,153.44,1158072,0,0,0,0,33663,市街化区域,第一種低層住居専用地域,50,80
財務省,東海財務局,岐阜財務事務所,一般会計,普通財産,国有財産特別措置法 第３条第１項第１号,岐南町立東小学校敷地,岐阜県羽島郡岐南町野中１丁目１２７,岐南町,4932133,211.88,4932133,0,0,0,0,124637,市街化区域,第一種住居地域,60,200
財務省,近畿財務局,本局,一般会計,普通財産,国有財産特別措置法 第３条第１項第１号,大阪府立住吉高校,大阪府大阪市阿倍野区北畠３丁目２２７番,大阪府,1208453760,16784.08,1208453760,0,0,0,0,23693127,市街化区域,第二種中高層住居専用地域,60,200
財務省,近畿財務局,本局,一般会計,普通財産,国有財産特別措置法 第３条第１項第１号,吹田市立吹田第一小学校及び吹田第一幼稚園,大阪府吹田市元町６７６ほか,吹田市,318405564,6430.51,318405564,0,0,0,0,5139387,市街化区域,第二種住居地域,60,300
財務省,近畿財務局,本局,一般会計,普通財産,国有財産特別措置法 第３条第１項第１号,吹田市立南山田小学校及び南山田幼稚園,大阪府吹田市千里丘西２１６４ほか先,吹田市,1580531,78.05,1580531,0,0,0,0,29026,市街化区域,第二種中高層住居専用地域,60,150
財務省,近畿財務局,本局,一般会計,普通財産,国有財産特別措置法 第３条第１項第１号,吹田市立山田第三小学校,大阪府吹田市山田西１−７８５−３ほか３筆先,吹田市,1796256,75.62,1796256,0,0,0,0,32305,市街化区域,第二種中高層住居専用地域,60,200
財務省,近畿財務局,本局,一般会計,普通財産,国有財産特別措置法 第３条第１項第１号,条南小学校敷地,大阪府泉大津市宮町２８番地２,泉大津市,199101,13.4,199101,0,0,0,0,3486,市街化区域,準工業地域,60,200
財務省,近畿財務局,本局,一般会計,普通財産,国有財産特別措置法 第３条第１項第１号,高槻市立南大冠小学校,大阪府高槻市大塚町１−６１−３ほか先,高槻市,10998429,755.93,10998429,0,0,0,0,221178,市街化区域,第一種住居地域,60,200
財務省,近畿財務局,本局,一般会計,普通財産,国有財産特別措置法 第３条第１項第１号,高槻市立大冠小学校,大阪府高槻市天川町４４７−１ほか先,高槻市,4697130,350.91,4697130,0,0,0,0,95086,市街化区域,第一種低層住居専用地域,50,100
財務省,近畿財務局,本局,一般会計,普通財産,国有財産特別措置法 第３条第１項第１号,枚方市立第三中学校,大阪府枚方市養父東町１５２０番１,枚方市,12236751,837.69,12236751,0,0,0,0,224982,市街化区域,第二種低層住居専用地域,50,100
財務省,近畿財務局,本局,一般会計,普通財産,国有財産特別措置法 第３条第１項第１号,枚方市立さだ東小学校,大阪府枚方市翠香園町３１５−２ほか９筆先,枚方市,2838803,207.87,2838803,0,0,0,0,75753,市街化区域,都市計画用途地域指定なし,60,200
財務省,近畿財務局,本局,一般会計,普通財産,国有財産特別措置法 第３条第１項第１号,枚方市立菅原東小学校,大阪府枚方市大字津田４４６７−１先,枚方市,3770041,204.58,3770041,0,0,0,0,62077,市街化区域,第二種中高層住居専用地域,60,200
財務省,近畿財務局,本局,一般会計,普通財産,国有財産特別措置法 第３条第１項第１号,枚方市立藤阪小学校,大阪府枚方市藤阪南町１丁目２３５−２ほか地先,枚方市,5285532,502.46,5285532,0,0,0,0,99451,市街化調整区域,-,-,-
財務省,近畿財務局,本局,一般会計,普通財産,国有財産特別措置法 第３条第１項第１号,枚方市立長尾中学校,大阪府枚方市長尾北町３丁目１８５７番ほか１６筆先,枚方市,5164872,415.82,5164872,0,0,0,0,79256,市街化調整区域,-,-,-
財務省,近畿財務局,本局,一般会計,普通財産,国有財産特別措置法 第３条第１項第１号,枚方市立東香里中学校,大阪府枚方市東香里元町２９８６番ほか地先,枚方市,8681121,600.02,8681121,0,0,0,0,178393,市街化区域,第一種低層住居専用地域,50,100
財務省,近畿財務局,本局,一般会計,普通財産,国有財産特別措置法 第３条第１項第１号,枚方市立山田東小学校,大阪府枚方市田口３丁目２５４−２ほか地先,枚方市,8327255,631.72,8327255,0,0,0,0,236202,市街化区域,準工業地域,60,200
財務省,近畿財務局,本局,一般会計,普通財産,国有財産特別措置法 第３条第１項第１号,枚方市立平野小学校,大阪府枚方市招堤中町１丁目１６９番ほか地先,枚方市,2624054,170.83,2624054,0,0,0,0,66599,市街化区域,第一種低層住居専用地域,50,100
財務省,近畿財務局,本局,一般会計,普通財産,国有財産特別措置法 第３条第１項第１号,茨木市立西陵中学校,大阪府茨木市南春日丘１−３−１ほか先,茨木市,5728251,383.73,5728251,0,0,0,0,209524,市街化区域,第一種低層住居専用地域,50,100
財務省,近畿財務局,本局,一般会計,普通財産,国有財産特別措置法 第３条第１項第１号,寝屋川市立第八中学校敷地,大阪府寝屋川市占野５丁目１８４番１０ほか地先,寝屋川市,3065429,237.85,3065429,0,0,0,0,58482,市街化区域,準工業地域,60,200
財務省,近畿財務局,本局,一般会計,普通財産,国有財産特別措置法 第３条第１項第１号,寝屋川市立第５中学校敷地,大阪府寝屋川市上神田２丁目３６４番ほか先,寝屋川市,21947104,1416.11,21947104,0,0,0,0,416724,市街化区域,第二種中高層住居専用地域,60,200
財務省,近畿財務局,本局,一般会計,普通財産,国有財産特別措置法 第３条第１項第１号,四条小学校,大阪府大東市野崎４丁目２０６−１ほか先,大東市,3344947,183.46,3344947,0,0,0,0,64165,市街化区域,準工業地域,60,200
財務省,近畿財務局,本局,一般会計,普通財産,国有財産特別措置法 第３条第１項第１号,大東市立諸福中学校,大阪府大東市諸福５丁目３１２ほか先,大東市,27521337,1443.94,27521337,0,0,0,0,468571,市街化区域,第二種住居地域,60,200
財務省,近畿財務局,本局,一般会計,普通財産,国有財産特別措置法 第３条第１項第１号,三箇小学校敷地,大阪府大東市三箇１丁目３２２−１ほか１１筆先,大東市,2287258,158.87,2287258,0,0,0,0,34228,市街化区域,第二種中高層住居専用地域,60,200
財務省,近畿財務局,本局,一般会計,普通財産,国有財産特別措置法 第３条第１項第１号,羽曳野市立高鷲南中学校,大阪府羽曳野市高鷲２−２０８ほか先,羽曳野市,7742569,505.56,7742569,0,0,0,0,118186,市街化区域,第二種中高層住居専用地域,60,200
財務省,近畿財務局,本局,一般会計,普通財産,国有財産特別措置法 第３条第１項第１号,摂津市立第四中学校,大阪府摂津市東別府４−６９９−１ほか先,摂津市,10242485,192.72,10242485,0,0,0,0,56250,市街化区域,第二種住居地域,60,200
財務省,近畿財務局,本局,一般会計,普通財産,国有財産特別措置法 第３条第１項第１号,東大阪市立三丿瀬小学校,大阪府東大阪市三ノ瀬１−３０−１,東大阪市,125735904,3742.14,125735904,0,0,0,0,2804580,市街化区域,第二種住居地域,60,200
財務省,近畿財務局,本局,一般会計,普通財産,国有財産特別措置法 第３条第１項第１号,東大阪市立新喜多中学校,大阪府東大阪市新喜多２丁目５１６,東大阪市,294273900,9809.13,294273900,0,0,0,0,7507584,市街化区域,第二種住居地域,60,200
財務省,近畿財務局,本局,一般会計,普通財産,国有財産特別措置法 第３条第１項第１号,東大阪市立西公民館意岐部公民分館敷地,大阪府東大阪市御厨中２丁目５０９番４,東大阪市,25522973,480.08,25522973,0,0,0,0,482892,市街化区域,第二種住居地域,60,200
財務省,近畿財務局,京都財務事務所,一般会計,普通財産,国有財産特別措置法 第３条第１項第１号,京都市立西院小学校敷地,京都府京都市右京区西院春日町,京都市,417618,52.62,417618,0,0,0,0,40449,市街化区域,準工業地域,60,200
財務省,近畿財務局,京都財務事務所,一般会計,普通財産,国有財産特別措置法 第３条第１項第１号,学校敷地（府立桂高等学校運動場敷地）,京都府京都市西京区川島莚田町５４—１、川島滑樋町９２—３,京都府,620156160,16149.90,620156160,0,0,0,0,10768482,市街化区域,第一種低層住居専用地域,50,80
財務省,近畿財務局,京都財務事務所,一般会計,普通財産,国有財産特別措置法 第３条第１項第１号,東宇治幼稚園（学校）敷地,京都府宇治市五ヶ庄池ノ浦３６—４,宇治市,94533875,4365.48,94533875,0,0,0,0,2810817,市街化区域,第二種住居地域,60,200
財務省,近畿財務局,京都財務事務所,一般会計,普通財産,国有財産特別措置法 第３条第１項第１号,宇治小学校敷地,京都府宇治市五ヶ庄三番割３６—６,宇治市,403791,70.3,403791,0,0,0,0,38053,市街化区域,第二種住居地域,60,200
財務省,近畿財務局,京都財務事務所,一般会計,普通財産,国有財産特別措置法 第３条第１項第１号,南小倉小学校敷地,京都府宇治市小倉町南浦６２—１ほか先,宇治市,37276560,1416.43,37276560,0,0,0,0,491643,市街化区域,第二種中高層住居専用地域,60,200
財務省,近畿財務局,京都財務事務所,一般会計,普通財産,国有財産特別措置法 第３条第１項第１号,亀岡市立城西小学校敷地,京都府亀岡市余部町前川原７ー１ほか先,亀岡市,2608711,115.15,2608711,0,0,0,0,48321,市街化区域,第二種住居地域,60,200
財務省,近畿財務局,京都財務事務所,一般会計,普通財産,国有財産特別措置法 第３条第１項第１号,長岡京市立長岡第三中学校,京都府長岡京市勝竜寺８２１—１ほか５筆先,長岡京市,5678799,259.78,5678799,0,0,0,0,162708,市街化区域,第二種住居地域,60,200
財務省,近畿財務局,京都財務事務所,一般会計,普通財産,国有財産特別措置法 第３条第１項第１号,八幡市立八幡小学校敷地,京都府八幡市八幡三本橋６ほか先,八幡市,173728,220.22,173728,0,0,0,0,27956,市街化区域,第二種住居地域,60,200
財務省,近畿財務局,京都財務事務所,一般会計,普通財産,国有財産特別措置法 第３条第１項第１号,八幡幼稚園敷地,京都府八幡市八幡三本橋６ほか先,八幡市,69199,87.72,69199,0,0,0,0,11135,市街化区域,第二種住居地域,60,200
財務省,近畿財務局,京都財務事務所,一般会計,普通財産,国有財産特別措置法 第３条第１項第１号,京田辺市立大住小学校,京都府京田辺市大住池平１０７,京田辺市,5307205,330.57,5307205,0,0,0,0,26433,市街化調整区域,-,60,200
財務省,近畿財務局,京都財務事務所舞鶴出張所,一般会計,普通財産,国有財産特別措置法 第３条第１項第１号,福知山市立桃映中学校敷地,京都府福知山市字堀小字植木ノ下１３０９−１外１筆,福知山市,10893447,1334.30,10893447,0,0,0,0,265895,市街化区域,第一種住居地域,60,200
財務省,近畿財務局,京都財務事務所舞鶴出張所,一般会計,普通財産,国有財産特別措置法 第３条第１項第１号,京都府立舞鶴養護学校北吸分校敷地,京都府舞鶴市字北吸小字北宿10063ほか,京都府,42677238,1833.78,42677238,0,0,0,0,688058,市街化区域,第一種住居地域,60,200
財務省,近畿財務局,京都財務事務所舞鶴出張所,一般会計,普通財産,国有財産特別措置法 第３条第１項第１号,公営住宅敷地（外側住宅）,京都府宮津市字安智２４５２番１ほか２筆,宮津市,10721679,748.16,10721679,0,0,0,0,239933,非線引,第一種住居地域,60,200
財務省,近畿財務局,神戸財務事務所,一般会計,普通財産,国有財産特別措置法 第３条第１項第１号,学校施設敷地（本庄中学校プ−ル敷地）,兵庫県神戸市東灘区青木４丁目７９番２,神戸市,58536380,363.58,58536380,0,0,0,0,355047,市街化区域,第一種住居地域,60,200
財務省,近畿財務局,神戸財務事務所,一般会計,普通財産,国有財産特別措置法 第３条第１項第１号,公営住宅敷地等,兵庫県赤穂市中広字東沖１５７６−４８ほか,赤穂市,376747503,10822.56,376747503,0,0,0,0,3732460,市街化区域,準工業地域,60,200
財務省,近畿財務局,神戸財務事務所,一般会計,普通財産,国有財産特別措置法 第３条第１項第１号,公営住宅敷地等,兵庫県赤穂市中広字東沖１５７６−７０ほか,兵庫県,208583950,5943.24,208583950,0,0,0,0,2266618,市街化区域,準工業地域,60,200
財務省,近畿財務局,神戸財務事務所,一般会計,普通財産,国有財産特別措置法 第３条第１項第１号,宝塚市立御殿山中学校敷地,兵庫県宝塚市御殿山１丁目２３番１ほか地先,宝塚市,58970853,1037.57,58970853,0,0,0,0,333119,市街化区域,第二種中高層住居専用地域,60,200
財務省,近畿財務局,奈良財務事務所,一般会計,普通財産,国有財産特別措置法 第３条第１項第１号,奈良市立鼓阪小学校敷地,奈良県奈良市雑司町１４２−２外２筆,奈良市,322257,3828.44,322257,0,0,0,0,1662910,市街化調整区域,都市計画用途地域指定なし,60,200
財務省,近畿財務局,奈良財務事務所,一般会計,普通財産,国有財産特別措置法 第３条第１項第１号,県立高田高等学校敷地,奈良県大和高田市礒野東町１６０番１外１筆,奈良県,25427,150.27,25427,0,0,0,0,40481,市街化区域,第二種住居地域,60,200
財務省,近畿財務局,奈良財務事務所,一般会計,普通財産,国有財産特別措置法 第３条第１項第１号,平群町立平群東小学校敷地,奈良県生駒郡平群町吉新２丁目４２４番,平群町,4189909,176.19,4189909,0,0,0,0,42469,市街化区域,第二種中高層住居専用地域,60,200
財務省,近畿財務局,和歌山財務事務所,一般会計,普通財産,国有財産特別措置法 第３条第１項第１号,公営住宅,和歌山県和歌山市加太,和歌山市,3,0,0,123.14,123.14,3,0,24909,-,-,-,-
財務省,近畿財務局,和歌山財務事務所,一般会計,普通財産,国有財産特別措置法 第３条第１項第１号,第二種公営住宅敷地,和歌山県日高郡由良町大字阿戸字上西ノ原２８０−２外１筆,由良町,18460677,2505.59,18460677,0,0,0,0,278912,都市計画区域外,都市計画用途地域指定なし,70,400
財務省,近畿財務局,和歌山財務事務所,一般会計,普通財産,国有財産特別措置法 第３条第１項第１号,水防倉庫兼防火水槽,和歌山県東牟婁郡串本町西向字原町通８３１−６,串本町,1328977,87.72,1328977,0,0,0,0,26977,都市計画区域外,都市計画用途地域指定なし,70,400
財務省,中国財務局,本局,一般会計,普通財産,国有財産特別措置法 第３条第１項第１号,市営住宅及び付属用地,広島県広島市中区基町１　外,広島市,8085198388,93801.79,8085198388,0,0,0,0,201039655,市街化区域,第二種住居地域,60,300
財務省,中国財務局,本局,一般会計,普通財産,国有財産特別措置法 第３条第１項第１号,広島市立基町小学校敷地,広島県広島市中区基町１,広島市,1047011367,11747.08,1047011367,0,0,0,0,19637556,市街化区域,第二種住居地域,60,300
財務省,中国財務局,本局,一般会計,普通財産,国有財産特別措置法 第３条第１項第１号,基町幼稚園敷地,広島県広島市中区基町１,広島市,139929504,1325.09,139929504,0,0,0,0,2746193,市街化区域,第二種住居地域,60,300
財務省,中国財務局,本局,一般会計,普通財産,国有財産特別措置法 第３条第１項第１号,県営住宅敷地,広島県広島市中区基町１番３、３番７,広島県,1109416286,15327.24,1109416286,0,0,0,0,27312268,市街化区域,第二種住居地域,60,300
財務省,中国財務局,本局,一般会計,普通財産,国有財産特別措置法 第３条第１項第１号,広島市立似島学園小学校及び中学校敷地,広島県広島市南区似島町長谷４８６０外,広島市,190456388,22472.73,190456387,0,0,0,1,5579291,都市計画区域外,都市計画用途地域指定なし,0,50
財務省,中国財務局,本局,一般会計,普通財産,国有財産特別措置法 第３条第１項第１号,中筋小学校敷地,広島県広島市安佐南区中筋二丁目５５７−２外,広島市,4465016,274.04,4465016,0,0,0,0,88605,市街化区域,第一種住居地域,60,200
財務省,中国財務局,本局,一般会計,普通財産,国有財産特別措置法 第３条第１項第１号,市立重井中学校敷地,広島県尾道市因島重井町字細口６５１番４,尾道市,8558813,2995.01,8558813,0,0,0,0,149313,市街化区域,第一種住居地域,60,200
財務省,中国財務局,本局,一般会計,普通財産,国有財産特別措置法 第３条第１項第１号,公営住宅敷地,広島県安芸郡海田町蟹原１丁目１５７０−１,海田町,63642365,1728.46,63642365,0,0,0,0,1202388,市街化区域,第一種住居地域,60,200
財務省,中国財務局,本局呉出張所,一般会計,普通財産,国有財産特別措置法 第３条第１項第１号,市営住宅敷地,広島県呉市山手２丁目２６５,呉市,5607635,382.73,5607635,0,0,0,0,143939,市街化区域,第一種住居地域,60,200
財務省,中国財務局,本局呉出張所,一般会計,普通財産,国有財産特別措置法 第３条第１項第１号,市営住宅敷地,広島県呉市阿賀北６丁目,呉市,12625474,746.19,12625474,0,0,0,0,265297,市街化区域,第一種中高層住居専用地域,60,200
財務省,中国財務局,本局呉出張所,一般会計,普通財産,国有財産特別措置法 第３条第１項第１号,公営住宅（隣保館併設）敷地,広島県呉市広白岳３丁目,呉市,35465243,1903.21,35465243,0,0,0,0,870504,市街化区域,第一種住居地域,60,200
財務省,中国財務局,本局呉出張所,一般会計,普通財産,国有財産特別措置法 第３条第１項第１号,市営住宅敷地,広島県竹原市忠海東町４丁目１０２７−５外,竹原市,96913152,8716.45,96913152,0,0,0,0,1575451,非線引,第二種中高層住居専用地域,60,200
財務省,中国財務局,本局呉出張所,一般会計,普通財産,国有財産特別措置法 第３条第１項第１号,宮ノ原住宅敷地,広島県江田島市江田島町宮ノ原２丁目１５６８５−２９,江田島市,8375866,608.16,8375866,0,0,0,0,159379,非線引,都市計画用途地域指定なし,70,400
財務省,中国財務局,本局呉出張所,一般会計,普通財産,国有財産特別措置法 第３条第１項第１号,小用南住宅敷地,広島県江田島市江田島町小用１丁目１９２１０−８,江田島市,21287509,1324.72,21287509,0,0,0,0,476026,非線引,都市計画用途地域指定なし,70,400
財務省,中国財務局,本局呉出張所,一般会計,普通財産,国有財産特別措置法 第３条第１項第１号,立石公営住宅敷地,広島県江田島市江田島町宮ノ原２丁目１５４３８−３,江田島市,32229553,4398.27,32229553,0,0,0,0,699016,非線引,準工業地域,60,200
財務省,中国財務局,本局呉出張所,一般会計,普通財産,国有財産特別措置法 第３条第１項第１号,切串住宅敷地,広島県江田島市江田島町切串１丁目１０２９１−１外,江田島市,6012348,455.22,6012348,0,0,0,0,115424,非線引,都市計画用途地域指定なし,70,400
財務省,中国財務局,山口財務事務所,一般会計,普通財産,国有財産特別措置法 第３条第１項第１号,俵田翁記念体育館敷地,山口県宇部市恩田町四丁目２９９３番１外,宇部市,6113348,1179.29,6113348,0,0,0,0,129160,非線引,準工業地域,60,200
財務省,中国財務局,山口財務事務所,一般会計,普通財産,国有財産特別措置法 第３条第１項第１号,山口県立光高等学校敷地,山口県光市大字光井６丁目６８９−３,山口県,674931572,78117.08,674931572,0,0,0,0,16219770,市街化区域,第二種中高層住居専用地域,60,200
財務省,中国財務局,山口財務事務所,一般会計,普通財産,国有財産特別措置法 第３条第１項第１号,大気汚染測定局敷地,山口県光市大字光井６丁目６８９−３,山口県,258508,29.92,258508,0,0,0,0,6268,市街化区域,第二種中高層住居専用地域,60,200
財務省,中国財務局,山口財務事務所,一般会計,普通財産,国有財産特別措置法 第３条第１項第１号,市営住宅施設,山口県光市中村町３５７８−２９　外,光市,11,0,0,371.18,371.18,8,3,104574,-,-,-,-
財務省,中国財務局,山口財務事務所,一般会計,普通財産,国有財産特別措置法 第３条第１項第１号,公営住宅敷地,山口県岩国市錦町広瀬字河内神５番１外,岩国市,18087562,2286.39,18087562,0,0,0,0,306105,都市計画区域外,-,-,-
財務省,中国財務局,山口財務事務所下関出張所,一般会計,普通財産,国有財産特別措置法 第３条第１項第１号,公営住宅敷地,山口県下関市上田中町７丁目１７−１,下関市,18616327,1403.36,18616327,0,0,0,0,366538,市街化区域,第一種中高層住居専用地域,60,200
財務省,中国財務局,山口財務事務所下関出張所,一般会計,普通財産,国有財産特別措置法 第３条第１項第１号,向洋中学校施設敷地,山口県下関市向洋町１丁目,下関市,408816005,17258.02,408816005,0,0,0,0,5110332,市街化区域,第一種中高層住居専用地域,60,200
財務省,中国財務局,岡山財務事務所,一般会計,普通財産,国有財産特別措置法 第３条第１項第１号,総社東中学校敷地,岡山県総社市井手字早溝５６３番１外,総社市,174423461,3449.93,174423461,0,0,0,0,915386,市街化区域,第二種住居地域,60,200
財務省,中国財務局,岡山財務事務所倉敷出張所,一般会計,普通財産,国有財産特別措置法 第３条第１項第４号,倉敷翠松高等学校敷地,岡山県倉敷市平田字板宿１５５−９４、１５５−９５,学校法人　片山学園,6508874,528.03,6508874,0,0,0,0,-,市街化区域,第二種住居地域,60,200
財務省,中国財務局,岡山財務事務所倉敷出張所,一般会計,普通財産,国有財産特別措置法 第３条第１項第１号,倉敷中央高等学校敷地,岡山県倉敷市西富井字柳原１３８５,岡山県,21962627,1018.02,21962627,0,0,0,0,398510,市街化区域,第二種住居地域,60,200
財務省,中国財務局,岡山財務事務所倉敷出張所,一般会計,普通財産,国有財産特別措置法 第３条第１項第１号,岡山県立玉島高等学校運動場用地,岡山県倉敷市玉島阿賀崎三丁目５７５−１,岡山県,17019500,926.28,17019500,0,0,0,0,296723,市街化区域,第二種住居地域,60,200
財務省,中国財務局,岡山財務事務所倉敷出張所,一般会計,普通財産,国有財産特別措置法 第３条第１項第１号,乙島東小学校校舎敷地,岡山県倉敷市玉島乙島字高後沖７４７１−３８３,倉敷市,9393752,568.59,9393752,0,0,0,0,65997,市街化区域,準工業地域,60,200
財務省,中国財務局,岡山財務事務所倉敷出張所,一般会計,普通財産,国有財産特別措置法 第３条第１項第１号,柏島小学校運動場用地,岡山県倉敷市玉島柏島字小砂子２７５０−１,倉敷市,854037,36.36,854037,0,0,0,0,3648,市街化区域,第一種低層住居専用地域,40,80
財務省,中国財務局,岡山財務事務所倉敷出張所,一般会計,普通財産,国有財産特別措置法 第３条第１項第１号,第五福田幼稚園敷地,岡山県倉敷市水島東千鳥町７,倉敷市,69026497,3473.21,69026497,0,0,0,0,2201973,市街化区域,商業地域,80,400
財務省,中国財務局,岡山財務事務所倉敷出張所,一般会計,普通財産,国有財産特別措置法 第３条第１項第１号,第五福田小学校敷地,岡山県倉敷市水島西千鳥町８,倉敷市,456383697,24759.46,456383697,0,0,0,0,11479618,市街化区域,商業地域,80,400
財務省,中国財務局,岡山財務事務所倉敷出張所,一般会計,普通財産,国有財産特別措置法 第３条第１項第１号,公営住宅集会所敷地,岡山県倉敷市水島明神町８３−３５,倉敷市,7042995,267.28,7042995,0,0,0,0,113597,市街化区域,準工業地域,60,200
財務省,中国財務局,岡山財務事務所倉敷出張所,一般会計,普通財産,国有財産特別措置法 第３条第１項第１号,水島児童館敷地,岡山県倉敷市水島北幸町１１２,倉敷市,74452586,3329.02,74452586,0,0,0,0,2123175,市街化区域,近隣商業地域,80,200
財務省,中国財務局,岡山財務事務所倉敷出張所,一般会計,普通財産,国有財産特別措置法 第３条第１項第１号,里庄東小学校運動場敷地,岡山県浅口郡里庄町大字里見字鴨町６６１８−１,里庄町,26097,409.93,26097,0,0,0,0,91610,非線引,都市計画用途地域指定なし,70,400
財務省,中国財務局,鳥取財務事務所,一般会計,普通財産,国有財産特別措置法 第３条第１項第１号,県立鳥取東高等学校及び同窓会館敷地,鳥取県鳥取市立川町５丁目１７３番１３外,鳥取県,5037568,471.29,5037568,0,0,0,0,126074,市街化区域,第一種住居地域,60,200
財務省,中国財務局,鳥取財務事務所,一般会計,普通財産,国有財産特別措置法 第３条第１項第１号,県立岩美高等学校敷地,鳥取県岩美郡岩美町大字浦富字長桝７２２−２外３筆,鳥取県,1695238,211.04,1695238,0,0,0,0,21407,非線引,-,-,-
財務省,中国財務局,松江財務事務所,一般会計,普通財産,国有財産特別措置法 第３条第１項第１号,能義小学校敷地,島根県安来市飯生町２６５−５,安来市,37374481,3117.46,37374481,0,0,0,0,580791,市街化調整区域,都市計画用途地域指定なし,70,200
財務省,四国財務局,本局,一般会計,普通財産,国有財産特別措置法 第３条第１項第１号,観音寺市立観音寺中学校敷地,香川県観音寺市八幡町二丁目甲３９７０番１,観音寺市,22278264,3801.61,22278264,0,0,0,0,569271,非線引,第一種低層住居専用地域,40,60
財務省,四国財務局,本局,一般会計,普通財産,国有財産特別措置法 第３条第１項第１号,さぬき市立津田小学校敷地,香川県さぬき市津田町津田字琴林１４４−２,さぬき市,84731382,12451.18,84731382,0,0,0,0,2183185,非線引,都市計画用途地域指定なし,70,200
財務省,四国財務局,本局,一般会計,普通財産,国有財産特別措置法 第３条第１項第１号,香川県立琴平高等学校敷地,香川県仲多度郡琴平町五條字八反地７００外４筆,香川県,898458,1733.56,898458,0,0,0,0,276006,非線引,都市計画用途地域指定なし,70,200
財務省,四国財務局,松山財務事務所,一般会計,普通財産,国有財産特別措置法 第３条第１項第１号,東中学校及び東雲小学校敷地,愛媛県松山市文京町２番２,松山市,318639090,9655.73,318639090,0,0,0,0,7509952,市街化区域,第一種住居地域,60,200
財務省,四国財務局,松山財務事務所,一般会計,普通財産,国有財産特別措置法 第３条第１項第１号,市立津田中学校敷地,愛媛県松山市北斎院町,松山市,185353992,9085.98,185353992,0,0,0,0,4694140,市街化区域,第一種住居地域,60,200
財務省,四国財務局,松山財務事務所,一般会計,普通財産,国有財産特別措置法 第３条第１項第１号,野村高校敷地の一部,愛媛県西予市野村町阿下６号１７,愛媛県,1932,339,1932,0,0,0,0,18163,非線引,第一種住居地域,60,200
財務省,四国財務局,徳島財務事務所,一般会計,普通財産,国有財産特別措置法 第３条第１項第１号,加茂名中学校敷地,徳島県徳島市庄町１丁目７６−１のうち,徳島市,988639806,24593.03,988639806,0,0,0,0,22793160,市街化区域,第一種中高層住居専用地域,60,200
財務省,四国財務局,徳島財務事務所,一般会計,普通財産,国有財産特別措置法 第３条第１項第１号,今津小学校敷地,徳島県阿南市那賀川町敷地２５１外地先,阿南市,3050254,639.75,3050254,0,0,0,0,55677,市街化調整区域,-,70,200
財務省,九州財務局,本局,一般会計,普通財産,国有財産特別措置法 第３条第１項第１号,託麻原小学校敷地,熊本県熊本市中央区渡鹿２丁目９２６外,熊本市,148450857,5355.37,148450857,0,0,0,0,2883866,市街化区域,第二種中高層住居専用地域,60,200
財務省,九州財務局,本局,一般会計,普通財産,国有財産特別措置法 第３条第１項第１号,防災施設敷地,熊本県八代市清水町４８４番外１筆,八代市,2068946,94.56,2068946,0,0,0,0,39397,非線引,近隣商業地域,80,300
財務省,九州財務局,本局,一般会計,普通財産,国有財産特別措置法 第３条第１項第１号,下上郷公民館敷地,熊本県宇城市豊野町上郷字下前田１９６−１のうち,宇城市,974670,546.35,974670,0,0,0,0,13514,都市計画区域外,-,-,-
財務省,九州財務局,大分財務事務所,一般会計,普通財産,国有財産特別措置法 第３条第１項第１号,公営住宅敷地,大分県臼杵市大字市浜字後川１００８−５,臼杵市,23314028,1610.38,23314028,0,0,0,0,272003,非線引,第一種住居地域,60,200
財務省,九州財務局,鹿児島財務事務所名瀬出張所,一般会計,普通財産,国有財産特別措置法 第３条第１項第１号,公民館及び消防器具格納庫敷地,鹿児島県大島郡瀬戸内町嘉鉄字金久原３２２−６のうち,瀬戸内町,3412450,431.25,3412450,0,0,0,0,31158,都市計画区域外,都市計画用途地域指定なし,-,-
財務省,福岡財務支局,本局,一般会計,普通財産,国有財産特別措置法 第３条第１項第１号,千代小学校敷地,福岡県福岡市博多区東公園１０９番４,福岡市,254260458,8118.15,254260458,0,0,0,0,7273314,市街化区域,第一種住居地域,60,200
財務省,福岡財務支局,本局,一般会計,普通財産,国有財産特別措置法 第３条第１項第１号,市民体育館敷地,福岡県福岡市博多区東公園１０７番１２,福岡市,1110732009,18928.63,1110732009,0,0,0,0,36018818,市街化区域,第一種住居地域,60,200
財務省,福岡財務支局,本局,一般会計,普通財産,国有財産特別措置法 第３条第１項第１号,飯原小学校敷地,福岡県福岡市早良区原７丁目５８８番１,福岡市,157796280,5281.00,157796280,0,0,0,0,2952989,市街化区域,第一種低層住居専用地域,50,80
財務省,福岡財務支局,本局,一般会計,普通財産,国有財産特別措置法 第３条第１項第１号,直方北小学校敷地,福岡県直方市日吉町４３−５外１筆,直方市,6779751,783.78,6779751,0,0,0,0,99944,市街化区域,第一種住居地域,60,200
財務省,福岡財務支局,本局,一般会計,普通財産,国有財産特別措置法 第３条第１項第１号,直方南小学校敷地,福岡県直方市新町３丁目１３００−５外２筆,直方市,3097496,421.18,3097496,0,0,0,0,35331,市街化区域,第一種住居地域,60,200
財務省,福岡財務支局,本局,一般会計,普通財産,国有財産特別措置法 第３条第１項第１号,直方第１中学校敷地,福岡県直方市大字下境字向峯１８４６−４外１筆,直方市,1628442,569.96,1628442,0,0,0,0,22575,非線引,都市計画用途地域指定なし,70,400
財務省,福岡財務支局,本局,一般会計,普通財産,国有財産特別措置法 第３条第１項第１号,須恵第一小学校敷地,福岡県糟屋郡須恵町大字上須恵字南免里９６４−２１,須恵町,10811508,1443.47,10811508,0,0,0,0,219933,市街化区域,第一種低層住居専用地域,40,60
財務省,福岡財務支局,本局小倉出張所,一般会計,普通財産,国有財産特別措置法 第３条第１項第４号,軽費老人ホ−ム敷地,福岡県北九州市小倉北区小文字一丁目　１９３８,社会福祉法人　西日本至福会,67770369,3858.06,67770369,0,0,0,0,-,市街化区域,第一種低層住居専用地域,50,80
財務省,福岡財務支局,佐賀財務事務所,一般会計,普通財産,国有財産特別措置法 第３条第１項第１号,母ケ浦運動広場敷地,佐賀県鹿島市大字音成字籠丙４５４番５外２筆,鹿島市,3072239,729.62,3072239,0,0,0,0,29142,都市計画区域外,都市計画用途地域指定なし,70,400
財務省,福岡財務支局,長崎財務事務所,一般会計,普通財産,国有財産特別措置法 第３条第１項第１号,障害児入所施設敷地,長崎県諫早市永昌東町１９６番１,長崎県,96579632,5760.77,96579632,0,0,0,0,3340017,市街化区域,第二種住居地域,60,300
財務省,福岡財務支局,長崎財務事務所,一般会計,普通財産,国有財産特別措置法 第３条第１項第１号,西大村中学校敷地,長崎県大村市松並１丁目１５７−９,大村市,9326474,722.19,9326474,0,0,0,0,170618,市街化区域,第一種住居地域,60,200
財務省,福岡財務支局,長崎財務事務所,一般会計,普通財産,国有財産特別措置法 第３条第１項第１号,郡中学校敷地,長崎県大村市沖田町５９、６０、６１,大村市,152975362,9791.63,152975362,0,0,0,0,1618568,市街化区域,第一種住居地域,60,200
財務省,沖縄総合事務局,財務部,一般会計,普通財産,国有財産特別措置法 第３条第１項第１号,那覇市壺川市営住宅敷地,沖縄県那覇市壺川３丁目２−１０,那覇市,54530804,746.67,54530804,0,0,0,0,497197,市街化区域,商業地域,80,400
財務省,沖縄総合事務局,財務部,一般会計,普通財産,国有財産特別措置法 第３条第１項第１号,県立那覇高等学校敷地,沖縄県那覇市二中前楚辺原１地先,沖縄県,15750000,300,15750000,0,0,0,0,183026,市街化区域,第一種住居地域,60,200
財務省,沖縄総合事務局,財務部,一般会計,普通財産,国有財産特別措置法 第３条第１項第１号,嘉数小学校　敷地,沖縄県宜野湾市真栄原１丁目３４５−２・４６４−２,宜野湾市,10265551,844.79,10265551,0,0,0,0,87159,市街化区域,第一種低層住居専用地域,50,100
財務省,沖縄総合事務局,財務部,一般会計,普通財産,国有財産特別措置法 第３条第１項第１号,大謝名小学校　敷地,沖縄県宜野湾市大謝名５丁目５９１−２外４筆,宜野湾市,10064980,342.34,10064980,0,0,0,0,34482,市街化区域,準工業地域,60,200
財務省,沖縄総合事務局,財務部,一般会計,普通財産,国有財産特別措置法 第３条第１項第１号,普天間第二小学校敷地,沖縄県宜野湾市字新城前原２９０番２外５筆,宜野湾市,4736595,449.56,4736595,0,0,0,0,61151,市街化区域,第一種住居地域,60,200
財務省,沖縄総合事務局,財務部,一般会計,普通財産,国有財産特別措置法 第３条第１項第１号,長田小学校敷地,沖縄県宜野湾市字長田３丁目３６４−１７・３７７−２,宜野湾市,12403609,940.13,12403609,0,0,0,0,142608,市街化区域,第一種低層住居専用地域,50,100
財務省,沖縄総合事務局,財務部,一般会計,普通財産,国有財産特別措置法 第３条第１項第１号,北美小学校・幼稚園　敷地,沖縄県沖縄市字登川後原１４３１番４・字登川西原１５２３番２外２,沖縄市,16439063,1287.48,16439063,0,0,0,0,106340,非線引,都市計画用途地域指定なし,70,200
財務省,沖縄総合事務局,財務部,一般会計,普通財産,国有財産特別措置法 第３条第１項第１号,安慶田中学校敷地,沖縄県沖縄市安慶田三丁目３３０番２,沖縄市,11484908,773.17,11484908,0,0,0,0,90859,非線引,第一種中高層住居専用地域,60,200
財務省,沖縄総合事務局,財務部,一般会計,普通財産,国有財産特別措置法 第３条第１項第１号,池原市営住宅,沖縄県沖縄市池原三丁目１９４５番２,沖縄市,1397301,224.86,1397301,0,0,0,0,7954,非線引,都市計画用途地域指定なし,70,200
財務省,沖縄総合事務局,財務部,一般会計,普通財産,国有財産特別措置法 第３条第１項第４号,軽費老人ホーム敷地,沖縄県豊見城市字翁長佐葉緑原６０４−２,社会福祉法人　金城報恩会,3960529,316.31,3960529,0,0,0,0,-,市街化調整区域,都市計画用途地域指定なし,60,200
財務省,沖縄総合事務局,財務部,一般会計,普通財産,国有財産特別措置法 第３条第１項第１号,県立南部農林高等学校敷地,沖縄県豊見城市字金良前原１６０番２,沖縄県,252824,195.38,252824,0,0,0,0,5851,市街化調整区域,都市計画用途地域指定なし,60,200
財務省,沖縄総合事務局,財務部,一般会計,普通財産,国有財産特別措置法 第３条第１項第１号,村営住宅敷地,沖縄県国頭郡伊江村字西江上山中原１６９６のうち,伊江村,8055095,3502.80,8055095,0,0,0,0,110855,都市計画区域外,都市計画用途地域指定なし,-,-
財務省,沖縄総合事務局,財務部,一般会計,普通財産,国有財産特別措置法 第３条第１項第１号,浜田地区公民館敷地,沖縄県島尻郡与那原町字与那原浜田原２９９８−９０,与那原町,17974257,498.98,17974257,0,0,0,0,196039,市街化区域,第一種住居地域,60,200
財務省,沖縄総合事務局,財務部,一般会計,普通財産,国有財産特別措置法 第３条第１項第１号,与那原中学校敷地,沖縄県島尻郡与那原町字与那原東原５５番２,与那原町,18154928,1176.03,18154928,0,0,0,0,123723,市街化区域,第一種中高層住居専用地域,60,200
財務省,沖縄総合事務局,宮古財務出張所,一般会計,普通財産,国有財産特別措置法 第３条第１項第１号,宮古総合実業高校農場用地,沖縄県宮古島市平良字下里七原１６５７−３外,沖縄県,231239339,84209.11,231239339,0,0,0,0,1566014,非線引,-,-,-
