省庁名,部局名,部局所名,会計名,分類種類名,用途施設名称,所在地,口座別合計価格　（円）,土地数量　（u）,土地価格　（円）,建物数量（建）　（u）,建物数量（延）　（u）,建物価格　（円）,立木竹価格　（円）,工作物価格　（円）,不動産の信託受益権価格　（円）,地上権等数量,地上権等価格　（円）,都市計画区域,用途地域,建ぺい率,容積率
財務省,北海道財務局,本局,財政投融資特別会計（特定国有財産整備勘定）,普通財産,-,北海道浦河郡浦河町堺町西１丁目８３番５,10006240,640.93,10006240,0,0,0,0,0,0,0,0,非線引,第一種住居地域,60,200
財務省,北海道財務局,本局,財政投融資特別会計（特定国有財産整備勘定）,普通財産,-,北海道札幌市東区苗穂町８丁目９番８,52496847,2572.67,52482468,0,0,0,0,14379,0,0,0,市街化区域,工業地域,60,200
財務省,北海道財務局,本局,財政投融資特別会計（特定国有財産整備勘定）,普通財産,-,北海道札幌市東区北２８条東２丁目７８０番１外,572135954,6387.67,206960508,1764.69,5965.19,361803255,739123,2633068,0,0,0,市街化区域,第二種中高層住居専用地域,60,200
財務省,北海道財務局,本局,財政投融資特別会計（特定国有財産整備勘定）,普通財産,-,北海道札幌市中央区南２条西１４丁目２番、南３条西１４丁目２番,361765117,2948.26,358523156,336.22,336.22,3079842,144827,17292,0,0,0,市街化区域,近隣商業地域,80,300
財務省,北海道財務局,本局,財政投融資特別会計（特定国有財産整備勘定）,普通財産,-,北海道札幌市中央区南２条西１４丁目１番１外,485663826,3834.51,466295590,546.01,947.13,17406534,1345201,616501,0,0,0,市街化区域,近隣商業地域,80,300
財務省,北海道財務局,本局,財政投融資特別会計（特定国有財産整備勘定）,普通財産,-,北海道札幌市中央区南２条西１４丁目１番３,85491411,675.22,82110128,124.51,124.51,2197403,1076050,107830,0,0,0,市街化区域,近隣商業地域,80,300
財務省,北海道財務局,本局,財政投融資特別会計（特定国有財産整備勘定）,普通財産,-,北海道札幌市中央区南２条西１４丁目１番２,74860370,599.19,72864499,123.97,123.97,842596,1093344,59931,0,0,0,市街化区域,近隣商業地域,80,300
財務省,北海道財務局,本局,財政投融資特別会計（特定国有財産整備勘定）,普通財産,-,北海道札幌市中央区南２０条西１２丁目８７０番１、８７１番２,187193311,2362.27,180647511,355.69,796.17,6295646,250126,28,0,0,0,市街化区域,第二種中高層住居専用地域,60,200
財務省,北海道財務局,本局,財政投融資特別会計（特定国有財産整備勘定）,普通財産,-,北海道札幌市中央区南２０条西１２丁目８７０番１、８７１番２,2048320,0,0,6.78,138.58,2048313,0,7,0,0,0,-,-,-,-
財務省,北海道財務局,本局,財政投融資特別会計（特定国有財産整備勘定）,普通財産,-,北海道札幌市中央区南１４条西１８丁目３４番４,109641643,1236.70,93182871,300.92,1290.50,15132553,0,1326219,0,0,0,市街化区域,準住居地域,60,300
財務省,北海道財務局,本局,財政投融資特別会計（特定国有財産整備勘定）,普通財産,-,北海道札幌市中央区北１２条西１５丁目２９番６１外,190883224,4356.48,190813824,273.44,684.19,4,0,69396,0,0,0,市街化区域,第一種住居地域,60,200
財務省,北海道財務局,本局,財政投融資特別会計（特定国有財産整備勘定）,普通財産,-,北海道札幌市中央区北１２条西１５丁目２９番６１外,19,0,0,537.52,821.09,4,0,15,0,0,0,-,-,-,-
財務省,北海道財務局,本局,財政投融資特別会計（特定国有財産整備勘定）,普通財産,-,北海道札幌市西区二十四軒４条２丁目３５番,2122713,0,0,21.64,21.64,2021443,0,101270,0,0,0,-,-,-,-
財務省,北海道財務局,本局,財政投融資特別会計（特定国有財産整備勘定）,普通財産,-,北海道札幌市西区二十四軒３条６丁目３番外,2792151,0,0,121.06,236.72,2792135,0,16,0,0,0,-,-,-,-
財務省,北海道財務局,本局,財政投融資特別会計（特定国有財産整備勘定）,普通財産,-,北海道札幌市豊平区平岸２条１２丁目２３番、７０番,471448024,6624.32,305588845,1332.58,4793.24,164753244,45772,1060163,0,0,0,市街化区域,第一種住居地域,60,200
財務省,北海道財務局,本局,財政投融資特別会計（特定国有財産整備勘定）,普通財産,-,北海道札幌市西区八軒１〜５条西３〜５丁目,2313961990,45410.78,1934499229,5521.43,24509.20,373002168,2904596,3555997,0,0,0,市街化区域,第一種中高層住居専用地域,60,200
財務省,北海道財務局,本局,財政投融資特別会計（特定国有財産整備勘定）,普通財産,-,北海道札幌市西区二十四軒４条２丁目３５番,213816751,2463.87,130092337,425.55,1606.94,80045042,73,3679299,0,0,0,市街化区域,第一種住居地域,60,200
財務省,北海道財務局,本局,財政投融資特別会計（特定国有財産整備勘定）,普通財産,-,北海道札幌市西区二十四軒４条２丁目３６番,67358203,720.86,38061407,149.72,572.94,28160438,12,1136346,0,0,0,市街化区域,第一種住居地域,60,200
財務省,北海道財務局,本局,財政投融資特別会計（特定国有財産整備勘定）,普通財産,-,北海道札幌市西区二十四軒３条６丁目９番,19080015,0,0,387.87,1691.40,19079996,0,19,0,0,0,-,-,-,-
財務省,北海道財務局,本局,財政投融資特別会計（特定国有財産整備勘定）,普通財産,-,北海道札幌市西区二十四軒３条６丁目１番,129347384,1294.60,129347369,270.36,473.32,3,0,12,0,0,0,市街化区域,準住居地域,60,300
財務省,北海道財務局,本局,財政投融資特別会計（特定国有財産整備勘定）,普通財産,-,北海道札幌市西区二十四軒３条６丁目９番,382795793,4148.58,363560808,348.19,1657.62,19234967,0,18,0,0,0,市街化区域,第一種住居地域,60,200
財務省,北海道財務局,本局小樽出張所,財政投融資特別会計（特定国有財産整備勘定）,普通財産,-,北海道小樽市塩谷２丁目５７３番４、同番５,7962133,940.27,7962133,0,0,0,0,0,0,0,0,市街化区域,準工業地域,60,200
財務省,北海道財務局,函館財務事務所,財政投融資特別会計（特定国有財産整備勘定）,普通財産,-,北海道松前郡松前町字弁天３１９番３,1991206,2337.10,1975518,0,0,0,0,15688,0,0,0,都市計画区域外,-,-,-
財務省,北海道財務局,函館財務事務所,財政投融資特別会計（特定国有財産整備勘定）,普通財産,-,北海道松前郡松前町字弁天３１９番４,195064,227.66,192436,0,0,0,0,2628,0,0,0,都市計画区域外,-,-,-
財務省,東北財務局,本局,財政投融資特別会計（特定国有財産整備勘定）,普通財産,-,宮城県仙台市青葉区本町２−９−１２,144493594,719.06,144459154,0,0,0,0,34440,0,0,0,市街化区域,商業地域,80,500
財務省,東北財務局,本局,財政投融資特別会計（特定国有財産整備勘定）,普通財産,-,宮城県仙台市青葉区角五郎２丁目２３５番３,343461717,6202.29,342366408,0,0,0,1095304,5,0,0,0,市街化区域,第二種中高層住居専用地域,60,200
財務省,東北財務局,本局,財政投融資特別会計（特定国有財産整備勘定）,普通財産,-,宮城県仙台市青葉区大手町２０７,310473703,3325.46,299291400,0,0,0,335664,10846639,0,0,0,市街化区域,第二種住居地域,60,200
財務省,東北財務局,本局,財政投融資特別会計（特定国有財産整備勘定）,普通財産,-,宮城県仙台市青葉区大手町２０６番,209360069,2215.87,199428300,0,0,0,38416,9893353,0,0,0,市街化区域,第二種住居地域,60,200
財務省,東北財務局,本局,財政投融資特別会計（特定国有財産整備勘定）,普通財産,-,宮城県仙台市太白区太子堂１−６,108795206,1709.77,108795206,0,0,0,0,0,0,0,0,市街化区域,工業地域,60,200
財務省,東北財務局,福島財務事務所,財政投融資特別会計（特定国有財産整備勘定）,普通財産,-,福島県郡山市希望ヶ丘１１２番２,12636471,817.07,12382339,0,0,0,0,254132,0,0,0,市街化区域,第一種住居地域,60,200
財務省,東北財務局,福島財務事務所,財政投融資特別会計（特定国有財産整備勘定）,普通財産,-,福島県福島市南沢又字古舘４５番２ほか,13300001,3373.02,13300000,0,0,0,1,0,0,0,0,市街化調整区域,-,70,400
財務省,東北財務局,青森財務事務所,財政投融資特別会計（特定国有財産整備勘定）,普通財産,-,青森県八戸市築港街２−１６−３,10424260,627.17,10182733,0,0,0,0,241527,0,0,0,市街化区域,工業地域,60,200
財務省,東北財務局,青森財務事務所,財政投融資特別会計（特定国有財産整備勘定）,普通財産,-,青森県西津軽郡鰺ケ沢町大字本町１１２−１,3731320,298.25,3731320,0,0,0,0,0,0,0,0,非線引,準工業地域,60,200
財務省,東北財務局,青森財務事務所,財政投融資特別会計（特定国有財産整備勘定）,普通財産,-,青森県青森市大字筒井字八ツ橋２２６−５１,14479983,444.99,10252569,120.12,120.12,4094851,0,132563,0,0,0,市街化区域,第一種低層住居専用地域,60,150
財務省,東北財務局,山形財務事務所,財政投融資特別会計（特定国有財産整備勘定）,普通財産,-,山形県村山市中央１−１０８５−２０,16892977,1231.17,16891652,0,0,0,0,1325,0,0,0,非線引,準工業地域,60,200
財務省,関東財務局,東京財務事務所,財政投融資特別会計（特定国有財産整備勘定）,普通財産,-,東京都墨田区立花１丁目１−１９,146915541,0,134520607,529.32,529.32,12394920,0,14,0,0,0,市街化区域,第一種住居地域,60,300
財務省,関東財務局,東京財務事務所,財政投融資特別会計（特定国有財産整備勘定）,普通財産,-,東京都葛飾区立石８−３４９−１,288311177,1002.35,234784449,337.69,1021.12,42690135,3216000,7620593,0,0,0,市街化区域,第一種住居地域,60,200
財務省,関東財務局,東京財務事務所,財政投融資特別会計（特定国有財産整備勘定）,普通財産,-,東京都港区元麻布２−３２２−１のうち,1767443391,1758.44,1750249187,276.78,276.78,6278655,10501465,414084,0,0,0,市街化区域,第一種中高層住居専用地域,60,300
財務省,関東財務局,東京財務事務所,財政投融資特別会計（特定国有財産整備勘定）,普通財産,-,東京都世田谷区代沢５−１１１６−３,262807714,542.43,262601211,137.32,164.73,2,0,206501,0,0,0,市街化区域,第一種低層住居専用地域,50,150
財務省,関東財務局,東京財務事務所,財政投融資特別会計（特定国有財産整備勘定）,普通財産,-,東京都中野区東中野１—７５—１２,216155956,524.62,209585690,206.41,764.41,6385234,0,185032,0,0,0,市街化区域,第一種中高層住居専用地域,60,200
財務省,関東財務局,東京財務事務所,財政投融資特別会計（特定国有財産整備勘定）,普通財産,-,東京都杉並区下井草１−９２４−４,158493440,468.4,154244120,199.38,393.24,4204058,22651,22611,0,0,0,市街化区域,第一種低層住居専用地域,50,100
財務省,関東財務局,東京財務事務所,財政投融資特別会計（特定国有財産整備勘定）,普通財産,-,東京都世田谷区下馬２−２５９−２１５,604368511,1334.09,592778877,285.38,1232.18,11135778,51539,402317,0,0,0,市街化区域,第一種中高層住居専用地域,60,200
財務省,関東財務局,東京財務事務所,財政投融資特別会計（特定国有財産整備勘定）,普通財産,-,東京都練馬区上石神井３丁目７９−９１,467942316,1986.25,449297695,372.96,1491.84,15204089,1119822,2320710,0,0,0,市街化区域,第一種低層住居専用地域,50,100
財務省,関東財務局,東京財務事務所,財政投融資特別会計（特定国有財産整備勘定）,普通財産,-,東京都北区赤羽台３丁目７０２番１,243216845,923.62,223151210,304.36,1291.20,17433012,0,2632623,0,0,0,市街化区域,第一種中高層住居専用地域,60,150
財務省,関東財務局,東京財務事務所,財政投融資特別会計（特定国有財産整備勘定）,普通財産,-,東京都中野区上高田５丁目５−２,695226606,3181.36,648997440,663.31,3967.98,44892661,704709,631796,0,0,0,市街化区域,第一種低層住居専用地域,60,150
財務省,関東財務局,東京財務事務所,財政投融資特別会計（特定国有財産整備勘定）,普通財産,-,東京都大田区西糀谷１−１２９８−１外３筆,999384731,2983.29,968677246,770.02,1540.04,29118550,21320,1567615,0,0,0,市街化区域,近隣商業地域 外,80,300
財務省,関東財務局,東京財務事務所,財政投融資特別会計（特定国有財産整備勘定）,普通財産,-,東京都大田区上池台４−１７０,301372555,781.52,289449999,286.83,860.49,9732208,2006400,183948,0,0,0,市街化区域,第一種低層住居専用地域,50,100
財務省,関東財務局,東京財務事務所,財政投融資特別会計（特定国有財産整備勘定）,普通財産,-,東京都中野区江古田４−１７３２−３,354618989,1528.39,311791559,482.37,1432.96,38930889,0,3896541,0,0,0,市街化区域,第一種低層住居専用地域,60,150
財務省,関東財務局,東京財務事務所,財政投融資特別会計（特定国有財産整備勘定）,普通財産,-,東京都足立区中央本町２−５０−２９,347548450,1535.85,327389465,421.46,1380.50,19697427,0,461558,0,0,0,市街化区域,近隣商業地域,80,300
財務省,関東財務局,東京財務事務所,財政投融資特別会計（特定国有財産整備勘定）,普通財産,-,東京都北区滝野川３−５３−１３,222779495,846.74,214978818,189.05,505.45,7523509,0,277168,0,0,0,市街化区域,第一種中高層住居専用地域,60,200
財務省,関東財務局,東京財務事務所,財政投融資特別会計（特定国有財産整備勘定）,普通財産,-,東京都新宿区中井２−１７２６−６,59936392,253.78,54209545,111.69,218.61,5690885,3391,32571,0,0,0,市街化区域,第一種低層住居専用地域,50,100
財務省,関東財務局,東京財務事務所,財政投融資特別会計（特定国有財産整備勘定）,普通財産,-,東京都杉並区高井戸東３−１８９１−５,881901410,3841.44,829751040,784.39,5214.84,51564345,315297,270728,0,0,0,市街化区域,第二種住居地域,60,200
財務省,関東財務局,東京財務事務所,財政投融資特別会計（特定国有財産整備勘定）,普通財産,-,東京都世田谷区下馬２丁目３２２−１,234809918,810.98,228958314,156.6,519.92,5851594,0,10,0,0,0,市街化区域,第一種中高層住居専用地域,60,200
財務省,関東財務局,東京財務事務所,財政投融資特別会計（特定国有財産整備勘定）,普通財産,-,東京都世田谷区岡本２−４３９−８,844968283,3617.75,824697310,850.89,2245.00,19400084,247633,623256,0,0,0,市街化区域,第一種低層住居専用地域,50,100
財務省,関東財務局,東京財務事務所,財政投融資特別会計（特定国有財産整備勘定）,普通財産,-,東京都杉並区高円寺南５丁目７７７−１,1195085694,2586.30,1165182462,709.96,2739.44,27676208,1679971,547053,0,0,0,市街化区域,近隣商業地域,80,400
財務省,関東財務局,東京財務事務所,財政投融資特別会計（特定国有財産整備勘定）,普通財産,-,東京都練馬区大泉学園町７丁目５８７番４,307285501,1439.03,288757843,278.54,822.5,17573644,89191,864823,0,0,0,市街化区域,第一種住居地域,60,300
財務省,関東財務局,東京財務事務所,財政投融資特別会計（特定国有財産整備勘定）,普通財産,-,東京都世田谷区下馬２−２５９−１６４,553498478,1231.40,538662384,230.94,844.3,14638635,44509,152950,0,0,0,市街化区域,第一種中高層住居専用地域,60,200
財務省,関東財務局,東京財務事務所,財政投融資特別会計（特定国有財産整備勘定）,普通財産,-,東京都世田谷区弦巻３−９−２,971121307,2151.39,945408972,712.48,2038.55,25136351,541665,34319,0,0,0,市街化区域,第一種低層住居専用地域,60,150
財務省,関東財務局,東京財務事務所,財政投融資特別会計（特定国有財産整備勘定）,普通財産,-,東京都世田谷区上用賀４丁目８１番１,1076737637,2773.42,1063129541,519.84,1455.84,12379299,0,1228797,0,0,0,市街化区域,第一種低層住居専用地域,50,100
財務省,関東財務局,東京財務事務所,財政投融資特別会計（特定国有財産整備勘定）,普通財産,-,東京都世田谷区上馬５−６−２３,162461193,432.29,154545300,179.5,471.1,7338573,196422,380898,0,0,0,市街化区域,第一種低層住居専用地域,60,150
財務省,関東財務局,東京財務事務所,財政投融資特別会計（特定国有財産整備勘定）,普通財産,-,東京都杉並区下井草１丁目９３２番１０,84182931,275.33,74889760,155.2,293.4,9038866,0,254305,0,0,0,市街化区域,第一種低層住居専用地域,50,100
財務省,関東財務局,東京財務事務所,財政投融資特別会計（特定国有財産整備勘定）,普通財産,-,東京都杉並区高井戸東４−１９０４−２９,640236253,1973.15,618842980,385.84,922.9,20109002,1691,1282580,0,0,0,市街化区域,第一種低層住居専用地域,50,100
財務省,関東財務局,東京財務事務所,財政投融資特別会計（特定国有財産整備勘定）,普通財産,-,東京都世田谷区野毛１−４０−１,7435550543,28638.36,7216560509,4774.08,14468.74,215893132,29139,3067763,0,0,0,市街化区域,第一種低層住居専用地域,40,80
財務省,関東財務局,東京財務事務所立川出張所,財政投融資特別会計（特定国有財産整備勘定）,普通財産,-,東京都立川市富士見町２−１０４−１のうち,14838430412,86475.94,14838430412,729.78,729.78,0,0,0,0,0,0,市街化調整区域,都市計画用途地域指定なし,-,-
財務省,関東財務局,東京財務事務所立川出張所,財政投融資特別会計（特定国有財産整備勘定）,普通財産,-,東京都立川市曙町３−１２１−１０,38166466,176.7,38166465,0,0,0,0,1,0,0,0,市街化区域,第一種低層住居専用地域,40,80
財務省,関東財務局,東京財務事務所立川出張所,財政投融資特別会計（特定国有財産整備勘定）,普通財産,-,東京都東久留米市上の原２−３４１−１外１筆,448427079,4661.47,407422582,771.81,2564.51,39505893,476794,1021810,0,0,0,市街化区域,第一種中高層住居専用地域,60,200
財務省,関東財務局,東京財務事務所立川出張所,財政投融資特別会計（特定国有財産整備勘定）,普通財産,-,東京都東久留米市上の原２−４１２−１,543411695,6192.81,538774470,863.94,3294.72,3345915,0,1291310,0,0,0,市街化区域,第一種中高層住居専用地域,60,200
財務省,関東財務局,東京財務事務所立川出張所,財政投融資特別会計（特定国有財産整備勘定）,普通財産,-,東京都立川市泉町１１１１−５のうち外,3431088992,35741.20,3431088992,0,0,0,0,0,0,0,0,市街化調整区域,都市計画用途地域指定なし,-,-
財務省,関東財務局,東京財務事務所立川出張所,財政投融資特別会計（特定国有財産整備勘定）,普通財産,-,東京都清瀬市梅園１−６１７−６,137480316,895.92,130276623,243.61,665.79,6804408,0,399285,0,0,0,市街化区域,第一種中高層住居専用地域,60,200
財務省,関東財務局,東京財務事務所立川出張所,財政投融資特別会計（特定国有財産整備勘定）,普通財産,-,東京都立川市高松町２−１７６−２,645891249,2256.29,604081034,1042.95,2556.56,37917175,0,3893040,0,0,0,市街化区域,近隣商業地域,80,300
財務省,関東財務局,東京財務事務所立川出張所,財政投融資特別会計（特定国有財産整備勘定）,普通財産,-,東京都立川市錦町４−１２−１,195187230,755.74,185005152,185.28,354.64,9900255,132611,149212,0,0,0,市街化区域,第一種住居地域,60,200
財務省,関東財務局,東京財務事務所立川出張所,財政投融資特別会計（特定国有財産整備勘定）,普通財産,-,東京都武蔵野市西久保３−３３１−１９,103278092,278.16,103199028,79.3,222.04,2,0,79062,0,0,0,市街化区域,準工業地域,60,200
財務省,関東財務局,東京財務事務所立川出張所,財政投融資特別会計（特定国有財産整備勘定）,普通財産,-,東京都武蔵野市境南町５−１４６９−１２,191300828,668.02,178656102,138.2,414.6,11759724,415454,469548,0,0,0,市街化区域,第一種低層住居専用地域,40,80
財務省,関東財務局,東京財務事務所立川出張所,財政投融資特別会計（特定国有財産整備勘定）,普通財産,-,東京都武蔵村山市学園２−３６−１,1843340882,24678.20,1628761200,3292.90,15014.20,187488967,2643011,24447704,0,0,0,市街化区域,第一種中高層住居専用地域,60,200
財務省,関東財務局,東京財務事務所立川出張所,財政投融資特別会計（特定国有財産整備勘定）,普通財産,-,東京都昭島市東町２−１１９−２７,182438026,1162.43,176345280,311.13,459.13,5909865,0,182881,0,0,0,市街化区域,第一種中高層住居専用地域,60,200
財務省,関東財務局,東京財務事務所立川出張所,財政投融資特別会計（特定国有財産整備勘定）,普通財産,病院敷地,東京都立川市錦町４−１２−６外３筆のうち,1244461200,7826.80,1244461200,0,0,0,0,0,0,0,0,市街化区域,第一種住居地域,60,200
財務省,関東財務局,東京財務事務所立川出張所,財政投融資特別会計（特定国有財産整備勘定）,普通財産,-,東京都昭島市中神町字東新畑１２５７番２２,800101920,7995.20,743553600,1319.33,4675.01,52153119,7622,4387579,0,0,0,市街化区域,第一種中高層住居専用地域,60,200
財務省,関東財務局,東京財務事務所立川出張所,財政投融資特別会計（特定国有財産整備勘定）,普通財産,-,東京都東村山市萩山町３−２９−３４,761616593,5660.56,729284977,427.25,1626.05,12951435,14271496,5108685,0,0,0,市街化区域,第一種中高層住居専用地域,60,200
財務省,関東財務局,東京財務事務所立川出張所,財政投融資特別会計（特定国有財産整備勘定）,普通財産,-,東京都東村山市富士見町１丁目２番４６,1091985865,10947.46,985271400,1904.18,5617.56,99355745,1782286,5576434,0,0,0,市街化区域,第一種中高層住居専用地域,60,200
財務省,関東財務局,東京財務事務所立川出張所,財政投融資特別会計（特定国有財産整備勘定）,普通財産,-,東京都三鷹市新川６丁目６４１番１,2054017338,13452.01,1977445470,2009.64,5942.56,66161240,1686558,8724070,0,0,0,市街化区域,第一種住居地域,60,200
財務省,関東財務局,東京財務事務所立川出張所,財政投融資特別会計（特定国有財産整備勘定）,普通財産,-,東京都国分寺市西町１−３２−１外６筆 ,927169206,7609.28,844630081,1598.40,6564.80,81186048,776228,576849,0,0,0,市街化区域,第一種中高層住居専用地域,60,200
財務省,関東財務局,東京財務事務所立川出張所,財政投融資特別会計（特定国有財産整備勘定）,普通財産,-,東京都三鷹市井口１−１２４−１,673688154,2742.42,634812639,753.24,2045.12,34633374,3478848,763293,0,0,0,市街化区域,第一種中高層住居専用地域,60,200
財務省,関東財務局,東京財務事務所立川出張所,財政投融資特別会計（特定国有財産整備勘定）,普通財産,-,東京都国分寺市東戸倉２−１８−３外１筆,48925119,237.93,48918938,65.14,127.06,2,0,6179,0,0,0,市街化区域,第一種低層住居専用地域,40,80
財務省,関東財務局,東京財務事務所立川出張所,財政投融資特別会計（特定国有財産整備勘定）,普通財産,-,東京都東久留米市上の原２丁目３７１番２のうち,1082291132,12395.44,1078403280,693.94,2775.80,3887833,0,19,0,0,0,市街化区域,第一種中高層住居専用地域,60,200
財務省,関東財務局,横浜財務事務所,財政投融資特別会計（特定国有財産整備勘定）,普通財産,オープンスペース,神奈川県横浜市中区山下町２７９番２４,22735874,229.38,20503897,59.2,59.2,2231966,0,11,0,0,0,市街化区域,商業地域,80,400
財務省,関東財務局,横浜財務事務所,財政投融資特別会計（特定国有財産整備勘定）,普通財産,-,神奈川県川崎市高津区蟹ヶ谷字西田原２１６,785070038,7974.81,741657331,1651.48,8121.14,35803634,0,7609073,0,0,0,市街化区域,第一種中高層住居専用地域,60,200
財務省,関東財務局,横浜財務事務所,財政投融資特別会計（特定国有財産整備勘定）,普通財産,-,神奈川県横浜市南区中村町４−２７４−１０,247050881,1525.32,233421244,233.28,846.64,13383545,163782,82310,0,0,0,市街化区域,近隣商業地域,80,300
財務省,関東財務局,横浜財務事務所,財政投融資特別会計（特定国有財産整備勘定）,普通財産,-,神奈川県大和市南林間６−３５７７−１,716410683,9139.43,715156121,0,0,0,0,1254562,0,0,0,市街化区域,第一種低層住居専用地域,50,80
財務省,関東財務局,横浜財務事務所,財政投融資特別会計（特定国有財産整備勘定）,普通財産,-,神奈川県横浜市港南区野庭町字三田町４８１−３　外２筆,285268469,1854.53,251926773,389.35,967.46,32764042,0,577654,0,0,0,市街化区域,第一種低層住居専用地域,50,80
財務省,関東財務局,横浜財務事務所,財政投融資特別会計（特定国有財産整備勘定）,普通財産,-,神奈川県横浜市金沢区六浦４−３９１５　外１筆,107755825,724,98500200,265.68,719.28,9255614,0,11,0,0,0,市街化区域,第一種住居地域,60,200
財務省,関東財務局,横浜財務事務所,財政投融資特別会計（特定国有財産整備勘定）,普通財産,-,神奈川県川崎市高津区蟹ヶ谷字西田原２２０−１,346711092,3492.96,324845279,677.89,2935.03,20155106,1060762,649945,0,0,0,市街化区域,第一種中高層住居専用地域,60,200
財務省,関東財務局,横浜財務事務所,財政投融資特別会計（特定国有財産整備勘定）,普通財産,-,神奈川県横浜市中区山手町４−１７,163345975,625.94,162243648,96.42,96.42,2,961177,141148,0,0,0,市街化区域,第一種低層住居専用地域,40,80
財務省,関東財務局,横浜財務事務所,財政投融資特別会計（特定国有財産整備勘定）,普通財産,-,神奈川県横浜市栄区笠間３−３７５外９筆,351691849,2983.94,304361881,884.95,3636.21,46706018,500634,123316,0,0,0,市街化区域,第二種住居地域,60,200
財務省,関東財務局,横浜財務事務所,財政投融資特別会計（特定国有財産整備勘定）,普通財産,-,神奈川県横浜市港北区菊名５−５３８−１外７筆,266733173,1268.61,245444319,363.32,986.27,19869844,78444,1340566,0,0,0,市街化区域,第一種低層住居専用地域,50,100
財務省,関東財務局,横浜財務事務所,財政投融資特別会計（特定国有財産整備勘定）,普通財産,-,神奈川県横浜市金沢区泥亀２−８８,345769812,2024.62,312757223,586.34,2717.54,32859071,0,153518,0,0,0,市街化区域,近隣商業地域,80,300
財務省,関東財務局,横浜財務事務所,財政投融資特別会計（特定国有財産整備勘定）,普通財産,-,神奈川県横浜市南区三春台２９番２　外１筆,365706599,2401.83,346075435,548.61,1760.14,18322011,1454,1307699,0,0,0,市街化区域,第一種住居地域,60,200
財務省,関東財務局,横浜財務事務所,財政投融資特別会計（特定国有財産整備勘定）,普通財産,-,神奈川県横浜市神奈川区子安台１−４８−２,541592314,2670.10,512050417,700.58,2183.81,28757860,0,784037,0,0,0,市街化区域,準住居地域,60,200
財務省,関東財務局,横浜財務事務所,財政投融資特別会計（特定国有財産整備勘定）,普通財産,-,神奈川県横浜市西区伊勢町三丁目１３３番４　外１筆,290528593,1701.15,277877924,198.27,641.31,9089209,146776,3414684,0,0,0,市街化区域,第二種中高層住居専用地域,60,150
財務省,関東財務局,横浜財務事務所,財政投融資特別会計（特定国有財産整備勘定）,普通財産,-,神奈川県横浜市戸塚区汲沢町字細田１０５２番　外３筆,233760273,2849.34,204976848,621.59,2498.49,28141765,0,641660,0,0,0,市街化調整区域,都市計画用途地域指定なし,50,80
財務省,関東財務局,横浜財務事務所,財政投融資特別会計（特定国有財産整備勘定）,普通財産,-,神奈川県川崎市中原区木月４−１９０３　外１筆,366005174,1503.96,357972559,492.84,1759.49,7931940,0,100675,0,0,0,市街化区域,第一種住居地域,60,200
財務省,関東財務局,横浜財務事務所,財政投融資特別会計（特定国有財産整備勘定）,普通財産,-,神奈川県横浜市西区紅葉ケ丘７番,224981705,972.07,205301184,374.96,1789.07,19497623,0,182898,0,0,0,市街化区域,近隣商業地域,80,300
財務省,関東財務局,横浜財務事務所,財政投融資特別会計（特定国有財産整備勘定）,普通財産,-,神奈川県横浜市戸塚区吉田町字?ノ谷１１６３番３,138689118,1099.65,132984312,208.52,1011.49,4857126,0,847680,0,0,0,市街化区域,第一種中高層住居専用地域,60,150
財務省,関東財務局,横浜財務事務所,財政投融資特別会計（特定国有財産整備勘定）,普通財産,-,神奈川県横浜市神奈川区六角橋四丁目７２０番４,295947659,1558.70,264902623,357.4,1096.17,30904328,0,140708,0,0,0,市街化区域,第二種中高層住居専用地域,60,150
財務省,関東財務局,横浜財務事務所,財政投融資特別会計（特定国有財産整備勘定）,普通財産,-,神奈川県横浜市南区山谷１１５番５　外３筆,682890316,6886.39,661093440,842.07,2782.35,21078308,170198,548370,0,0,0,市街化区域,第一種住居地域,60,200
財務省,関東財務局,横浜財務事務所,財政投融資特別会計（特定国有財産整備勘定）,普通財産,-,神奈川県横浜市金沢区平潟町２０６番１,281480913,1820.94,253105197,502.16,1466.16,26158616,144654,2072446,0,0,0,市街化区域,準住居地域,60,200
財務省,関東財務局,横浜財務事務所,財政投融資特別会計（特定国有財産整備勘定）,普通財産,-,神奈川県横浜市戸塚区平戸三丁目１９６１番１,543522667,5178.98,481645140,856.56,3904.90,59229800,733244,1914483,0,0,0,市街化区域,第一種低層住居専用地域,50,80
財務省,関東財務局,横浜財務事務所,財政投融資特別会計（特定国有財産整備勘定）,普通財産,-,神奈川県横浜市戸塚区原宿４−８０−１外１筆,191585415,1903.80,177354200,334.87,960.07,13498966,540453,191796,0,0,0,市街化区域,第一種中高層住居専用地域,60,150
財務省,関東財務局,横浜財務事務所,財政投融資特別会計（特定国有財産整備勘定）,普通財産,-,神奈川県横浜市港南区日野南４丁目５７９１−９外３筆,954542635,10415.80,862096590,1625.04,6959.06,88807155,402723,3236167,0,0,0,市街化区域,第一種中高層住居専用地域,60,150
財務省,関東財務局,横浜財務事務所,財政投融資特別会計（特定国有財産整備勘定）,普通財産,-,神奈川県横浜市港南区日野６丁目８５６番３外,2278541085,24871.52,2085510030,2782.83,12841.47,186619561,6411486,8,0,0,0,市街化区域,第一種中高層住居専用地域,60,150
財務省,関東財務局,横浜財務事務所,財政投融資特別会計（特定国有財産整備勘定）,普通財産,-,神奈川県横浜市栄区小菅ケ谷１丁目１６８４−３,3325087959,22076.21,2781602460,5012.19,29197.15,514627535,4202982,24654982,0,0,0,市街化区域,第一種住居地域,60,200
財務省,関東財務局,横浜財務事務所,財政投融資特別会計（特定国有財産整備勘定）,普通財産,-,神奈川県川崎市高津区梶ケ谷二丁目１４番１２　外１筆,306187699,1345.86,289668101,403.62,1217.62,16388429,0,131169,0,0,0,市街化区域,第二種中高層住居専用地域,60,200
財務省,関東財務局,横浜財務事務所,財政投融資特別会計（特定国有財産整備勘定）,普通財産,-,神奈川県横浜市西区西戸部町１−５７−１０,252774359,2093.37,252450177,262.06,761.47,3,5097,319082,0,0,0,市街化区域,第二種中高層住居専用地域,60,150
財務省,関東財務局,横浜財務事務所横須賀出張所,財政投融資特別会計（特定国有財産整備勘定）,普通財産,-,神奈川県横須賀市上町３丁目１番４外,310704696,1717.47,251281901,584.68,2209.26,47718413,0,11704382,0,0,0,市街化区域,近隣商業地域,80,300
財務省,関東財務局,横浜財務事務所横須賀出張所,財政投融資特別会計（特定国有財産整備勘定）,普通財産,-,神奈川県横須賀市横須賀市日の出町１−４−１外,479963862,3155.27,420452348,869.83,2608.33,51984785,473407,7053322,0,0,0,市街化区域,商業地域,80,400
財務省,関東財務局,横浜財務事務所横須賀出張所,財政投融資特別会計（特定国有財産整備勘定）,普通財産,-,神奈川県横須賀市田戸台３番１０,551666150,6800.91,510068250,1029.93,3383.73,25896197,8096557,7605146,0,0,0,市街化区域,第一種中高層住居専用地域,60,200
財務省,関東財務局,横浜財務事務所横須賀出張所,財政投融資特別会計（特定国有財産整備勘定）,普通財産,-,神奈川県横須賀市長瀬２−１６２−１,1153078398,25286.67,1153072152,0,0,0,0,6246,0,0,0,市街化区域,第一種住居地域,60,200
財務省,関東財務局,千葉財務事務所,財政投融資特別会計（特定国有財産整備勘定）,普通財産,-,千葉県千葉市稲毛区小仲台１−１０７７−３,285338521,1595.86,244884717,492.23,2329.85,40206839,170083,76882,0,0,0,市街化区域,第二種住居地域,60,200
財務省,関東財務局,千葉財務事務所,財政投融資特別会計（特定国有財産整備勘定）,普通財産,-,千葉県松戸市大金平２−１０２,262629494,2468.05,234899126,796.56,1937.14,26164028,0,1566340,0,0,0,市街化区域,第一種住居地域,60,200
財務省,関東財務局,千葉財務事務所,財政投融資特別会計（特定国有財産整備勘定）,普通財産,-,千葉県習志野市鷺沼台１−４２７−５,335521764,3409.00,286356000,705.33,2364.55,45727621,80291,3357852,0,0,0,市街化区域,第一種中高層住居専用地域 外,60,200
財務省,関東財務局,千葉財務事務所,財政投融資特別会計（特定国有財産整備勘定）,普通財産,-,千葉県千葉市稲毛区天台１−１０６５−４,112312440,914.57,98590646,272.72,510.96,11164401,0,2557393,0,0,0,市街化区域,第一種中高層住居専用地域,60,200
財務省,関東財務局,千葉財務事務所,財政投融資特別会計（特定国有財産整備勘定）,普通財産,-,千葉県柏市旭町６−９２２−４,43545449,470.72,43545440,116.36,179.27,4,0,5,0,0,0,市街化区域,第一種低層住居専用地域,50,100
財務省,関東財務局,千葉財務事務所,財政投融資特別会計（特定国有財産整備勘定）,普通財産,-,千葉県船橋市西船２−２３３５外２筆,223355570,1651.10,201143606,365.81,1178.82,20923942,315817,972205,0,0,0,市街化区域,第一種中高層住居専用地域,60,200
財務省,関東財務局,千葉財務事務所,財政投融資特別会計（特定国有財産整備勘定）,普通財産,-,千葉県船橋市東船橋５−１２０４−１６,314193465,2851.63,248091812,599.34,1807.52,64384533,27580,1689540,0,0,0,市街化区域,準住居地域,60,200
財務省,関東財務局,千葉財務事務所,財政投融資特別会計（特定国有財産整備勘定）,普通財産,-,千葉県船橋市宮本９−２４９−２２外１筆,354651454,2665.43,354651454,0,0,0,0,0,0,0,0,市街化区域,準工業地域,60,200
財務省,関東財務局,千葉財務事務所,財政投融資特別会計（特定国有財産整備勘定）,普通財産,-,千葉県船橋市東船橋４−３００８−１外２筆,570107888,4277.74,526162020,773.76,2691.84,38638379,0,5307489,0,0,0,市街化区域,第一種低層住居専用地域,50,150
財務省,関東財務局,千葉財務事務所,財政投融資特別会計（特定国有財産整備勘定）,普通財産,-,千葉県柏市旭町８−９３４−２−１−１外６筆,556133060,7351.94,485228040,1380.23,6853.87,60417916,2377,10484727,0,0,0,市街化区域,第一種住居地域,60,200
財務省,関東財務局,千葉財務事務所,財政投融資特別会計（特定国有財産整備勘定）,普通財産,-,千葉県船橋市東船橋４−３００８−１外２筆,23561238,0,0,497.91,1316.91,22959183,0,602055,0,0,0,-,-,-,-
財務省,関東財務局,千葉財務事務所,財政投融資特別会計（特定国有財産整備勘定）,普通財産,-,千葉県船橋市宮本９−２４９−２２外１筆,24322344,0,0,270.72,1082.88,23740739,0,581605,0,0,0,-,-,-,-
財務省,関東財務局,千葉財務事務所,財政投融資特別会計（特定国有財産整備勘定）,普通財産,-,千葉県千葉市中央区弁天４丁目４６０番３,452614279,4670.02,364261560,879.29,5870.10,82391770,411840,5549109,0,0,0,市街化区域,第一種住居地域,60,200
財務省,関東財務局,千葉財務事務所,財政投融資特別会計（特定国有財産整備勘定）,普通財産,-,千葉県千葉市美浜区幸町１−３８−７５,88572325,1004.82,81627991,146.66,501.98,6837978,0,106356,0,0,0,市街化区域,第一種住居地域,60,200
財務省,関東財務局,千葉財務事務所,財政投融資特別会計（特定国有財産整備勘定）,普通財産,-,千葉県千葉市稲毛区稲毛東４—５４—１,372533167,1873.47,301104098,545.52,1856.10,66598432,4372371,458266,0,0,0,市街化区域,工業地域,60,200
財務省,関東財務局,千葉財務事務所,財政投融資特別会計（特定国有財産整備勘定）,普通財産,-,千葉県千葉市稲毛区稲毛東４—１２８７—３,341688022,1702.27,269639568,329.08,1163.50,69983723,2004811,59920,0,0,0,市街化区域,工業地域,60,200
財務省,関東財務局,千葉財務事務所,財政投融資特別会計（特定国有財産整備勘定）,普通財産,-,千葉県習志野市東習志野１丁目１９８１番,435691344,7425.74,378712740,866.66,4231.62,55606806,968703,403095,0,0,0,市街化区域,第一種中高層住居専用地域,60,200
財務省,関東財務局,千葉財務事務所,財政投融資特別会計（特定国有財産整備勘定）,普通財産,-,千葉県柏市富里３−８０６−８,891669260,11094.04,765488760,1641.75,7464.61,110953700,4958168,10268632,0,0,0,市街化区域,第一種住居地域,60,200
財務省,関東財務局,千葉財務事務所,財政投融資特別会計（特定国有財産整備勘定）,普通財産,-,千葉県千葉市稲毛区園生町１３２０−２,316881792,5514.49,258078132,835.56,4121.70,53609298,530694,4663668,0,0,0,市街化区域,第一種中高層住居専用地域,60,200
財務省,関東財務局,千葉財務事務所,財政投融資特別会計（特定国有財産整備勘定）,普通財産,-,千葉県船橋市二和東５丁目１０１番３,994812028,14803.67,728340564,2636.52,12836.54,248445719,2326600,15699145,0,0,0,市街化区域,第一種中高層住居専用地域,60,200
財務省,関東財務局,千葉財務事務所,財政投融資特別会計（特定国有財産整備勘定）,普通財産,-,千葉県船橋市習志野台２丁目６０番,1168264458,13833.80,1079036400,1856.96,9103.04,78171190,2180923,8875945,0,0,0,市街化区域,第一種中高層住居専用地域,60,200
財務省,関東財務局,千葉財務事務所,財政投融資特別会計（特定国有財産整備勘定）,普通財産,-,千葉県習志野市泉町３−７６−１３９,297781956,2949.49,239985253,424.18,2073.00,53895730,943081,2957892,0,0,0,市街化区域,第一種中高層住居専用地域,60,200
財務省,関東財務局,千葉財務事務所,財政投融資特別会計（特定国有財産整備勘定）,普通財産,-,千葉県松戸市大金平３−１５７−２外５筆,312081981,4001.29,240077400,1154.15,3130.30,70071480,0,1933101,0,0,0,市街化区域,第一種住居地域,60,200
財務省,関東財務局,千葉財務事務所,財政投融資特別会計（特定国有財産整備勘定）,普通財産,-,千葉県習志野市東習志野１丁目１９８０番１,626422269,9005.76,540345600,1249.62,6201.80,81973381,1401122,2702166,0,0,0,市街化区域,第一種中高層住居専用地域 外,60,200
財務省,関東財務局,千葉財務事務所,財政投融資特別会計（特定国有財産整備勘定）,普通財産,-,千葉県千葉市花見川区作新台２—１５５７—１外１筆,548960536,8803.14,433114488,976.74,4816.80,113898769,430522,1516757,0,0,0,市街化区域,第一種低層住居専用地域,50,100
財務省,関東財務局,千葉財務事務所,財政投融資特別会計（特定国有財産整備勘定）,普通財産,-,千葉県松戸市胡録台字小野１５５番１外１筆,350851227,5006.07,345418830,772.06,2944.44,2102890,2833259,496248,0,0,0,市街化区域,第一種中高層住居専用地域,60,200
財務省,関東財務局,千葉財務事務所,財政投融資特別会計（特定国有財産整備勘定）,普通財産,-,千葉県柏市根戸字高野台４４５−８,163346067,2560.69,142886501,301.03,815.49,16889404,371000,3199162,0,0,0,市街化区域,第一種中高層住居専用地域,60,200
財務省,関東財務局,千葉財務事務所,財政投融資特別会計（特定国有財産整備勘定）,普通財産,-,千葉県松戸市岩瀬字相模台４７３−２外２筆,799447047,7418.77,645432994,1416.56,3834.57,132653427,163133,21197493,0,0,0,市街化区域,第二種住居地域,60,200
財務省,関東財務局,千葉財務事務所,財政投融資特別会計（特定国有財産整備勘定）,普通財産,-,千葉県船橋市三山８丁目７２９−２外１筆,178892757,2981.51,178890601,0,0,0,0,2156,0,0,0,市街化区域,第一種中高層住居専用地域,60,200
財務省,関東財務局,甲府財務事務所,財政投融資特別会計（特定国有財産整備勘定）,普通財産,-,山梨県甲斐市篠原字山ノ神１３５５番２,19794561,643.13,19792286,0,0,0,0,2275,0,0,0,市街化区域,第二種中高層住居専用地域,60,200
財務省,関東財務局,甲府財務事務所,財政投融資特別会計（特定国有財産整備勘定）,普通財産,-,山梨県甲府市北口１丁目１５０番外１筆,225682629,1542.99,135314051,728.11,3315.81,89518462,0,850116,0,0,0,市街化区域,商業地域,80,600
財務省,関東財務局,甲府財務事務所,財政投融資特別会計（特定国有財産整備勘定）,普通財産,-,山梨県甲府市朝日１−１９１,29357159,641.83,29228938,0,0,0,0,128221,0,0,0,市街化区域,商業地域,80,600
財務省,関東財務局,甲府財務事務所,財政投融資特別会計（特定国有財産整備勘定）,普通財産,-,山梨県山梨市小原東字今田１３３３−１外１筆,65949099,1310.94,47619700,338.61,556.59,17879001,0,450398,0,0,0,市街化区域,第一種住居地域,60,200
財務省,関東財務局,甲府財務事務所,財政投融資特別会計（特定国有財産整備勘定）,普通財産,駐車場等,山梨県甲府市丸の内１−２５０−１,134917812,1737.43,94613610,766.29,1958.61,36160058,216580,3927564,0,0,0,市街化区域,商業地域,80,600
財務省,関東財務局,甲府財務事務所,財政投融資特別会計（特定国有財産整備勘定）,普通財産,-,山梨県甲斐市篠原字山ノ神１３５５−１,71981046,2338.95,71981046,0,0,0,0,0,0,0,0,市街化区域,第二種中高層住居専用地域,60,200
財務省,関東財務局,甲府財務事務所,財政投融資特別会計（特定国有財産整備勘定）,普通財産,-,山梨県甲府市富竹２−７８０−２外２筆,18609525,617.6,18609523,0,0,0,0,2,0,0,0,市街化区域,第一種中高層住居専用地域,60,200
財務省,関東財務局,甲府財務事務所,財政投融資特別会計（特定国有財産整備勘定）,普通財産,-,山梨県韮崎市若宮１−１３７７−３,82899265,1200.94,47957654,262.31,527.09,34117176,0,824435,0,0,0,非線引,近隣商業地域,80,200
財務省,関東財務局,甲府財務事務所,財政投融資特別会計（特定国有財産整備勘定）,普通財産,-,山梨県甲府市丸の内３−１１０,72671222,1512.08,72671220,0,0,0,0,2,0,0,0,市街化区域,商業地域,80,400
財務省,関東財務局,甲府財務事務所,財政投融資特別会計（特定国有財産整備勘定）,普通財産,-,山梨県甲府市相生１−３１１,51892089,838.26,38340335,382.9,1036.50,13266925,0,284829,0,0,0,市街化区域,近隣商業地域,80,200
財務省,関東財務局,甲府財務事務所,財政投融資特別会計（特定国有財産整備勘定）,普通財産,-,山梨県甲府市北新１丁目３１１−１４,44422419,996.65,36076018,230.25,921.02,8262896,0,83505,0,0,0,市街化区域,第一種中高層住居専用地域,60,200
財務省,関東財務局,甲府財務事務所,財政投融資特別会計（特定国有財産整備勘定）,普通財産,-,山梨県甲府市北口１−１９,138167091,1389.09,124543031,541.05,975.64,12762603,78344,783113,0,0,0,市街化区域,商業地域,80,600
財務省,関東財務局,甲府財務事務所,財政投融資特別会計（特定国有財産整備勘定）,普通財産,-,山梨県甲府市相生１−２１−１,29618538,715.51,29618536,0,0,0,0,2,0,0,0,市街化区域,第二種住居地域,60,200
財務省,関東財務局,甲府財務事務所,財政投融資特別会計（特定国有財産整備勘定）,普通財産,-,山梨県甲府市北新１−３１０−５,35171293,850.74,35171293,0,0,0,0,0,0,0,0,市街化区域,第一種中高層住居専用地域,60,200
財務省,関東財務局,本局,財政投融資特別会計（特定国有財産整備勘定）,普通財産,-,新潟県新潟市中央区美咲町１−６６４−４４４,843000480,25089.30,843000480,0,0,0,0,0,0,0,0,市街化区域,工業地域,60,200
財務省,関東財務局,本局,財政投融資特別会計（特定国有財産整備勘定）,普通財産,-,東京都文京区後楽１−７−４,1160033930,2353.01,1160033930,1287.00,8459.70,0,0,0,0,0,0,市街化区域,第二種住居地域,60,300
財務省,関東財務局,本局,財政投融資特別会計（特定国有財産整備勘定）,普通財産,臨時駐車場外,神奈川県平塚市西八幡１−６−１外,356878301,4036.82,356878301,0,0,0,0,0,0,0,0,市街化区域,工業地域,60,200
財務省,関東財務局,本局,財政投融資特別会計（特定国有財産整備勘定）,普通財産,-,東京都文京区後楽１−７−９,408830110,829.27,408830110,351.38,2311.22,0,0,0,0,0,0,市街化区域,第二種住居地域,60,300
財務省,関東財務局,本局,財政投融資特別会計（特定国有財産整備勘定）,普通財産,管理用地,埼玉県さいたま市岩槻区仲町２−４０４−１,305015239,5647.11,264284748,587.38,2561.06,39978108,672178,80205,0,0,0,市街化区域,第一種住居地域,60,200
財務省,関東財務局,本局,財政投融資特別会計（特定国有財産整備勘定）,普通財産,-,埼玉県朝霞市幸町３−１１４５−６,1022460055,12153.57,1020899880,29.31,29.31,524021,1012689,23465,0,0,0,市街化区域,第一種中高層住居専用地域,60,200
財務省,関東財務局,本局,財政投融資特別会計（特定国有財産整備勘定）,普通財産,-,埼玉県所沢市中新井１−４５外,308729622,3978.81,274537892,922.47,3334.11,28215768,3340077,2635885,0,0,0,市街化区域,第一種住居地域,60,200
財務省,関東財務局,本局,財政投融資特別会計（特定国有財産整備勘定）,普通財産,-,埼玉県さいたま市南区大字太田窪字善前南２４０７−３外１筆,29497407,250.81,29495256,77.76,77.76,1,0,2150,0,0,0,市街化区域,第一種中高層住居専用地域,60,200
財務省,関東財務局,本局,財政投融資特別会計（特定国有財産整備勘定）,普通財産,-,埼玉県さいたま市南区太田窪２−４７３−１外３筆,107408158,504.28,96014912,213.67,408.2,11393236,0,10,0,0,0,市街化区域,第一種住居地域,60,200
財務省,関東財務局,本局,財政投融資特別会計（特定国有財産整備勘定）,普通財産,-,埼玉県戸田市笹目３−１−４,64200464,381.83,59775486,126,239.89,4370362,0,54616,0,0,0,市街化区域,第一種中高層住居専用地域,60,200
財務省,関東財務局,本局,財政投融資特別会計（特定国有財産整備勘定）,普通財産,-,埼玉県さいたま市大宮区寿能町２−１１１外１筆,247070840,1591.98,231709184,510.18,983.68,14507294,0,854362,0,0,0,市街化区域,第一種中高層住居専用地域,60,200
財務省,関東財務局,本局,財政投融資特別会計（特定国有財産整備勘定）,普通財産,-,埼玉県草加市旭町６−５３８−１外２筆,206859850,1797.71,151870540,353.74,1146.61,53759108,273967,956235,0,0,0,市街化区域,第一種中高層住居専用地域,60,200
財務省,関東財務局,本局,財政投融資特別会計（特定国有財産整備勘定）,普通財産,-,埼玉県さいたま市南区太田窪４−１３５７,215857757,1778.98,205979199,232.58,614.18,9878545,0,13,0,0,0,市街化区域,第一種住居地域,60,200
財務省,関東財務局,本局,財政投融資特別会計（特定国有財産整備勘定）,普通財産,-,埼玉県さいたま市北区日進町１−２００−１外２筆,198751560,1828.90,183018023,389.99,1015.19,15268513,0,465024,0,0,0,市街化区域,第一種中高層住居専用地域,60,200
財務省,関東財務局,本局,財政投融資特別会計（特定国有財産整備勘定）,普通財産,-,埼玉県さいたま市浦和区北浦和２−１４９−１,168839868,1045.87,160959395,251.76,731.28,7542557,0,337916,0,0,0,市街化区域,第一種住居地域,60,200
財務省,関東財務局,本局,財政投融資特別会計（特定国有財産整備勘定）,普通財産,-,埼玉県さいたま市浦和区北浦和２−１４８−１,111020957,657.93,101255425,303.83,866.7,9692149,0,73383,0,0,0,市街化区域,第一種住居地域,60,200
財務省,関東財務局,本局,財政投融資特別会計（特定国有財産整備勘定）,普通財産,-,埼玉県入間市扇町屋１−７２３−２外１筆,146686339,1634.88,146686338,0,0,0,0,1,0,0,0,市街化区域,第一種低層住居専用地域,50,80
財務省,関東財務局,本局,財政投融資特別会計（特定国有財産整備勘定）,普通財産,-,東京都世田谷区若林四丁目２６９番９,116082104,268.46,116082104,0,0,0,0,0,0,0,0,市街化区域,第二種住居地域,60,300
財務省,関東財務局,水戸財務事務所,財政投融資特別会計（特定国有財産整備勘定）,普通財産,-,茨城県ひたちなか市新光町１０６−２のうち,2438950617,154293.81,2438950617,0,0,0,0,0,0,0,0,市街化区域,工業専用地域,60,200
財務省,関東財務局,水戸財務事務所,財政投融資特別会計（特定国有財産整備勘定）,普通財産,-,茨城県高萩市本町３丁目４番外１筆,26641392,1148.95,26641392,0,0,0,0,0,0,0,0,非線引,商業地域,80,400
財務省,関東財務局,水戸財務事務所,財政投融資特別会計（特定国有財産整備勘定）,普通財産,-,茨城県つくば市吾妻３丁目１９−２,699964031,9443.85,623294100,2246.13,3484.40,74688513,1981349,69,0,0,0,市街化区域,第一種中高層住居専用地域,60,200
財務省,関東財務局,水戸財務事務所,財政投融資特別会計（特定国有財産整備勘定）,普通財産,-,茨城県つくば市並木３丁目１２−１外５筆,305739786,6270.64,268566315,910.8,1737.60,36150388,1022993,90,0,0,0,市街化区域,第一種中高層住居専用地域,60,200
財務省,関東財務局,水戸財務事務所,財政投融資特別会計（特定国有財産整備勘定）,普通財産,-,茨城県つくば市並木４丁目１０番１外２筆,1587712094,36467.43,1334707938,5528.00,15187.27,242133098,10870952,106,0,0,0,市街化区域,第一種中高層住居専用地域,60,200
財務省,関東財務局,水戸財務事務所,財政投融資特別会計（特定国有財産整備勘定）,普通財産,-,茨城県つくば市松代５丁目１４番,675917517,12193.85,585304800,2599.52,3269.56,87894984,2717720,13,0,0,0,市街化区域,第一種中高層住居専用地域,60,200
財務省,関東財務局,水戸財務事務所,財政投融資特別会計（特定国有財産整備勘定）,普通財産,-,茨城県つくば市吾妻３丁目４番１,779909110,10270.67,677864220,2939.49,4565.70,96820490,2826212,2398188,0,0,0,市街化区域,第一種中高層住居専用地域,60,200
財務省,関東財務局,水戸財務事務所,財政投融資特別会計（特定国有財産整備勘定）,普通財産,-,茨城県つくば市竹園３丁目２８番,250516648,2429.13,232125233,378.19,694.21,16451179,1429459,510777,0,0,0,市街化区域,第一種中高層住居専用地域,60,200
財務省,関東財務局,宇都宮財務事務所,財政投融資特別会計（特定国有財産整備勘定）,普通財産,-,栃木県鹿沼市戸張町字御所前２４７９−２,29812263,1107.34,29812260,0,0,0,0,3,0,0,0,市街化区域,第一種住居地域,60,200
財務省,関東財務局,宇都宮財務事務所,財政投融資特別会計（特定国有財産整備勘定）,普通財産,-,栃木県芳賀郡芳賀町大字祖母井字赤坂道上１６９９−１４,22706418,1898.84,22706416,0,0,0,0,2,0,0,0,市街化調整区域,都市計画用途地域指定なし,60,200
財務省,関東財務局,前橋財務事務所,財政投融資特別会計（特定国有財産整備勘定）,普通財産,-,群馬県前橋市大手町２−１０−３,80275162,0,0,1020.53,4787.48,78223419,326335,1725408,0,0,0,-,-,-,-
財務省,関東財務局,新潟財務事務所,財政投融資特別会計（特定国有財産整備勘定）,普通財産,-,新潟県長岡市東神田３−甲１２６７−３,10522347,209.93,7698993,59.4,59.4,2764690,0,58664,0,0,0,市街化区域,第一種住居地域,60,200
財務省,北陸財務局,本局,財政投融資特別会計（特定国有財産整備勘定）,普通財産,-,石川県白山市八ツ矢町１２３番４,43357398,705.9,31204309,438.8,438.8,11589723,0,563366,0,0,0,市街化区域,第一種住居地域,60,200
財務省,北陸財務局,本局,財政投融資特別会計（特定国有財産整備勘定）,普通財産,-,石川県金沢市平和町２丁目１４２番２,91601805,1040.75,71402735,418.63,921.43,19156833,0,1042237,0,0,0,市街化区域,第二種中高層住居専用地域,60,200
財務省,北陸財務局,本局,財政投融資特別会計（特定国有財産整備勘定）,普通財産,-,石川県金沢市尾張町２丁目４０６番,55000047,228.39,22557395,132.59,471.63,27266543,0,5176109,0,0,0,市街化区域,商業地域,80,400
財務省,北陸財務局,福井財務事務所,財政投融資特別会計（特定国有財産整備勘定）,普通財産,福井地方検察庁武生支部仮庁舎,福井県越前市上太田町４１字２０番外１筆,38974110,661.87,25449563,224.94,400.04,10651564,0,2872983,0,0,0,非線引,第一種中高層住居専用地域,60,200
財務省,東海財務局,本局,財政投融資特別会計（特定国有財産整備勘定）,普通財産,-,愛知県名古屋市港区港陽一丁目１０２番,75479288,674.45,60761200,176.64,728.52,13256558,0,1461530,0,0,0,市街化区域,第一種住居地域,60,200
財務省,東海財務局,本局,財政投融資特別会計（特定国有財産整備勘定）,普通財産,-,愛知県名古屋市千種区鹿子殿１６０１番１　外２筆,549826369,6141.07,534273090,876.78,3507.18,14825289,275645,452345,0,0,0,市街化区域,第一種低層住居専用地域,40,100
財務省,東海財務局,本局,財政投融資特別会計（特定国有財産整備勘定）,普通財産,-,愛知県名古屋市守山区小幡一丁目１２０１番１,247385269,2321.69,222044109,504.33,1221.09,25083009,0,258151,0,0,0,市街化区域,第一種中高層住居専用地域,60,200
財務省,東海財務局,本局,財政投融資特別会計（特定国有財産整備勘定）,普通財産,-,愛知県名古屋市千種区鹿子町三丁目２２番　外１筆,340170939,1794.87,307052000,337.79,671.63,31047665,0,2071274,0,0,0,市街化区域,第一種低層住居専用地域,50,150
財務省,東海財務局,本局,財政投融資特別会計（特定国有財産整備勘定）,普通財産,-,愛知県名古屋市緑区鳴海町字白山５１番,109230161,756.76,83553114,275.76,809.28,23567271,0,2109776,0,0,0,市街化区域,第二種中高層住居専用地域,60,150
財務省,東海財務局,本局,財政投融資特別会計（特定国有財産整備勘定）,普通財産,-,愛知県名古屋市千種区仲田１—５０１,191150052,894.85,165470292,188.28,582.99,20551761,0,5127999,0,0,0,市街化区域,第一種住居地域,60,200
財務省,東海財務局,本局,財政投融資特別会計（特定国有財産整備勘定）,普通財産,-,愛知県名古屋市東区白壁２−９０１,388926460,1506.29,342150760,324.44,1297.76,39809850,0,6965850,0,0,0,市街化区域,第一種住居地域,60,200
財務省,東海財務局,本局,財政投融資特別会計（特定国有財産整備勘定）,普通財産,-,愛知県名古屋市瑞穂区佐渡町四丁目１７番,42609264,214.65,38637000,75.59,210.77,3971787,0,477,0,0,0,市街化区域,第二種中高層住居専用地域,60,200
財務省,東海財務局,本局,財政投融資特別会計（特定国有財産整備勘定）,普通財産,-,愛知県名古屋市東区徳川町２４０５,37896124,190.39,35298306,83.95,197.55,2474737,0,123081,0,0,0,市街化区域,第一種住居地域,60,200
財務省,東海財務局,本局,財政投融資特別会計（特定国有財産整備勘定）,普通財産,-,愛知県名古屋市守山区守山一丁目５０４番　外１筆,36940557,350.55,30268940,126.81,248.03,6596675,0,74942,0,0,0,市街化区域,近隣商業地域,80,300
財務省,東海財務局,本局,財政投融資特別会計（特定国有財産整備勘定）,普通財産,-,愛知県名古屋市千種区向陽町３—１３,234549175,1030.93,219433450,309.18,1166.58,13765711,0,1350014,0,0,0,市街化区域,第一種中高層住居専用地域,60,200
財務省,東海財務局,本局,財政投融資特別会計（特定国有財産整備勘定）,普通財産,-,愛知県名古屋市天白区道明町８１番　外２筆,187917816,1578.96,160832865,603.4,2240.66,26717065,0,367886,0,0,0,市街化区域,準工業地域,60,200
財務省,東海財務局,本局,財政投融資特別会計（特定国有財産整備勘定）,普通財産,-,愛知県名古屋市昭和区御器所３−７０１,226280960,1173.03,195137059,431.78,1877.16,30627331,435456,81114,0,0,0,市街化区域,近隣商業地域,80,200
財務省,東海財務局,本局,財政投融資特別会計（特定国有財産整備勘定）,普通財産,-,愛知県名古屋市中川区打中二丁目２１３番　外４筆,544711672,4788.98,464873086,776.43,2603.15,78928631,0,909955,0,0,0,市街化区域,第二種中高層住居専用地域,60,200
財務省,東海財務局,本局,財政投融資特別会計（特定国有財産整備勘定）,普通財産,-,愛知県名古屋市南区駈上一丁目１２０８番　外１筆,34727500,239.5,34727500,0,0,0,0,0,0,0,0,市街化区域,第一種中高層住居専用地域,60,200
財務省,東海財務局,静岡財務事務所沼津出張所,財政投融資特別会計（特定国有財産整備勘定）,普通財産,-,静岡県沼津市本郷町１８４６番２,6381121,82.65,6381121,0,0,0,0,0,0,0,0,市街化区域,第一種低層住居専用地域,50,80
財務省,東海財務局,静岡財務事務所沼津出張所,財政投融資特別会計（特定国有財産整備勘定）,普通財産,-,静岡県駿東郡清水町徳倉字西山２１６７番２６　外1筆,276341519,5749.59,276341518,0,0,0,0,1,0,0,0,市街化区域,第二種中高層住居専用地域,60,150
財務省,近畿財務局,本局,財政投融資特別会計（特定国有財産整備勘定）,普通財産,-,大阪府八尾市八尾木５丁目３３−１,828749303,12984.58,771284052,1354.71,6055.19,51487184,322026,5656041,0,0,0,市街化区域,第一種中高層住居専用地域,60,200
財務省,近畿財務局,本局,財政投融資特別会計（特定国有財産整備勘定）,普通財産,-,大阪府池田市五月丘４—２３—１,437553034,4944.63,430182810,1139.93,3080.56,4624342,20564,2725318,0,0,0,市街化区域,第一種中高層住居専用地域,60,200
財務省,近畿財務局,本局,財政投融資特別会計（特定国有財産整備勘定）,普通財産,-,大阪府枚方市香里ヶ丘１０丁目１番２６外２筆,1401358170,21661.65,1273705020,3380.67,8357.13,121865330,1987509,3800311,0,0,0,市街化区域,第一種中高層住居専用地域,60,200
財務省,近畿財務局,本局,財政投融資特別会計（特定国有財産整備勘定）,普通財産,-,大阪府枚方市香里ヶ丘９丁目７−１、７−２、９−３,930055059,13025.92,781555200,1867.68,8751.02,119723341,732057,28044461,0,0,0,市街化区域,第一種中高層住居専用地域,60,200
財務省,近畿財務局,本局,財政投融資特別会計（特定国有財産整備勘定）,普通財産,-,大阪府枚方市香里ヶ丘１０—３７３５—８外,230336536,1931.19,152755197,381.02,1155.35,75043177,258554,2279608,0,0,0,市街化区域,第一種中高層住居専用地域,60,200
財務省,近畿財務局,本局,財政投融資特別会計（特定国有財産整備勘定）,普通財産,-,大阪府枚方市楠葉花園町２９２０—２,1232867440,11597.69,1028136960,2148.14,10269.74,195829511,1367856,7533113,0,0,0,市街化区域,第一種中高層住居専用地域,60,200
財務省,近畿財務局,本局,財政投融資特別会計（特定国有財産整備勘定）,普通財産,-,大阪府池田市空港２−３７４−４外,61547955,1615.99,61084422,959.34,1065.88,21,0,463512,0,0,0,市街化区域,準工業地域,60,200
財務省,近畿財務局,本局,財政投融資特別会計（特定国有財産整備勘定）,普通財産,-,大阪府堺市西区浜寺公園町３−３１１、大阪府高石市羽衣２−９８０,319579421,2743.26,242386223,609.91,2086.26,75800232,983632,409334,0,0,0,市街化区域,第二種住居地域 外,60,200
財務省,近畿財務局,本局,財政投融資特別会計（特定国有財産整備勘定）,普通財産,-,大阪府枚方市北中振１−３４−１１,180027860,1739.96,165678991,349.14,1132.86,14313880,0,34989,0,0,0,市街化区域,第一種中高層住居専用地域,60,200
財務省,近畿財務局,本局,財政投融資特別会計（特定国有財産整備勘定）,普通財産,-,大阪府枚方市中宮北町２０５−１,1258156971,18058.73,1078751401,2231.44,10455.82,170704016,993078,7708476,0,0,0,市街化区域,第一種中高層住居専用地域,60,200
財務省,近畿財務局,本局,財政投融資特別会計（特定国有財産整備勘定）,普通財産,-,大阪府八尾市清水町１−１５,177877417,1167.78,177877417,0,0,0,0,0,0,0,0,市街化区域,近隣商業地域,80,300
財務省,近畿財務局,本局,財政投融資特別会計（特定国有財産整備勘定）,普通財産,-,大阪府堺市南区宮山台４−１−２,134757594,1726.12,121862345,219,1060.24,12735519,66563,93167,0,0,0,市街化区域,第一種中高層住居専用地域,60,200
財務省,近畿財務局,本局,財政投融資特別会計（特定国有財産整備勘定）,普通財産,-,大阪府池田市空港２丁目１７９番４,947689520,22538.48,851954544,2427.64,8296.47,81733396,263160,13738420,0,0,0,市街化区域,準工業地域,60,200
財務省,近畿財務局,本局,財政投融資特別会計（特定国有財産整備勘定）,普通財産,-,大阪府大阪市東住吉区鷹合１−２７−９,91108958,427.68,83568672,134.05,384.3,6890480,0,649806,0,0,0,市街化区域,第二種中高層住居専用地域,60,200
財務省,近畿財務局,本局,財政投融資特別会計（特定国有財産整備勘定）,普通財産,-,大阪府大阪市東住吉区今川六丁目４番３５のうち,8714540,46.83,8714540,0,0,0,0,0,0,0,0,市街化区域,第一種住居地域,80,200
財務省,近畿財務局,本局,財政投融資特別会計（特定国有財産整備勘定）,普通財産,-,大阪府豊中市本町９—１１,53653771,287.49,46918368,142,286,6027494,0,707909,0,0,0,市街化区域,第一種低層住居専用地域,60,150
財務省,近畿財務局,本局,財政投融資特別会計（特定国有財産整備勘定）,普通財産,-,大阪府池田市石橋２丁目２７−１２,173688156,1247.65,159057907,457.37,882,14451929,0,178320,0,0,0,市街化区域,第二種住居地域,60,200
財務省,近畿財務局,本局,財政投融資特別会計（特定国有財産整備勘定）,普通財産,-,大阪府大阪市生野区勝山南３−８−３,177137588,1189.94,152571726,283.56,1091.96,24488922,0,76940,0,0,0,市街化区域,第一種住居地域,80,300
財務省,近畿財務局,本局,財政投融資特別会計（特定国有財産整備勘定）,普通財産,-,大阪府大阪市阿倍野区北畠２−６８,1076291333,5900.87,1062156600,1136.85,4757.00,11011855,111749,3011129,0,0,0,市街化区域,第二種中高層住居専用地域,60,200
財務省,近畿財務局,京都財務事務所,財政投融資特別会計（特定国有財産整備勘定）,普通財産,-,京都府京都市中京区御池通西洞院西入石橋町４３８—５外１筆,742957096,1209.65,682605495,687.98,3224.75,56242851,0,4108750,0,0,0,市街化区域,商業地域,80,700
財務省,近畿財務局,京都財務事務所,財政投融資特別会計（特定国有財産整備勘定）,普通財産,-,京都府京都市中京区柳馬場通二条下る等持寺町１５番　ほか１筆,665238130,2050.99,661124320,1116.68,2479.19,2,28573,4085235,0,0,0,市街化区域,商業地域,80,400
財務省,近畿財務局,京都財務事務所,財政投融資特別会計（特定国有財産整備勘定）,普通財産,-,京都府京都市左京区松ヶ崎芝本町２０—１,563809854,1764.65,550683737,466.69,1414.96,12678200,0,447917,0,0,0,市街化区域,第一種低層住居専用地域,50,80
財務省,近畿財務局,京都財務事務所,財政投融資特別会計（特定国有財産整備勘定）,普通財産,-,京都府京都市伏見区深草大亀谷万帖敷町３６９番２,250966937,2534.81,221542394,597.22,1691.38,27908757,128757,1387029,0,0,0,市街化区域,第一種低層住居専用地域,50,80
財務省,近畿財務局,京都財務事務所舞鶴出張所,財政投融資特別会計（特定国有財産整備勘定）,普通財産,-,京都府京丹後市丹後町平小字小田１００９２番５,9385609,2229.04,9385609,0,0,0,0,0,0,0,0,都市計画区域外,都市計画用途地域指定なし,-,-
財務省,近畿財務局,京都財務事務所舞鶴出張所,財政投融資特別会計（特定国有財産整備勘定）,普通財産,-,京都府京丹後市峰山町丹波小字三町田８９０−４外１筆,20627563,1015.22,20627561,0,0,0,0,2,0,0,0,非線引,都市計画用途地域指定なし,60,200
財務省,近畿財務局,神戸財務事務所,財政投融資特別会計（特定国有財産整備勘定）,普通財産,-,兵庫県洲本市由良町由良字大谷２５８９番４外１筆,25315178,1226.74,25044504,0,0,0,218679,51995,0,0,0,非線引,都市計画用途地域指定なし,60,200
財務省,近畿財務局,神戸財務事務所,財政投融資特別会計（特定国有財産整備勘定）,普通財産,-,兵庫県神戸市垂水区上高丸３丁目２２５２−１８６４　外３筆,247818832,2432.29,194877528,274.14,924.12,49203556,0,3737748,0,0,0,市街化区域,第二種中高層住居専用地域 外,60,200
財務省,近畿財務局,神戸財務事務所,財政投融資特別会計（特定国有財産整備勘定）,普通財産,職員等駐車場,兵庫県洲本市炬口１−１８,53211680,1229.94,53211673,0,0,0,0,7,0,0,0,市街化区域,準工業地域,60,200
財務省,近畿財務局,神戸財務事務所,財政投融資特別会計（特定国有財産整備勘定）,普通財産,-,兵庫県神戸市垂水区多聞台２−２８,73151261,738.8,55213479,0,0,0,0,17937782,0,0,0,市街化区域,第一種低層住居専用地域,50,100
財務省,近畿財務局,神戸財務事務所,財政投融資特別会計（特定国有財産整備勘定）,普通財産,-,兵庫県神戸市東灘区住吉山手７丁目１８７２−１９８,927031504,9711.90,844935301,1265.02,6199.20,79802820,17706,2275677,0,0,0,市街化区域,第一種中高層住居専用地域,60,200
財務省,近畿財務局,神戸財務事務所,財政投融資特別会計（特定国有財産整備勘定）,普通財産,-,兵庫県神戸市垂水区清水が丘２丁目６８−３３、６８−１００,346774948,5988.67,292853980,833.95,4019.45,47352220,171699,6397049,0,0,0,市街化区域,第一種中高層住居専用地域,60,200
財務省,近畿財務局,神戸財務事務所,財政投融資特別会計（特定国有財産整備勘定）,普通財産,-,兵庫県南あわじ市市市字堂免２２７−１,43256860,845.27,17308328,336.2,499.59,25404150,0,544382,0,0,0,都市計画区域外,都市計画用途地域指定なし,70,200
財務省,近畿財務局,神戸財務事務所,財政投融資特別会計（特定国有財産整備勘定）,普通財産,-,兵庫県川西市久代四丁目９０ほか５筆,503205214,8492.58,458599320,836.51,3942.55,44080288,41522,484084,0,0,0,市街化区域,第二種中高層住居専用地域,60,200
財務省,近畿財務局,神戸財務事務所,財政投融資特別会計（特定国有財産整備勘定）,普通財産,-,兵庫県尼崎市東園田町２−２２５,455690938,2458.66,441513869,514.97,822.17,14064820,0,112249,0,0,0,市街化区域,第一種中高層住居専用地域,60,200
財務省,近畿財務局,神戸財務事務所,財政投融資特別会計（特定国有財産整備勘定）,普通財産,-,兵庫県神戸市中央区新港町１１２,339522960,5774.20,339522960,0,0,0,0,0,0,0,0,市街化区域,準工業地域,60,200
財務省,近畿財務局,神戸財務事務所,財政投融資特別会計（特定国有財産整備勘定）,普通財産,-,兵庫県神戸市東灘区森北町２−３７−１,114219500,339.35,103921525,136.68,546.72,9059279,0,1238696,0,0,0,市街化区域,第二種中高層住居専用地域,60,300
財務省,近畿財務局,神戸財務事務所,財政投融資特別会計（特定国有財産整備勘定）,普通財産,-,兵庫県神戸市垂水区上高丸３丁目２２５２番１８５８外１筆,249527813,4190.78,226302120,863.14,3156.14,21025644,88053,2111996,0,0,0,市街化区域,第一種中高層住居専用地域,60,200
財務省,近畿財務局,神戸財務事務所,財政投融資特別会計（特定国有財産整備勘定）,普通財産,-,兵庫県西宮市一里山町２７−２,286879683,1489.51,270444372,417.84,1410.48,15064480,0,1370831,0,0,0,市街化区域,第一種中高層住居専用地域,60,200
財務省,近畿財務局,神戸財務事務所,財政投融資特別会計（特定国有財産整備勘定）,普通財産,-,兵庫県神戸市垂水区星陵台３−１０６４−１７２８外,168217473,1547.46,140116521,348.74,1427.86,25867936,0,2233016,0,0,0,市街化区域,第一種中高層住居専用地域,60,200
財務省,近畿財務局,神戸財務事務所,財政投融資特別会計（特定国有財産整備勘定）,普通財産,-,兵庫県西宮市上田西町１１−１５,128521183,989.98,126457075,287.53,1150.50,1447580,0,616528,0,0,0,市街化区域,第一種住居地域,60,200
財務省,近畿財務局,神戸財務事務所,財政投融資特別会計（特定国有財産整備勘定）,普通財産,-,兵庫県西宮市枝川町１−２０,1294760964,11209.03,1210575240,1858.22,8803.34,77187225,262138,6736361,0,0,0,市街化区域,第一種中高層住居専用地域,60,200
財務省,近畿財務局,神戸財務事務所,財政投融資特別会計（特定国有財産整備勘定）,普通財産,-,兵庫県神戸市東灘区深江南町１−８０−６,257621611,1540.69,232919973,459.76,1491.01,24181910,0,519728,0,0,0,市街化区域,第一種中高層住居専用地域,60,200
財務省,近畿財務局,神戸財務事務所,財政投融資特別会計（特定国有財産整備勘定）,普通財産,-,兵庫県芦屋市浜町１０４−６,240049159,892.33,168512951,276.7,781.15,67845244,0,3690964,0,0,0,市街化区域,第二種中高層住居専用地域,60,200
財務省,近畿財務局,神戸財務事務所,財政投融資特別会計（特定国有財産整備勘定）,普通財産,-,兵庫県神戸市東灘区魚崎西町１−４２０−３,114077178,1121.11,85764915,369.27,1223.48,28312248,0,15,0,0,0,市街化区域,準工業地域,60,200
財務省,近畿財務局,和歌山財務事務所,財政投融資特別会計（特定国有財産整備勘定）,普通財産,-,和歌山県和歌山市中之島２２４９番、２２５０番,148049645,1603.31,148049645,0,0,0,0,0,0,0,0,市街化区域,商業地域,80,400
財務省,近畿財務局,大津財務事務所,財政投融資特別会計（特定国有財産整備勘定）,普通財産,-,滋賀県大津市御幸町１１１番５,69601361,683.17,69601359,0,0,0,0,2,0,0,0,市街化区域,商業地域,80,400
財務省,近畿財務局,大津財務事務所,財政投融資特別会計（特定国有財産整備勘定）,普通財産,オープンスペース等,滋賀県大津市御陵町７２番２０のうち,282482530,3183.80,282376217,0,0,0,106308,5,0,0,0,市街化区域,近隣商業地域,80,300
財務省,近畿財務局,大津財務事務所,財政投融資特別会計（特定国有財産整備勘定）,普通財産,-,滋賀県大津市御幸町１１１番３外１筆,202963745,2049.74,202648375,0,0,0,0,315370,0,0,0,市街化区域,商業地域,80,400
財務省,近畿財務局,大津財務事務所,財政投融資特別会計（特定国有財産整備勘定）,普通財産,オープンスペース等,滋賀県大津市御陵町７２−２０のうち,379650470,4280.57,379650470,0,0,0,0,0,0,0,0,市街化区域,近隣商業地域,80,300
財務省,中国財務局,本局,財政投融資特別会計（特定国有財産整備勘定）,普通財産,-,広島県安芸郡坂町鯛尾一丁目５７１０番１５外,79023723,1413.05,79023720,0,0,0,0,3,0,0,0,市街化区域,工業地域,60,200
財務省,中国財務局,本局,財政投融資特別会計（特定国有財産整備勘定）,普通財産,-,広島県広島市佐伯区楽々園６丁目１０６５−３３,65964779,785.49,65964779,0,0,0,0,0,0,0,0,市街化区域,第一種中高層住居専用地域,60,200
財務省,中国財務局,本局,財政投融資特別会計（特定国有財産整備勘定）,普通財産,-,広島県広島市東区牛田旭１−１３２−１７,22315882,247.82,22233419,0,0,0,0,82463,0,0,0,市街化区域,第二種中高層住居専用地域,60,200
財務省,中国財務局,本局,財政投融資特別会計（特定国有財産整備勘定）,普通財産,-,広島県広島市東区牛田旭１丁目１３２−１６外,96290267,959.87,86115697,0,0,0,0,10174570,0,0,0,市街化区域,第二種中高層住居専用地域,60,200
財務省,中国財務局,本局,財政投融資特別会計（特定国有財産整備勘定）,普通財産,-,広島県広島市南区宇品海岸三丁目４番１６１,130956446,1025.88,128235001,30.8,30.8,445672,0,2275773,0,0,0,市街化区域,準工業地域,60,200
財務省,中国財務局,本局,財政投融資特別会計（特定国有財産整備勘定）,普通財産,-,広島県広島市東区二葉の里３−４−１０,983987600,4555.92,983987600,0,0,0,0,0,0,0,0,市街化区域,近隣商業地域,80,300
財務省,中国財務局,本局,財政投融資特別会計（特定国有財産整備勘定）,普通財産,-,広島県広島市東区二葉の里３−４−９,45822316,212.16,45822316,0,0,0,0,0,0,0,0,市街化区域,近隣商業地域,80,300
財務省,中国財務局,本局,財政投融資特別会計（特定国有財産整備勘定）,普通財産,-,広島県広島市中区上幟町３−８,94802996,324.7,94617579,64.09,64.09,12848,92553,80016,0,0,0,市街化区域,近隣商業地域,80,400
財務省,中国財務局,本局,財政投融資特別会計（特定国有財産整備勘定）,普通財産,-,広島県広島市中区上幟町３−８,561529554,1915.91,558296175,221.48,221.48,1,3095080,138298,0,0,0,市街化区域,近隣商業地域,80,400
財務省,中国財務局,本局,財政投融資特別会計（特定国有財産整備勘定）,普通財産,-,広島県広島市中区平野町８−１,197432104,1184.67,181467750,126.87,126.87,1,15850330,114023,0,0,0,市街化区域,近隣商業地域,80,300
財務省,中国財務局,本局,財政投融資特別会計（特定国有財産整備勘定）,普通財産,-,広島県安芸郡坂町鯛尾１−５７０８−３４外,85759715,2066.41,85759714,0,0,0,0,1,0,0,0,市街化区域,工業地域,60,200
財務省,中国財務局,本局,財政投融資特別会計（特定国有財産整備勘定）,普通財産,-,広島県広島市安芸区船越南二丁目１９２０−２２,108863025,1468.50,88101189,378.52,1131.22,19309058,0,1452778,0,0,0,市街化区域,第一種住居地域,60,200
財務省,中国財務局,本局,財政投融資特別会計（特定国有財産整備勘定）,普通財産,-,広島県広島市佐伯区楽々園５丁目１０６７−６の一部,91215179,1447.86,91215179,0,0,0,0,0,0,0,0,市街化区域,第一種中高層住居専用地域,60,200
財務省,中国財務局,本局,財政投融資特別会計（特定国有財産整備勘定）,普通財産,-,広島県広島市東区牛田早稲田三丁目９１−１２８,2631368123,40398.29,2331671343,5029.23,22203.61,291619921,491741,7585118,0,0,0,市街化区域,第一種中高層住居専用地域,60,200
財務省,中国財務局,本局,財政投融資特別会計（特定国有財産整備勘定）,普通財産,-,広島県広島市中区平野町７−４,508370720,2819.05,469839787,320.67,360.34,13109,38472888,44936,0,0,0,市街化区域,近隣商業地域,80,300
財務省,中国財務局,本局,財政投融資特別会計（特定国有財産整備勘定）,普通財産,-,広島県広島市中区吉島西三丁目８０７−５,566828491,5585.14,507315989,1275.50,4420.09,59168818,0,343684,0,0,0,市街化区域,第一種住居地域,60,200
財務省,中国財務局,本局,財政投融資特別会計（特定国有財産整備勘定）,普通財産,-,広島県広島市中区白島中町２−１外１筆,487234191,2675.70,453908424,535.65,2159.97,33152340,0,173427,0,0,0,市街化区域,第二種住居地域,60,300
財務省,中国財務局,本局,財政投融資特別会計（特定国有財産整備勘定）,普通財産,-,広島県広島市南区宇品東６丁目８６５番４,387166522,3886.56,361450080,793.6,2733.22,25387788,0,328654,0,0,0,市街化区域,第二種住居地域,60,200
財務省,中国財務局,本局,財政投融資特別会計（特定国有財産整備勘定）,普通財産,-,広島県広島市南区丹那町２−３,234213339,2267.46,217163714,414,940.56,7883472,8737751,428402,0,0,0,市街化区域,第一種住居地域,60,200
財務省,中国財務局,本局,財政投融資特別会計（特定国有財産整備勘定）,普通財産,-,広島県広島市佐伯区楽々園５−１０６７−１外,2735020308,36525.80,2481330722,7179.55,26353.16,245493352,987339,7208895,0,0,0,市街化区域,第一種中高層住居専用地域,60,200
財務省,中国財務局,本局,財政投融資特別会計（特定国有財産整備勘定）,普通財産,-,広島県広島市東区牛田新町４−４−３,66007381,915.45,58510986,271.36,697.6,7454654,5710,36031,0,0,0,市街化区域,第二種中高層住居専用地域,60,200
財務省,中国財務局,本局,財政投融資特別会計（特定国有財産整備勘定）,普通財産,-,広島県広島市南区皆実町１—１８３—１,562675100,3742.24,545349150,754.03,2522.92,15691151,851323,783476,0,0,0,市街化区域,第二種住居地域,60,300
財務省,中国財務局,本局,財政投融資特別会計（特定国有財産整備勘定）,普通財産,-,広島県広島市西区観音新町３丁目２７６０番４,209515561,2144.68,184817799,424.34,1424.45,24347201,0,350561,0,0,0,市街化区域,第一種住居地域,60,200
財務省,中国財務局,本局,財政投融資特別会計（特定国有財産整備勘定）,普通財産,-,広島県広島市中区上八丁堀２−５,1944141082,8106.52,1808288990,1550.00,4709.06,92409471,19666874,23775747,0,0,0,市街化区域,商業地域,80,400
財務省,中国財務局,本局呉出張所,財政投融資特別会計（特定国有財産整備勘定）,普通財産,-,広島県呉市宝町７−１１,16327239,244.38,16327239,0,0,0,0,0,0,0,0,市街化区域,準工業地域,60,200
財務省,四国財務局,本局,財政投融資特別会計（特定国有財産整備勘定）,普通財産,新居浜労働基準監督署庁舎敷地,愛媛県新居浜市一宮町一丁目甲８０５番１,61696180,677.98,61696180,0,0,0,0,0,0,0,0,市街化区域,商業地域,80,400
財務省,四国財務局,本局,財政投融資特別会計（特定国有財産整備勘定）,普通財産,-,香川県高松市錦町二丁目１６番２９,36072343,255.13,35978942,52.89,52.89,1,0,93400,0,0,0,非線引,第二種中高層住居専用地域,60,200
財務省,四国財務局,本局,財政投融資特別会計（特定国有財産整備勘定）,普通財産,-,香川県高松市宮脇町二丁目９９１番２,17755071,302.89,14544777,72.45,144.9,3101402,0,108892,0,0,0,非線引,第一種中高層住居専用地域,60,200
財務省,四国財務局,本局,財政投融資特別会計（特定国有財産整備勘定）,普通財産,-,香川県高松市宮脇町二丁目９６１番８,10236493,165.8,10236492,0,0,0,0,1,0,0,0,非線引,第二種中高層住居専用地域,60,200
財務省,四国財務局,本局,財政投融資特別会計（特定国有財産整備勘定）,普通財産,-,香川県高松市中央町２０番６,18315897,200.13,18315897,0,0,0,0,0,0,0,0,非線引,近隣商業地域,80,300
財務省,四国財務局,本局,財政投融資特別会計（特定国有財産整備勘定）,普通財産,-,香川県高松市宮脇町一丁目１８番７,14706951,154.81,14706950,0,0,0,0,1,0,0,0,非線引,第一種中高層住居専用地域,60,200
財務省,四国財務局,本局,財政投融資特別会計（特定国有財産整備勘定）,普通財産,-,香川県高松市木太町字夷村３４２９番１,170909738,5169.55,117865740,1104.88,4154.29,52674057,175990,193951,0,0,0,非線引,第一種中高層住居専用地域,60,200
財務省,四国財務局,本局,財政投融資特別会計（特定国有財産整備勘定）,普通財産,-,香川県高松市番町三丁目１７番１２,33170958,189.44,33170944,87.63,120.75,2,0,12,0,0,0,非線引,第二種中高層住居専用地域,60,200
財務省,四国財務局,松山財務事務所,財政投融資特別会計（特定国有財産整備勘定）,普通財産,-,愛媛県西条市大町字受２５８番２外１筆,36951812,659.03,36951812,0,0,0,0,0,0,0,0,非線引,第二種住居地域,60,200
財務省,四国財務局,高知財務事務所,財政投融資特別会計（特定国有財産整備勘定）,普通財産,-,高知県土佐清水市浜町２番２,10681039,449.12,10663420,0,0,0,0,17619,0,0,0,非線引,都市計画用途地域指定なし,70,300
財務省,四国財務局,高知財務事務所,財政投融資特別会計（特定国有財産整備勘定）,普通財産,-,高知県安芸郡東洋町甲浦字唐人ヶ鼻７０８番１３外,22995,88.94,11465,0,0,0,0,11530,0,0,0,非線引,都市計画用途地域指定なし,40,0
財務省,四国財務局,高知財務事務所,財政投融資特別会計（特定国有財産整備勘定）,普通財産,-,高知県宿毛市宿毛字三反地１７４８番３外１筆,79141453,1552.23,58696843,500.19,500.19,19477966,0,966644,0,0,0,非線引,近隣商業地域,80,200
財務省,九州財務局,本局,財政投融資特別会計（特定国有財産整備勘定）,普通財産,-,熊本県熊本市中央区大江三丁目２番５,158196886,1564.17,133398674,520.83,1484.24,22663362,0,2134850,0,0,0,市街化区域,第二種住居地域,60,200
財務省,九州財務局,本局,財政投融資特別会計（特定国有財産整備勘定）,普通財産,-,熊本県熊本市東区東町３丁目３番１４,306326989,7250.17,261006120,893.61,4404.18,43409811,568522,1342536,0,0,0,市街化区域,第二種中高層住居専用地域,60,200
財務省,九州財務局,本局,財政投融資特別会計（特定国有財産整備勘定）,普通財産,-,熊本県熊本市中央区大江４丁目２番５　外１筆,260575462,2299.06,260575460,0,0,0,0,2,0,0,0,市街化区域,商業地域,80,400
財務省,九州財務局,本局,財政投融資特別会計（特定国有財産整備勘定）,普通財産,-,熊本県熊本市東区栄町１８番,195276132,4133.41,178563312,808.53,2358.39,16445064,267735,21,0,0,0,市街化区域,第二種住居地域,60,200
財務省,九州財務局,本局,財政投融資特別会計（特定国有財産整備勘定）,普通財産,-,熊本県熊本市東区若葉３丁目２３番３　外１筆,111979058,1448.25,88954411,541.89,1751.89,22492991,0,531656,0,0,0,市街化区域,第二種住居地域,60,200
財務省,福岡財務支局,本局,財政投融資特別会計（特定国有財産整備勘定）,普通財産,旧宿舎及び敷地,福岡県福岡市中央区大手門２丁目１２８番２,410218057,1381.48,402640634,149.72,469.4,7577407,0,16,0,0,0,市街化区域,商業地域,80,400
財務省,福岡財務支局,本局,財政投融資特別会計（特定国有財産整備勘定）,普通財産,旧宿舎及び敷地,福岡県福岡市博多区相生町２丁目２６番１,166341420,1824.06,140963356,460.72,1332.20,24797837,0,580227,0,0,0,市街化区域,第一種住居地域 外,60,200
財務省,福岡財務支局,本局,財政投融資特別会計（特定国有財産整備勘定）,普通財産,旧宿舎及び敷地,福岡県福岡市中央区大濠２丁目７区５７番,448364561,1199.25,446944884,214.1,280.22,2,723692,695983,0,0,0,市街化区域,第一種住居地域,60,200
財務省,福岡財務支局,本局,財政投融資特別会計（特定国有財産整備勘定）,普通財産,旧宿舎及び敷地,福岡県福岡市早良区百道２丁目８０７番１８５,174753263,765.37,137307378,211.2,608.71,34627014,0,2818871,0,0,0,市街化区域,第二種住居地域,60,200
財務省,福岡財務支局,本局,財政投融資特別会計（特定国有財産整備勘定）,普通財産,旧宿舎及び敷地,福岡県福岡市早良区室見５丁目５番１９,111347411,772.58,110954849,252.18,701.44,4,0,392558,0,0,0,市街化区域,第一種住居地域 外,60,200
財務省,福岡財務支局,本局,財政投融資特別会計（特定国有財産整備勘定）,普通財産,旧宿舎及び敷地,福岡県福岡市中央区小笹１丁目１７区１１６番１５,125902506,1293.95,106067669,285.22,992.71,19436065,185633,213139,0,0,0,市街化区域,第一種中高層住居専用地域,60,150
財務省,福岡財務支局,本局小倉出張所,財政投融資特別会計（特定国有財産整備勘定）,普通財産,旧庁舎敷地,福岡県北九州市小倉北区城内４６番１１外１筆,450340893,2949.96,450340893,0,0,0,0,0,0,0,0,市街化区域,商業地域,80,400
財務省,福岡財務支局,本局小倉出張所,財政投融資特別会計（特定国有財産整備勘定）,普通財産,旧宿舎及び敷地,福岡県北九州市小倉北区堺町２−９５−４,60216132,584.39,51662997,205.55,514.62,7670200,0,882935,0,0,0,市街化区域,商業地域,80,600
財務省,福岡財務支局,本局小倉出張所,財政投融資特別会計（特定国有財産整備勘定）,普通財産,旧宿舎及び敷地,福岡県北九州市小倉北区篠崎四丁目１５４６番１２５,40400288,946.26,34036972,138.25,473.55,6319006,11259,33051,0,0,0,市街化区域,第一種住居地域,60,200
財務省,福岡財務支局,本局小倉出張所,財政投融資特別会計（特定国有財産整備勘定）,普通財産,旧宿舎及び敷地,福岡県北九州市小倉北区鋳物師町９５番１０外４筆,449713376,9563.93,410445619,1201.78,4453.75,38355332,63933,848492,0,0,0,市街化区域,準工業地域,60,200
財務省,福岡財務支局,佐賀財務事務所,財政投融資特別会計（特定国有財産整備勘定）,普通財産,旧庁舎敷地,佐賀県唐津市西唐津三丁目６８５２番,25316159,899.81,25316154,0,0,0,0,5,0,0,0,非線引,第一種住居地域,60,200
財務省,福岡財務支局,長崎財務事務所（壱岐・対馬分）,財政投融資特別会計（特定国有財産整備勘定）,普通財産,旧庁舎敷地,長崎県対馬市厳原町西里字影平１８—２,23169252,732.71,23169249,0,0,0,0,3,0,0,0,非線引,都市計画用途地域指定なし,70,200
財務省,沖縄総合事務局,財務部,財政投融資特別会計（特定国有財産整備勘定）,普通財産,-,沖縄県浦添市牧港４—５—１０,135306716,1939.14,102758906,463.76,1328.72,30177351,0,2370459,0,0,0,市街化区域,準工業地域,60,200
財務省,沖縄総合事務局,財務部,財政投融資特別会計（特定国有財産整備勘定）,普通財産,-,沖縄県那覇市西３−１５−３３,115684131,1647.55,100275495,325.6,687.94,14924486,0,484150,0,0,0,市街化区域,第二種住居地域,60,200
財務省,沖縄総合事務局,財務部,財政投融資特別会計（特定国有財産整備勘定）,普通財産,-,沖縄県那覇市松川２—２８０—９,72926940,913.71,63876552,111.19,326.27,9050375,0,13,0,0,0,市街化区域,第一種中高層住居専用地域,60,200
