経済産業省,一般会計,公用財産,大臣官房会計課,本省庁舎,東京都千代田区霞が関１—９,東京都千代田区霞が関１−３−１,145253548565,庁舎等,24533,137766887857,2001-01-06,省庁再編に伴う所管換増,市街化区域,商業地域,80,500,91,事務庁舎,6,5936.32,112731.67,6684699765,0,事務庁舎,ＳＲＣ,11,4077.78,59741.01,4405417253,2001-01-06,省庁再編に伴う所管換増,11076384,790884559,0,0,0,0,0,0,0,0
経済産業省,一般会計,公用財産,大臣官房会計課,研修所庁舎,東京都東村山市富士見町５—４—３６,東京都東村山市富士見町５丁目４−３６,4803195945,庁舎等,35667,3317015191,1980-03-27,整理替,市街化区域,第一種中高層住居専用地域,60,200,20,研修施設,8,5485.36,14743.89,1147398194,0,研修施設,ＲＣ,6,858.08,4507.85,324701135,1998-10-29,新築,5908395,332874165,0,0,0,0,0,0,0,0
経済産業省,一般会計,公用財産,大臣官房会計課,東村山独身寮,東京都東村山市富士見町５—４—７１,東京都東村山市富士見町５丁目４−３７,498220621,宿舎,3659,340315829,2001-01-06,省庁再編に伴う所管換増,市街化区域,第一種中高層住居専用地域,60,200,46,宿舎,2,742.22,3372.21,155421793,99,宿舎,ＲＣ,5,731.72,3361.71,154817866,2001-01-06,省庁再編に伴う所管換増,304939,2178060,0,0,0,0,0,0,0,0
経済産業省,一般会計,公用財産,大臣官房会計課,玉川台独身寮,東京都世田谷区玉川台１—２２９−２,東京都世田谷区玉川台１丁目１３−２３,552441529,宿舎,1411,552410415,2001-01-06,省庁再編に伴う所管換増,市街化区域,第二種低層住居専用地域,60,150,67,宿舎,1,516.66,1435.06,1,36,宿舎,ＲＣ,1,516.66,1435.06,1,2001-01-06,省庁再編に伴う所管換増,31094,19,0,0,0,0,0,0,0,0
経済産業省,一般会計,公用財産,大臣官房会計課,目黒独身寮,東京都目黒区中目黒４—７５６,東京都目黒区中目黒４丁目８−１７,904364834,宿舎,2297,869109120,2001-01-06,省庁再編に伴う所管換増,市街化区域,近隣商業地域,80,200,44,宿舎,1,600.65,2026.05,35200455,101,宿舎,ＲＣ,1,600.65,2026.05,35200455,2001-01-06,省庁再編に伴う所管換増,4742,50517,0,0,0,0,0,0,0,0
経済産業省,一般会計,公用財産,大臣官房会計課,上北沢独身寮,東京都世田谷区上北沢５—１１７６−７,東京都世田谷区上北沢５丁目８−１３,308053022,宿舎,853,256654592,2001-01-06,省庁再編に伴う所管換増,市街化区域,第一種中高層住居専用地域,60,200,60,宿舎,2,468.48,1037.79,50760830,27,宿舎,ＲＣ,3,465.24,1034.55,50760829,2001-01-06,省庁再編に伴う所管換増,0,637600,0,0,0,0,0,0,0,0
経済産業省,一般会計,公用財産,大臣官房会計課,千歳船橋独身寮,東京都世田谷区船橋１—３０３—３,東京都世田谷区船橋１丁目４９−９,658776422,宿舎,1586,581343282,2001-01-06,省庁再編に伴う所管換増,市街化区域,第一種低層住居専用地域,50,100,88,宿舎,1,626.28,1406.21,74430899,39,宿舎,ＲＣ,3,626.28,1406.21,74430899,2001-01-06,省庁再編に伴う所管換増,671587,2330654,0,0,0,0,0,0,0,0
防衛省,一般会計,公用財産,大臣官房会計課,防衛省市ヶ谷庁舎,東京都新宿区市谷本村町４２,東京都新宿区市谷本村町５−１,320467748830,庁舎,246052,244151714669,2000-04-01,所属替 外,市街化区域,第二種住居地域,60,300,49,事務庁舎,57,49273.64,361800.15,56150078742,0,庁舎Ａ棟,ＳＲＣ,19,6798.15,112761.18,21011140007,2000-04-01,所属替,500174022,19665781397,0,0,0,0,0,0,0,0
国土交通省,一般会計,公用財産,大臣官房会計課,代々木宿舎,東京都渋谷区渋谷区元代々木町３４,東京都渋谷区元代々木町３４−６,553242478,宿舎,940,552855240,1959-09-30,引受,市街化区域,第一種低層住居専用地域,60,150,13,宿舎,4,112.03,192.06,34073,0,宿舎,Ｓ,1,64,104,1,1965-03-31,新築,224805,128360,0,0,0,0,0,0,0,0
国土交通省,一般会計,公用財産,大臣官房会計課,中央合同庁舎第３号館,東京都千代田区霞ヶ関２—１—３,東京都千代田区霞ヶ関２−１−３,72352385289,庁舎等,14126,66927249002,1966-07-01,所管換,市街化区域,商業地域,80,500,99,その他,6,8275.49,70576.49,4387950237,0,事務庁舎,ＳＲＣ,12,7810.09,70111.09,4361083640,1966-06-01,新築,11633769,134198052,0,0,7,891354229,0,0,0,0
国土交通省,一般会計,公用財産,大臣官房会計課,国土交通本省,東京都千代田区霞ヶ関２—１—３,東京都千代田区霞ヶ関２丁目１−３,0,-,0,0,0000-00-00,-,-,-,-,-,-,-,0,0,0,0,0,-,-,0,0,0,0,0000-00-00,-,0,0,0,0,0,0,0,0,24,0
国土交通省,一般会計,公用財産,大臣官房会計課,上大崎宿舎,東京都品川区上大崎３−３５３−３他４筆,東京都品川区上大崎３丁目１３−３４,43102,-,0,0,0000-00-00,-,-,-,-,-,-,-,0,0,0,0,0,-,-,0,0,0,0,0000-00-00,-,0,43102,0,0,0,0,0,0,0,0
国土交通省,一般会計,公用財産,大臣官房会計課,南荻窪住宅,東京都杉並区南荻窪４—２９,東京都杉並区南荻窪４丁目２９,463132152,宿舎,1047,436656070,1983-03-30,整理替,市街化区域,第一種住居地域,60,200,46,宿舎,1,282.79,967.4,25570109,40,宿舎,ＲＣ,4,282.79,967.4,25570109,1983-03-30,新築,0,905973,0,0,0,0,0,0,0,0
国土交通省,一般会計,公用財産,大臣官房会計課,柏研修センター,千葉県柏市柏の葉３—１１—３,千葉県柏市柏の葉３丁目１１−３,3893987586,庁舎等,37239,2681220960,1999-07-12,所管換,市街化区域,第二種住居地域,60,200,17,事務庁舎　外,4,6333.33,12908.48,999696982,0,研修施設,ＳＲＣ,3,1602.84,4806.07,394204052,1997-02-10,所管換,24211889,188857755,0,0,0,0,0,0,0,0
国土交通省,一般会計,公用財産,大臣官房会計課,中央合同庁舎第３号館,東京都千代田区霞が関２−１−３,東京都千代田区霞が関２−１−３,0,-,0,0,0000-00-00,-,-,-,-,-,-,-,0,0,0,0,0,-,-,0,0,0,0,0000-00-00,-,0,0,0,0,0,0,0,0,2,0
厚生労働省,一般会計,公用財産,厚生労働省大臣官房会計課,厚生労働本省庁舎,東京都千代田区霞が関１−５,東京都千代田区霞が関１−２−２,1456546,-,0,0,0000-00-00,-,-,-,-,-,-,-,0,0,0,0,0,-,-,0,0,0,0,0000-00-00,-,0,0,0,0,0,0,0,0,3,1456546
厚生労働省,一般会計,公用財産,厚生労働省大臣官房会計課,中央合同庁舎第５号館,東京都千代田区霞が関１−５,東京都千代田区霞が関１−２−２,63846813296,庁舎等,13511,57137262048,1983-09-30,所管換,市街化区域,商業地域,80,500,151,事務庁舎,6,6424.3,102530,5678108654,0,事務庁舎,ＳＲＣ,26,6178.8,101301.33,5593083056,1983-09-30,新築,15962068,1015480526,0,0,0,0,0,0,0,0
厚生労働省,一般会計,公用財産,厚生労働省大臣官房会計課,厚生労働本省庁舎白金台分室,東京都港区白金台２−２−１５４,東京都港区白金台２−６−２１,759105595,庁舎等,952,713091570,1947-03-25,購入,市街化区域,第一種中高層住居専用地域,60,200,74,研修施設,1,484.17,1415.63,42483934,0,研修施設,ＲＣ,3,484.17,1415.63,42483934,1980-03-26,新築,415503,3114588,0,0,0,0,0,0,0,0
厚生労働省,一般会計,公用財産,厚生労働省大臣官房会計課,心身障害児総合医療療育センター,東京都板橋区小茂根１−２９９８−１,東京都板橋区小茂根１−１−１０,9602145879,庁舎等,40121,6860685870,1959-07-20,寄附,市街化区域,第一種中高層住居専用地域,60,200,30,医療施設,22,11446.61,24366.64,2221914314,0,事務庁舎,ＲＣ,3,2719.24,8933.7,761975404,1996-03-27,新築,2261427,517284268,0,0,0,0,0,0,0,0
厚生労働省,一般会計,公用財産,厚生労働省大臣官房会計課,日本社会事業大学（清瀬）,東京都清瀬市竹丘３−１２０７−８,東京都清瀬市竹丘３−１−３０,6749512456,庁舎等,59120,5143474800,1985-10-18,所管換,市街化区域,第一種中高層住居専用地域,60,200,24,教育施設,12,10639.74,29404.57,1524145359,0,教育施設,ＳＲＣ,6,2581.32,10427.07,462801100,1989-01-31,所管換,8867184,73025113,0,0,0,0,0,0,0,0
厚生労働省,一般会計,公用財産,厚生労働省大臣官房会計課,日本社会事業大学（梅園）,東京都清瀬市梅園１−１６８４−６,東京都清瀬市梅園１−２−５０,893653612,庁舎等,8205,748023480,1987-12-25,所管換,市街化区域,第一種中高層住居専用地域,60,200,24,教育施設,2,1843.37,3975.18,139366054,0,寄宿舎棟,ＲＣ,2,1145.89,3066.61,96609436,1989-03-24,所管換,631063,5633015,0,0,0,0,0,0,0,0
厚生労働省,一般会計,公用財産,厚生労働省大臣官房会計課,日本社会事業大学（前沢）,東京都小平市花小金井４−２０７−５７ほか,東京都小平市花小金井４−３９−１０,321384641,庁舎等,2042,266484053,1988-06-29,所管換,市街化区域,第一種低層住居専用地域,40,80,75,教育施設,2,443.16,1225.58,51973984,0,宿泊棟,ＲＣ,3,435.38,1217.8,51776506,1989-09-12,所管換,1222858,1703746,0,0,0,0,0,0,0,0
厚生労働省,一般会計,公用財産,厚生労働省大臣官房会計課,日本点字図書館,東京都新宿区高田馬場１−２１２−５,東京都新宿区高田馬場１−２３−４,458172142,-,0,0,0000-00-00,-,-,-,-,-,-,図書館,2,928.46,3939.68,431836144,0,図書館,ＳＲＣ,5,678.1,2723.33,296906190,1996-03-28,新築,2302738,24033260,0,0,0,0,0,0,0,0
厚生労働省,一般会計,公用財産,厚生労働省大臣官房会計課,昭和館,東京都千代田区九段南１−５−７,東京都千代田区九段南１−６−１,2373696719,-,0,0,0000-00-00,-,-,-,-,-,-,資料館,1,1444.86,8514.11,2182012834,0,資料館,ＳＲＣ,7,1444.86,8514.11,2182012834,1998-12-25,新築,0,191683885,0,0,0,0,0,0,0,0
厚生労働省,一般会計,公用財産,厚生労働省大臣官房会計課,硫黄島戦没者の碑,東京都小笠原村硫黄島,東京都小笠原村硫黄島,45290570,その他,9077,10600974,2006-03-23,購入,非線引,都市計画用途地域指定なし,70,200,0,-,0,0,0,0,0,-,-,0,0,0,0,0000-00-00,-,456359,34233237,0,0,0,0,0,0,0,0
厚生労働省,一般会計,公用財産,厚生労働省大臣官房会計課,比島戦没者の碑,外国フィリピン共和国ルソン島ラグナ州,外国フィリピン共和国ルソン島ラグナ州,23155800,-,0,0,0000-00-00,-,-,-,-,-,-,-,0,0,0,0,0,-,-,0,0,0,0,0000-00-00,-,0,23155800,0,0,0,0,0,0,0,0
厚生労働省,一般会計,公用財産,厚生労働省大臣官房会計課,中部太平洋戦没者の碑,外国アメリカ（自治領）北マリアナ連邦サイパン島マッピ,外国アメリカ（自治領）北マリアナ連邦サイパン島マッピ,6777000,-,0,0,0000-00-00,-,-,-,-,-,-,-,0,0,0,0,0,-,-,0,0,0,0,0000-00-00,-,0,6777000,0,0,0,0,0,0,0,0
厚生労働省,一般会計,公用財産,厚生労働省大臣官房会計課,沖縄戦没者墓苑,沖縄県糸満市摩文仁ハンタ上原,沖縄県糸満市摩文仁ハンタ上原,40208205,-,0,0,0000-00-00,-,-,-,-,-,-,その他,1,40.92,40.92,13537000,0,その他,ＲＣ,1,40.92,40.92,13537000,2008-03-05,新築,25046,26646159,0,0,0,0,0,0,0,0
厚生労働省,一般会計,公用財産,厚生労働省大臣官房会計課,南太平洋戦没者の碑,外国パプアニューギニア国東ニューブリテン州ラバウル市,外国パプアニューギニア国東ニューブリテン州ラバウル市,42481155,-,0,0,0000-00-00,-,-,-,-,-,-,-,0,0,0,0,0,-,-,0,0,0,0,0000-00-00,-,0,42481155,0,0,0,0,0,0,0,0
厚生労働省,一般会計,公用財産,厚生労働省大臣官房会計課,ビルマ平和記念碑,外国ミャンマー連邦ヤンゴン市,外国ミャンマー連邦ヤンゴン市,43431409,-,0,0,0000-00-00,-,-,-,-,-,-,-,0,0,0,0,0,-,-,0,0,0,0,0000-00-00,-,0,43431409,0,0,0,0,0,0,0,0
厚生労働省,一般会計,公用財産,厚生労働省大臣官房会計課,ニューギニア戦没者の碑,外国パプアニューギニア国東セピック州ウエワク市,外国パプアニューギニア国東セピック州ウエワク市,55179855,-,0,0,0000-00-00,-,-,-,-,-,-,-,0,0,0,0,0,-,-,0,0,0,0,0000-00-00,-,0,55179855,0,0,0,0,0,0,0,0
厚生労働省,一般会計,公用財産,厚生労働省大臣官房会計課,ボルネオ戦没者の碑,外国マレーシア国サバ州ラブアン島,外国マレーシア国サバ州ラブアン島,74026265,-,0,0,0000-00-00,-,-,-,-,-,-,-,0,0,0,0,0,-,-,0,0,0,0,0000-00-00,-,0,74026265,0,0,0,0,0,0,0,0
厚生労働省,一般会計,公用財産,厚生労働省大臣官房会計課,東太平洋戦没者の碑,外国マーシャル共和国マジュロ島,外国マーシャル共和国マジュロ島,67040036,-,0,0,0000-00-00,-,-,-,-,-,-,-,0,0,0,0,0,-,-,0,0,0,0,0000-00-00,-,0,67040036,0,0,0,0,0,0,0,0
厚生労働省,一般会計,公用財産,厚生労働省大臣官房会計課,西太平洋戦没者の碑,外国パラオ共和国ペリリュー島,外国パラオ共和国ペリリュー島,53494919,-,0,0,0000-00-00,-,-,-,-,-,-,-,0,0,0,0,0,-,-,0,0,0,0,0000-00-00,-,0,53494919,0,0,0,0,0,0,0,0
厚生労働省,一般会計,公用財産,厚生労働省大臣官房会計課,北太平洋戦没者の碑,外国アメリカ合衆国アラスカ州アッツ島,外国アメリカ合衆国アラスカ州アッツ島,35376654,-,0,0,0000-00-00,-,-,-,-,-,-,-,0,0,0,0,0,-,-,0,0,0,0,0000-00-00,-,0,35376654,0,0,0,0,0,0,0,0
厚生労働省,一般会計,公用財産,厚生労働省大臣官房会計課,インド平和記念碑,外国インドマニプール州,外国インドマニプール州,14067708,-,0,0,0000-00-00,-,-,-,-,-,-,-,0,0,0,0,0,-,-,0,0,0,0,0000-00-00,-,0,14067708,0,0,0,0,0,0,0,0
厚生労働省,一般会計,公用財産,厚生労働省大臣官房会計課,第二次世界大戦慰霊碑,外国インドネシア共和国パプア州ビアク島,外国インドネシア共和国パプア州ビアク島,63916605,-,0,0,0000-00-00,-,-,-,-,-,-,-,0,0,0,0,0,-,-,0,0,0,0,0000-00-00,-,0,63916605,0,0,0,0,0,0,0,0
厚生労働省,一般会計,公用財産,厚生労働省大臣官房会計課,日本人死亡者慰霊碑（ハバロフスク）,外国ロシア連邦ハバロフスク市,外国ロシア連邦ハバロフスク市,39708246,-,0,0,0000-00-00,-,-,-,-,-,-,-,0,0,0,0,0,-,-,0,0,0,0,0000-00-00,-,746456,38961790,0,0,0,0,0,0,0,0
厚生労働省,一般会計,公用財産,厚生労働省大臣官房会計課,樺太・千島戦没者慰霊碑,外国ロシア連邦サハリン州,外国ロシア連邦サハリン州,39900160,-,0,0,0000-00-00,-,-,-,-,-,-,-,0,0,0,0,0,-,-,0,0,0,0,0000-00-00,-,22680,39877480,0,0,0,0,0,0,0,0
厚生労働省,一般会計,公用財産,厚生労働省大臣官房会計課,日本人死亡者慰霊碑（クラスノヤルスク）,外国ロシア連邦クラスノヤルスク市,外国ロシア連邦クラスノヤルスク市,1780218,-,0,0,0000-00-00,-,-,-,-,-,-,-,0,0,0,0,0,-,-,0,0,0,0,0000-00-00,-,0,1780218,0,0,0,0,0,0,0,0
厚生労働省,一般会計,公用財産,厚生労働省大臣官房会計課,日本人死亡者慰霊碑（タタールスタン）,外国ロシア連邦タタルスタン共和国エラブガ市,外国ロシア連邦タタルスタン共和国エラブガ市,1791613,-,0,0,0000-00-00,-,-,-,-,-,-,-,0,0,0,0,0,-,-,0,0,0,0,0000-00-00,-,0,1791613,0,0,0,0,0,0,0,0
厚生労働省,一般会計,公用財産,厚生労働省大臣官房会計課,日本人死亡者慰霊碑（モンゴル）,外国モンゴル国ウランバートル市,外国モンゴル国ウランバートル市,74824206,-,0,0,0000-00-00,-,-,-,-,-,-,-,0,0,0,0,0,-,-,0,0,0,0,0000-00-00,-,0,74824206,0,0,0,0,0,0,0,0
厚生労働省,一般会計,公用財産,厚生労働省大臣官房会計課,日本人死亡者慰霊碑（スベルドロフスク）,外国ロシア連邦スベルドロフスク州ニジニ・タギル市,外国ロシア連邦スベルドロフスク州ニジニ・タギル市,1687075,-,0,0,0000-00-00,-,-,-,-,-,-,-,0,0,0,0,0,-,-,0,0,0,0,0000-00-00,-,0,1687075,0,0,0,0,0,0,0,0
厚生労働省,一般会計,公用財産,厚生労働省大臣官房会計課,日本人死亡者慰霊碑（ハカシア）,外国ロシア連邦ハカシア共和国チェルノゴルスク市,外国ロシア連邦ハカシア共和国チェルノゴルスク市,1878000,-,0,0,0000-00-00,-,-,-,-,-,-,-,0,0,0,0,0,-,-,0,0,0,0,0000-00-00,-,0,1878000,0,0,0,0,0,0,0,0
厚生労働省,一般会計,公用財産,厚生労働省大臣官房会計課,日本人死亡者慰霊碑（ウズベキスタン）,外国ロシア連邦ウズベキスタン共和国,外国ロシア連邦ウズベキスタン共和国,852800,-,0,0,0000-00-00,-,-,-,-,-,-,-,0,0,0,0,0,-,-,0,0,0,0,0000-00-00,-,0,852800,0,0,0,0,0,0,0,0
厚生労働省,一般会計,公用財産,厚生労働省大臣官房会計課,日本人死亡者慰霊碑（ケメロボ）,外国ロシア連邦ケメロボ州ケメロボ市,外国ロシア連邦ケメロボ州ケメロボ市,1921605,-,0,0,0000-00-00,-,-,-,-,-,-,-,0,0,0,0,0,-,-,0,0,0,0,0000-00-00,-,0,1921605,0,0,0,0,0,0,0,0
厚生労働省,一般会計,公用財産,厚生労働省大臣官房会計課,日本人死亡者慰霊碑（アルタイ）,外国ロシア連邦アルタイ地方ビースク市,外国ロシア連邦アルタイ地方ビースク市,1780470,-,0,0,0000-00-00,-,-,-,-,-,-,-,0,0,0,0,0,-,-,0,0,0,0,0000-00-00,-,0,1780470,0,0,0,0,0,0,0,0
厚生労働省,一般会計,公用財産,厚生労働省大臣官房会計課,日本人死亡者慰霊碑（ノボシビルスク）,外国ロシア連邦ノボシビルスク州ノボシビルスク市,外国ロシア連邦ノボシビルスク州ノボシビルスク市,1788750,-,0,0,0000-00-00,-,-,-,-,-,-,-,0,0,0,0,0,-,-,0,0,0,0,0000-00-00,-,0,1788750,0,0,0,0,0,0,0,0
厚生労働省,一般会計,公用財産,厚生労働省大臣官房会計課,日本人死亡者慰霊碑（オレンブルク）,外国オレンブルク州オレンブルク市,外国オレンブルク州オレンブルク市,1884345,-,0,0,0000-00-00,-,-,-,-,-,-,-,0,0,0,0,0,-,-,0,0,0,0,0000-00-00,-,0,1884345,0,0,0,0,0,0,0,0
厚生労働省,一般会計,公用財産,厚生労働省大臣官房会計課,日本人死没者慰霊碑（グルジア）,外国グルジア国トビリシ市,外国グルジア国トビリシ市,2262257,-,0,0,0000-00-00,-,-,-,-,-,-,-,0,0,0,0,0,-,-,0,0,0,0,0000-00-00,-,0,2262257,0,0,0,0,0,0,0,0
厚生労働省,一般会計,公用財産,厚生労働省大臣官房会計課,日本人死亡者慰霊碑（ベロゴルスク）,外国ロシア連邦アムール州ベロゴルスク,外国ロシア連邦アムール州ベロゴルスク,2613718,-,0,0,0000-00-00,-,-,-,-,-,-,-,0,0,0,0,0,-,-,0,0,0,0,0000-00-00,-,0,2613718,0,0,0,0,0,0,0,0
厚生労働省,一般会計,公用財産,厚生労働省大臣官房会計課,日本人死亡者慰霊碑（ザバイカル）,外国ロシア連邦ザバイカル地方チタ市,外国ロシア連邦ザバイカル地方チタ市,1800550,-,0,0,0000-00-00,-,-,-,-,-,-,-,0,0,0,0,0,-,-,0,0,0,0,0000-00-00,-,0,1800550,0,0,0,0,0,0,0,0
厚生労働省,一般会計,公用財産,厚生労働省大臣官房会計課,中国帰国者定着促進センター研修所,埼玉県所沢市並木６−４−２,埼玉県所沢市並木６−４−２,517644486,庁舎等,4000,452400000,1983-05-31,所管換,市街化調整区域,都市計画用途地域指定なし,60,200,23,研修施設,2,1227.35,1877.63,57487318,0,研修施設,ＲＣ,2,1184.99,1835.27,57487317,1983-12-26,新築,4813696,2943472,0,0,0,0,0,0,0,0
厚生労働省,一般会計,公用財産,厚生労働省大臣官房会計課,中国帰国者定着促進センター宿泊所,埼玉県所沢市並木４−１,埼玉県所沢市並木４−１,56768833,-,0,0,0000-00-00,-,-,-,-,-,-,研修施設,2,1174.22,2014.5,55455668,0,研修施設,ＲＣ,2,1034.07,1874.35,52718547,1987-01-23,新築,15926,1297239,0,0,0,0,0,0,0,0
厚生労働省,一般会計,公用財産,厚生労働省大臣官房会計課,全国障害者総合福祉センター,東京都新宿区戸山１−４３−４４４,東京都新宿区戸山−２２−１,1816930186,庁舎等,3306,1351794777,1983-06-25,所属替,市街化区域,第一種中高層住居専用地域,60,300,77,医療施設,2,2029.65,7729.44,433315533,0,医療施設,ＲＣ,5,1965.44,7524.23,412858121,1984-10-01,新築,1639771,30180105,0,0,0,0,0,0,0,0
厚生労働省,一般会計,公用財産,厚生労働省大臣官房会計課,国立ハンセン病資料館,東京都東村山市青葉町４−１−１３,東京都東村山市青葉町４−１−１３,1822868995,庁舎等,11625,941628240,1992-06-05,所属替,市街化区域,第一種中高層住居専用地域,30,100,37,資料館,3,2654.92,4350.38,734058179,0,資料館,ＲＣ,2,1358.59,2486.24,450730317,2006-12-14,新築,3004098,144178478,0,0,0,0,0,0,0,0
厚生労働省,一般会計,公用財産,厚生労働省大臣官房会計課,国立ハンセン病資料館重監房跡地,群馬県吾妻郡草津町大字草津字沼尾原６４３,群馬県吾妻郡草津町草津６４１,599395,その他,5316,510336,2013-01-11,購入,非線引,都市計画用途地域指定なし,70,400,0,-,0,0,0,0,0,-,-,0,0,0,0,0000-00-00,-,89059,0,0,0,0,0,0,0,0,0
厚生労働省,一般会計,公用財産,厚生労働省大臣官房会計課,重監房資料館,群馬県吾妻郡草津町草津４６４−１５３３,群馬県吾妻郡草津町大字草津乙６４７,222704211,庁舎等,2773,554944,2013-04-16,所属替（無償）,非線引,都市計画用途地域指定なし,70,400,6,資料館,1,736.25,711.15,180255296,0,資料館,ＲＣ,1,736.25,711.15,180255296,2014-04-07,新築,2262480,39631491,0,0,0,0,0,0,0,0
厚生労働省,一般会計,公用財産,厚生労働省大臣官房会計課,千鳥ヶ淵戦没者墓苑納骨室,東京都千代田区三番町２,東京都千代田区三番町２,174607521,-,0,0,0000-00-00,-,-,-,-,-,-,その他,1,0,737.47,160404779,0,その他,ＲＣ,0,0,737.47,160404779,2000-03-30,新設,0,14202742,0,0,0,0,0,0,0,0
厚生労働省,一般会計,公用財産,厚生労働省大臣官房会計課,国際障害者交流センター,大阪府堺市南区茶山台１−４−１,大阪府堺市南区茶山１−８−１,2237519659,-,0,0,0000-00-00,-,-,-,-,-,-,事務庁舎,1,4918.11,11917.19,1936772524,0,その他,ＲＣ,3,4918.11,11917.19,1936772524,2001-03-23,新築,6997039,293750096,0,0,0,0,0,0,0,0
厚生労働省,一般会計,公用財産,厚生労働省大臣官房会計課,国立広島原爆死没者追悼平和祈念館,広島県広島市中区中島町１,広島県広島市中区中島町１−６,1670744386,-,0,0,0000-00-00,-,-,-,-,-,-,事務庁舎,1,24.89,3117.51,1426824079,0,事務庁舎,ＲＣ,1,24.89,3117.51,1426824079,2002-03-29,新築,35133724,208786583,0,0,0,0,0,0,0,0
厚生労働省,一般会計,公用財産,厚生労働省大臣官房会計課,国立長崎原爆死没者追悼平和祈念館,長崎県長崎市平野町２４００−４,長崎県長崎市平野町７−８,1502798268,-,0,0,0000-00-00,-,-,-,-,-,-,事務庁舎,2,50.49,3063.15,1325907470,0,事務庁舎,ＲＣ,1,50.49,2999.58,1315366568,2002-12-20,新築,15173403,161717395,0,0,0,0,0,0,0,0
厚生労働省,一般会計,公用財産,厚生労働省大臣官房会計課,厚生労働省玉川寮宿舎,東京都世田谷区上用賀１−２８１−２,東京都世田谷区上用賀１−１８−２１,9,-,0,0,0000-00-00,-,-,-,-,-,-,宿舎,1,341.61,666.9,1,0,宿舎,Ｂ,1,341.61,666.9,1,1964-06-24,新築,0,8,0,0,0,0,0,0,0,0
厚生労働省,一般会計,公用財産,厚生労働省大臣官房会計課,厚生労働省柏寮宿舎,千葉県柏市八幡町１４２１−１４０,千葉県柏市八幡町２−２０,232169773,宿舎,2151,180749670,1973-11-27,所管換,市街化区域,第一種低層住居専用地域,50,100,81,宿舎,2,634.23,1744.91,48435286,43,宿舎,ＲＣ,1,619.28,1729.96,48208343,1975-03-13,新築,0,2984817,0,0,0,0,0,0,0,0
厚生労働省,一般会計,公用財産,厚生労働省大臣官房会計課,厚生労働省鶴見宿舎,神奈川県横浜市鶴見区岸谷３−１５９１,神奈川県横浜市鶴見区岸谷３−１５−１６,60415083,-,0,0,0000-00-00,-,-,-,-,-,-,宿舎,2,429.76,1611.6,52376781,40,宿舎,ＲＣ,1,322.32,1289.28,42521765,1985-11-28,所管換,272602,7765700,0,0,0,0,0,0,0,0
厚生労働省,一般会計,公用財産,厚生労働省大臣官房会計課,厚生労働省駒沢宿舎,東京都目黒区東が丘２−１２１７−３,東京都目黒区東が丘２−１５−７,31454883,-,0,0,0000-00-00,-,-,-,-,-,-,宿舎,1,284.49,1119.36,30831739,46,宿舎,ＲＣ,1,284.49,1119.36,30831739,1989-03-31,新築,0,623144,0,0,0,0,0,0,0,0
厚生労働省,一般会計,公用財産,厚生労働省大臣官房会計課,国立職業リハビリテーションセンター,埼玉県所沢市並木４−２,埼玉県所沢市並木４−２,1384246920,庁舎等,16479,1384246920,1976-12-27,所管換,市街化区域,第二種住居地域,60,200,0,-,0,0,0,0,0,-,-,0,0,0,0,0000-00-00,-,0,0,0,0,0,0,0,0,0,0
厚生労働省,一般会計,公用財産,厚生労働省大臣官房会計課,厚生労働省東村山宿舎,東京都東村山市富士見町２−７−１２,東京都東村山市富士見町２−７−１２,435037159,宿舎,2032,290933112,1992-12-18,所管換,市街化区域,第一種中高層住居専用地域,60,200,63,宿舎,4,654.5,2564.5,138196577,108,宿舎,ＲＣ,1,321,1276,66296098,1993-03-31,新築,1994580,3912890,0,0,0,0,0,0,0,0
厚生労働省,一般会計,公用財産,厚生労働省大臣官房会計課,厚生労働省小川宿舎,東京都小平市小川西町２−１９−７,東京都小平市小川西町２−１９−７,261513436,宿舎,1212,203925744,1989-03-31,所管換,市街化区域,第一種中高層住居専用地域,60,200,35,宿舎,4,314.45,864.01,53889208,22,宿舎,ＲＣ,1,274.78,824.34,52020044,1990-11-30,新築,898201,2800283,0,0,0,0,0,0,0,0
厚生労働省,一般会計,公用財産,厚生労働省大臣官房会計課,厚生労働省調布宿舎,東京都調布市布田４−２−５,東京都調布市布田４−２−５,19741746,-,0,0,0000-00-00,-,-,-,-,-,-,宿舎,1,132.12,396.36,19122296,14,宿舎,ＲＣ,1,132.12,396.36,19122296,1990-03-31,新築,0,619450,0,0,0,0,0,0,0,0
厚生労働省,一般会計,公用財産,厚生労働省大臣官房会計課,厚生労働省杉並宿舎,東京都杉並区井草２−１５５,東京都杉並区井草２−２２−１１,39652299,-,0,0,0000-00-00,-,-,-,-,-,-,宿舎,1,236,656,37860371,17,宿舎,ＲＣ,1,236,656,37860371,1993-03-31,新築,1404602,387326,0,0,0,0,0,0,0,0
厚生労働省,一般会計,公用財産,厚生労働省大臣官房会計課,女性と仕事の未来館,東京都港区芝５−６０１,東京都港区芝５−３５−３,315605950,-,0,0,0000-00-00,-,-,-,-,-,-,資料館,1,439.52,2166,281698319,0,資料館,ＳＲＣ,6,439.52,2166,281698319,1999-10-29,新築,461177,33446454,0,0,0,0,0,0,0,0
厚生労働省,一般会計,公用財産,厚生労働省大臣官房会計課,産業安全会館,東京都港区芝５−６０１,東京都港区芝５−３５−１,13963920601,庁舎等,6273,13963920600,2001-04-01,所属替,市街化区域,商業地域,80,700,0,-,0,0,0,0,0,-,-,0,0,0,0,0000-00-00,-,0,1,0,0,0,0,0,0,0,0
厚生労働省,一般会計,公用財産,厚生労働省大臣官房会計課,東京安全衛生教育センター,東京都清瀬市梅園１−４−６,東京都清瀬市梅園１−４−６,24552582,-,0,0,0000-00-00,-,-,-,-,-,-,研修施設,1,1026.15,2089.82,23866307,0,研修施設,ＲＣ,2,1026.15,2089.82,23866307,2001-04-01,所属替,0,686275,0,0,0,0,0,0,0,0
外務省,一般会計,公用財産,外務省大臣官房会計課,外務本省,東京都千代田区霞が関２−２−１,東京都千代田区霞が関２−２−１,172209653728,庁舎等,34424,168833249208,1948-11-11,所管換,市街化区域,商業地域,80,500,46,事務庁舎　外,10,11884.84,80753.53,1592912940,0,事務庁舎,ＳＲＣ,8,9888.64,63114.82,94619085,1960-04-25,新築,4034739,1779456841,0,0,0,0,0,0,0,0
外務省,一般会計,公用財産,外務省大臣官房会計課,麻布台別館,東京都港区麻布台１−３１３−１５,東京都港区麻布台１−８−１８,1230740389,庁舎等,750,921619717,1953-03-31,購入,市街化区域,第二種住居地域,60,300,72,事務庁舎　外,1,456.58,1629.91,274722898,0,事務庁舎　外,ＲＣ,3,456.58,1629.91,274722898,1997-07-29,新築,1779661,32618113,0,0,0,0,0,0,0,0
外務省,一般会計,公用財産,外務省大臣官房会計課,船橋分室,千葉県船橋市西船７−５５−１,千葉県船橋市西船７−１１−２,230076640,庁舎等,2869,190627500,1941-10-01,購入,市街化区域,第一種中高層住居専用地域,60,200,16,事務庁舎　外,1,549,974.25,31882727,0,事務庁舎,ＲＣ,2,549,974.25,31882727,1973-03-28,新築,0,7566413,0,0,0,0,0,0,0,0
外務省,一般会計,公用財産,外務省大臣官房会計課,飯倉別館,東京都港区麻布台１−３１４−４,東京都港区麻布台１−５−３,14256719854,庁舎等,9586,13969209196,1968-12-24,購入,市街化区域,第二種住居地域,60,300,22,事務庁舎　外,3,2506.01,6464.03,222456136,0,事務庁舎　外,ＲＣ,3,2172.7,5850.5,202346367,1971-02-27,新築,1180963,63873559,0,0,0,0,0,0,0,0
外務省,一般会計,公用財産,外務省大臣官房会計課,目黒住宅,東京都目黒区三田２−３７−１,東京都目黒区三田２−１０−１９,815313952,宿舎,1495,774624200,1984-03-05,所管換,市街化区域,第一種中高層住居専用地域,60,200,27,宿舎,2,276.06,828.18,25175401,34,宿舎,ＲＣ,3,137.86,413.58,12747755,1985-03-27,新築,9594,15504757,0,0,0,0,0,0,0,0
外務省,一般会計,公用財産,外務省大臣官房会計課,外務省研修所,神奈川県相模原市南区相模大野４−４００９−５９,神奈川県相模原市南区相模大野４−２−１,3559839622,庁舎等,18000,2160033600,1992-03-05,所管換,市街化区域,第一種中高層住居専用地域,60,200,34,事務庁舎　外,5,3875.77,12405.56,913038592,0,事務庁舎　外,ＲＣ,5,2941.04,9857.52,560171153,1993-12-20,所管換,15419542,471347888,0,0,0,0,0,0,0,0
外務省,一般会計,公用財産,外務省大臣官房会計課,池尻大橋寮,東京都目黒区東山３−４８７,東京都目黒区東山３−６−３,431210126,宿舎,640,354825689,1992-07-17,所管換,市街化区域,準工業地域,60,300,79,宿舎,2,261.91,1528.71,74984049,63,宿舎,ＲＣ,7,255.01,1521.81,74493423,1993-03-31,新築,0,1400388,0,0,0,0,0,0,0,0
外務省,一般会計,公用財産,外務省大臣官房会計課,高島平寮,東京都板橋区高島平１−５５−１２,東京都板橋区高島平１−５５−２０,245320386,宿舎,496,170610240,1993-09-08,所管換,市街化区域,準住居地域,60,300,68,宿舎,2,280.76,1023.9,73102589,29,宿舎,ＲＣ,4,276.76,1019.9,72862585,1995-02-28,新築,0,1607557,0,0,0,0,0,0,0,0
外務省,一般会計,公用財産,外務省大臣官房会計課,外務省桜台寮,東京都練馬区桜台３−４４−８,東京都練馬区桜台３−４４−６,483330942,宿舎,1258,371983432,1995-02-01,所管換,市街化区域,第一種中高層住居専用地域,50,150,74,宿舎,1,370.31,1403.96,110013321,46,宿舎,ＲＣ,4,370.31,1403.96,110013321,1996-03-29,新築,324003,1010186,0,0,0,0,0,0,0,0
外務省,一般会計,公用財産,外務省大臣官房会計課,立石在外職員子弟育英寮,東京都葛飾区立石２−１１６２−１,東京都葛飾区立石２−２９−１２,643436960,庁舎等,1706,396097882,1995-07-10,所管換,市街化区域,準工業地域,60,200,70,事務庁舎　外,2,896.84,2407.51,212568234,0,事務庁舎　外,ＲＣ,1,891.12,2401.79,212282222,1997-10-31,新築,966908,33803936,0,0,0,0,0,0,0,0
総務省,一般会計,公用財産,総務省大臣官房会計課,総務本省,東京都千代田区霞が関二丁目３−１,東京都千代田区霞が関２−１−２,0,-,0,0,0000-00-00,-,-,-,-,-,-,-,0,0,0,0,0,-,-,0,0,0,0,0000-00-00,-,0,0,0,0,0,0,0,0,21,0
総務省,一般会計,公用財産,総務省大臣官房会計課,国分寺宿舎,東京都国分寺市本多３丁目１５６番３２、１５６番９１、１５６番９２,東京都国分寺市本多３丁目１９−１５,396178428,宿舎,1728,352843764,1992-03-02,所属替,市街化区域,第一種低層住居専用地域,50,80,63,宿舎,6,348.5,882.6,42565836,26,宿舎,ＲＣ,3,292.46,826.56,41793823,1992-12-22,新築,145688,623140,0,0,0,0,0,0,0,0
総務省,一般会計,公用財産,総務省大臣官房会計課,情報通信政策研究所,東京都国分寺市泉町２丁目１０２−３,東京都国分寺市泉町２−１１−１６,3706561200,庁舎,14547,2312960280,2001-01-01,所属替,市街化区域,第二種住居地域,60,200,26,事務庁舎　外,4,3531,7705.93,1096971322,0,研修所,ＳＲＣ,3,2843.96,5752.77,860438459,2004-02-27,所管換,14168675,282460923,0,0,0,0,0,0,0,0
総務省,一般会計,公用財産,総務省大臣官房会計課,総務省目白寮,東京都豊島区高田２丁目１３７０番１,東京都豊島区高田２丁目１７−４,559363795,宿舎,945,307113431,1992-01-20,所管換,市街化区域,第一種住居地域,60,400,69,宿舎,1,531.87,2630.3,247902308,68,宿舎,ＲＣ,7,531.87,2630.3,247902308,1996-03-25,所管換,418045,3930011,0,0,0,0,0,0,0,0
総務省,一般会計,公用財産,総務省大臣官房会計課,中央合同庁舎第２号館,東京都千代田区霞が関二丁目３−１,東京都千代田区霞が関２−１−２,90422156558,庁舎等,16842,67042125612,2001-03-30,所管換,市街化区域,商業地域,80,500,149,事務庁舎,8,6288.79,125778.41,20148536638,0,事務庁舎,ＳＲＣ,21,5676.95,114653.88,18745239242,2000-12-01,新築,10751979,3220742329,0,0,0,0,0,0,0,0
総務省,一般会計,公用財産,総務省大臣官房会計課,足立小台宿舎,東京都足立区小台二丁目７６２番１,東京都足立区小台２−２５−１０,498328013,宿舎,1559,324392434,2003-04-01,所属替,市街化区域,近隣商業地域,80,300,48,宿舎,6,587.06,2287.46,166696499,30,宿舎,ＲＣ,5,425.1,2125.5,158310572,2003-04-01,所属替,657585,6581495,0,0,0,0,0,0,0,0
総務省,一般会計,公用財産,総務省大臣官房会計課,小金井本町宿舎,東京都小金井市本町五丁目２７６２番地１,東京都小金井市本町５−４１−３０,626224554,宿舎,2105,475820803,2003-04-01,所属替,市街化区域,第一種中高層住居専用地域,60,200,56,宿舎,4,680.62,2363.5,146058309,32,宿舎,ＲＣ,4,584.32,2267.2,140062126,2003-04-01,所属替,936960,3408482,0,0,0,0,0,0,0,0
総務省,一般会計,公用財産,総務省大臣官房会計課,世田谷代田宿舎,東京都世田谷区代田一丁目４０３番地１,東京都世田谷区代田１−３６−８,302608892,宿舎,538,242662951,2003-04-01,所属替,市街化区域,第一種低層住居専用地域,50,150,58,宿舎,1,191.12,471.22,57858597,20,宿舎,ＲＣ,3,191.12,471.22,57858597,2003-04-01,所属替,260482,1826862,0,0,0,0,0,0,0,0
総務省,一般会計,公用財産,総務省大臣官房会計課,平和祈念展示資料館,東京都新宿区西新宿２−６−１,東京都新宿区西新宿２−６−１,5304795,-,0,0,0000-00-00,-,-,-,-,-,-,-,0,0,0,0,0,-,-,0,0,0,0,0000-00-00,-,0,5304795,0,0,0,0,0,0,0,0
総務省,一般会計,公用財産,総務省大臣官房会計課,総務省行政管理局長崎分室,長崎県長崎市昭和３−２５６−９,長崎県長崎市昭和３−２５６−９,140856896,庁舎等,1329,49118530,2014-07-23,所管換（無償）,市街化区域,第一種住居地域,60,200,80,事務庁舎,2,518.32,2133.56,86504169,0,事務庁舎,ＲＣ,4,500.32,2115.56,85869722,2014-07-23,所管換（無償）,1015844,4218353,0,0,0,0,0,0,0,0
総務省,一般会計,公用財産,総務省大臣官房会計課,総務省行政管理局大阪分室,大阪府豊中市蛍ヶ池西町３丁目３７１,大阪府豊中市蛍ヶ池西町３丁目３７１,1707648142,-,0,0,0000-00-00,-,-,-,-,-,-,事務庁舎,1,0,1757.23,598446659,0,事務庁舎,ＳＲＣ,8,0,1757.23,598446659,2015-03-31,模様替,0,1109201483,0,0,0,0,0,0,0,0
総務省,一般会計,公共用財産,総務省大臣官房会計課,千鳥ヶ淵戦後強制抑留・引揚死没者慰霊碑,東京都千代田区三番町２,東京都千代田区三番町２,65861857,-,0,0,0000-00-00,-,-,-,-,-,-,-,0,0,0,0,0,-,-,0,0,0,0,0000-00-00,-,0,65861857,0,0,0,0,0,0,0,0
内閣法制局,一般会計,公用財産,内閣法制局長官総務室会計課,内閣法制局長官総務室会計課,東京都千代田区霞が関３—１—１,東京都千代田区霞が関３−１−１,0,-,0,0,0000-00-00,-,-,-,-,-,-,-,0,0,0,0,0,-,-,0,0,0,0,0000-00-00,-,0,0,0,0,0,0,0,0,2,0
人事院,一般会計,公用財産,人事院事務総局会計課,中央合同庁舎第５号館別館,東京都千代田区霞が関１丁目７−１,東京都千代田区霞が関１−２−３,19963876894,庁舎,3674,18965613310,2003-01-20,所管換,市街化区域,商業地域,80,500,89,事務庁舎,2,2095.22,16352.03,857891296,0,事務庁舎,ＳＲＣ,8,2047.2,16179.87,834685608,2001-10-29,所管換,2072009,131400932,0,0,0,0,0,0,20,6899347
人事院,一般会計,公用財産,人事院事務総局会計課,公務員研修所庁舎,埼玉県入間市宮寺３１３１,埼玉県入間市宮寺３１３１,2028421710,庁舎等,39774,964281583,1967-02-01,所管換,市街化調整区域,都市計画用途地域指定なし,60,100,35,事務庁舎　外,11,5630.97,13935.44,938793692,0,宿泊棟,ＲＣ,4,936.14,3126.68,236479116,1999-03-25,新築,14696508,110649927,0,0,0,0,0,0,0,0
人事院,一般会計,公用財産,人事院事務総局会計課,国家公務員研修センター,東京都文京区小石川３丁目１０８−３,東京都文京区小石川３−１９−５,785258250,庁舎等,1311,728267432,1978-03-14,用途変更,市街化区域,準工業地域,60,300,43,事務庁舎　外,1,576.8,1704.2,50971529,0,研修施設,ＲＣ,2,576.8,1704.2,50971529,1980-03-30,新築,126019,5893270,0,0,0,0,0,0,0,0
内閣府本府,一般会計,公用財産,内閣府大臣官房会計課,内閣府本府,東京都千代田区永田町１丁目６２−１　外,東京都千代田区永田町１丁目６−１,44083475159,庁舎等,16852,42299268814,1963-03-29,所管換 外,市街化区域,商業地域,80,500,22,事務庁舎　外,3,2671.42,19013.39,1336887891,0,事務庁舎,ＲＣ,6,2616.52,18481.38,1053151266,1962-10-15,新築,3075574,444242880,0,0,0,0,0,0,0,0
内閣府本府,一般会計,公用財産,内閣府大臣官房会計課,迎賓館,東京都港区元赤坂２丁目１０１番１　外,東京都港区元赤坂２−１,68068554331,庁舎等,117062,66916400395,1968-02-16,所管換,市街化区域,第一種中高層住居専用地域,60,200,10,事務庁舎　外,25,9679.24,24688.99,486850443,0,本館,石造,2,5153.71,15378.51,11754121,1968-02-16,所管換,320357176,344946317,0,0,0,0,0,0,0,0
内閣府本府,一般会計,公用財産,内閣府大臣官房会計課,内閣府庁舎,東京都千代田区永田町１—６—１,東京都千代田区北の丸公園３−２,0,-,0,0,0000-00-00,-,-,-,-,-,-,-,0,0,0,0,0,-,-,0,0,0,0,0000-00-00,-,0,0,0,0,0,0,0,0,1,0
内閣府本府,一般会計,公用財産,内閣府大臣官房会計課,内閣府三軒茶屋宿舎,東京都世田谷区下馬２—３６—２,東京都世田谷区下馬２丁目３６−２,1441136881,宿舎,2423,1304144800,1956-02-08,所管換,市街化区域,第一種中高層住居専用地域,60,200,67,宿舎,2,698.35,3250.97,125299645,95,宿舎,ＲＣ,0,655.05,3207.67,124985460,1995-02-06,所管換,2809484,8882952,0,0,0,0,0,0,0,0
内閣府本府,一般会計,公用財産,内閣府大臣官房会計課,内閣府柏宿舎,千葉県柏市八幡町２—２０,千葉県柏市八幡町２−２０,188890550,宿舎,2021,151747537,1973-11-27,所管換,市街化区域,第一種低層住居専用地域,50,100,67,宿舎,3,506.6,1356.68,34573359,35,宿舎,ＲＣ,0,470.64,1320.72,34281520,1975-03-13,新築,822926,1746728,0,0,0,0,0,0,0,0
内閣府本府,一般会計,公用財産,内閣府大臣官房会計課,内閣府山手宿舎,神奈川県横浜市中区山手町４番１　外１筆,神奈川県横浜市中区山手町４番１　外１筆,660026337,宿舎,2553,625759697,1976-03-11,所管換,市街化区域,第一種低層住居専用地域,40,80,76,宿舎,2,671.94,1561.67,27648098,0,宿舎,ＲＣ,3,630.54,1520.27,27116651,1977-03-22,新築,6197369,421173,0,0,0,0,0,0,0,0
内閣府本府,一般会計,公用財産,内閣府大臣官房会計課,内閣府庁舎,東京都千代田区永田町１—６—１,東京都千代田区永田町１−６−１,0,-,0,0,0000-00-00,-,-,-,-,-,-,-,0,0,0,0,0,-,-,0,0,0,0,0000-00-00,-,0,0,0,0,0,0,0,0,2,0
内閣府本府,一般会計,公用財産,内閣府大臣官房会計課,内閣府庁舎,東京都千代田区永田町１—６—１,東京都千代田区永田町１丁目６−１,0,-,0,0,0000-00-00,-,-,-,-,-,-,-,0,0,0,0,0,-,-,0,0,0,0,0000-00-00,-,0,0,0,0,0,0,0,0,2,0
内閣府本府,一般会計,公用財産,内閣府大臣官房会計課,立川防災合同庁舎,東京都立川市緑町３５６７,東京都立川市緑町３５６７番地,5043224338,庁舎等,14403,4508173430,1987-03-13,所管換,市街化調整区域,都市計画用途地域指定なし,40,50,114,事務庁舎　外,4,2825.64,8225.7,409665727,0,庁舎,ＲＣ,3,1789.02,5100.64,286987148,1998-03-27,新築,5428278,119956903,0,0,0,0,0,0,0,0
内閣府本府,一般会計,公用財産,内閣府大臣官房会計課,内閣府庁舎,東京都千代田区,東京都千代田区,18897613,-,0,0,0000-00-00,-,-,-,-,-,-,-,0,0,0,0,0,-,-,0,0,0,0,0000-00-00,-,0,18897613,0,0,0,0,0,0,0,0
内閣府本府,一般会計,公用財産,内閣府大臣官房会計課,京都迎賓館,京都府京都市上京区,京都府京都市上京区,10719187973,庁舎等,20140,1632541738,2001-06-29,所管換,市街化区域,第二種住居地域,60,200,39,事務庁舎,7,7226.38,15850.27,6431340254,0,本館,ＲＣ,2,6941.22,15565.11,6331028870,2005-02-28,新築,290334959,2364971022,0,0,0,0,0,0,0,0
内閣府本府,一般会計,公用財産,内閣府大臣官房会計課,永田町合同庁舎,東京都千代田区永田町１丁目２０番２,東京都千代田区永田町１丁目１１番３９号,5061546179,庁舎等,1679,4936906800,2001-08-01,所管換,市街化区域,商業地域,80,700,74,事務庁舎,1,1338.95,8755.17,19354136,0,庁舎,ＳＲＣ,8,1338.95,8755.17,19354136,2001-08-01,所管換,0,105285243,0,0,0,0,0,0,0,0
内閣府本府,一般会計,公用財産,内閣府大臣官房会計課,内閣府庁舎別館,東京都千代田区永田町２丁目１番３０,東京都千代田区永田町２丁目４番１２,2569409498,庁舎等,965,1542876818,2005-03-17,購入,市街化区域,商業地域,80,700,96,事務庁舎,1,590.4,6515.17,642096915,0,庁舎,ＳＲＣ,9,590.4,6515.17,642096915,2005-03-17,購入,0,384435765,0,0,0,0,0,0,0,0
内閣府本府,一般会計,公用財産,内閣府大臣官房会計課,日本学術会議,東京都港区六本木７丁目２０８−４７,東京都港区六本木７丁目２２−３４,3350454645,庁舎等,3005,3189241650,2005-04-01,所管換,市街化区域,第一種住居地域,60,300,81,事務庁舎,1,1560.26,7324.53,136725060,0,庁舎,ＲＣ,6,1560.26,7324.53,136725060,2005-04-01,所管換,512021,23975914,0,0,0,0,0,0,0,0
内閣府本府,一般会計,公用財産,内閣府大臣官房会計課,東扇島基幹的広域防災拠点施設,神奈川県川崎市川崎区東扇島,神奈川県川崎市川崎区東扇島５８−１,494569080,-,0,0,0000-00-00,-,-,-,-,-,-,事務庁舎,1,449.65,514.85,381013643,0,基幹的広域防災拠点施設,ＳＲＣ,2,449.65,514.85,381013643,2009-03-31,新築,1180542,112374895,0,0,0,0,0,0,0,0
内閣府本府,一般会計,公用財産,内閣府大臣官房会計課,有明の丘基幹的広域防災拠点施設,東京都江東区有明２丁目６番,東京都江東区有明３丁目８−３５,1633375283,-,0,0,0000-00-00,-,-,-,-,-,-,事務庁舎　外,1,3090.44,4813.95,1063435149,0,基幹的広域防災拠点施設,ＳＲＣ,2,3090.44,4813.95,1063435149,2009-03-31,報告洩,0,569940134,0,0,0,0,0,0,0,0
内閣府本府,一般会計,公用財産,内閣府大臣官房会計課,魚釣島,沖縄県石垣市字登野城魚釣島２３９２,沖縄県石垣市字登野城魚釣島２３９２,896340,-,0,0,0000-00-00,-,-,-,-,-,-,-,0,0,0,0,0,-,-,0,0,0,0,0000-00-00,-,0,896340,0,0,0,0,0,0,0,0
内閣府本府,一般会計,公用財産,内閣府大臣官房会計課,中央合同庁舎第８号館,東京都千代田区永田町１−６２−１　外,東京都千代田区永田町１−６−１,14733986580,-,0,0,0000-00-00,-,-,-,-,-,-,事務庁舎,6,3946.28,50925.48,9005229835,0,新庁舎,ＳＲＣ,15,3735.98,50734.09,8911870887,2014-03-31,所管換（無償）,30722153,5698034592,0,0,0,0,0,0,0,0
内閣府本府,一般会計,公用財産,内閣府大臣官房会計課,内閣府大臣官房番号制度担当室,東京都千代田区永田町１−６−１,東京都千代田区永田町１−６−１,1584874,-,0,0,0000-00-00,-,-,-,-,-,-,-,0,0,0,0,0,-,-,0,0,0,0,0000-00-00,-,0,0,0,0,0,0,0,0,4,1584874
内閣府本府,一般会計,公用財産,内閣府大臣官房会計課,内閣府地方創生推進室,東京都千代田区永田町１−６−１,東京都千代田区永田町１−６−１,0,-,0,0,0000-00-00,-,-,-,-,-,-,-,0,0,0,0,0,-,-,0,0,0,0,0000-00-00,-,0,0,0,0,0,0,0,0,3,0
会計検査院,一般会計,公用財産,会計検査院,会計検査院,東京都千代田区霞が関３—２−２,東京都千代田区霞が関３丁目２−２,21772,-,0,0,0000-00-00,-,-,-,-,-,-,-,0,0,0,0,0,-,-,0,0,0,0,0000-00-00,-,0,0,0,0,0,0,0,0,36,21772
会計検査院,一般会計,公用財産,会計検査院,王子書庫,東京都北区王子６—１０,東京都北区王子６丁目１０−２１,962805311,庁舎等,4577,851288520,1969-09-09,所管換,市街化区域,第一種中高層住居専用地域,60,200,78,事務庁舎　外,4,1378.78,7209.26,65321084,0,書類書庫,ＲＣ,8,841.98,6628.72,35726912,1971-11-11,新築,1695060,44500647,0,0,0,0,0,0,0,0
会計検査院,一般会計,公用財産,会計検査院,会計検査院安中研修所,群馬県安中市嶺字下原３４—１外,群馬県安中市嶺３８−１,1323038449,庁舎等,41069,521786218,1992-01-20,所管換,非線引,都市計画用途地域指定なし,70,200,9,事務庁舎　外,10,4407.28,7912.18,572449021,0,事務庁舎,ＲＣ,3,1650.69,4063.55,274131968,1992-10-02,新築,26545829,202257381,0,0,0,0,0,0,0,0
会計検査院,一般会計,公用財産,会計検査院,安中研修所宿舎,群馬県安中市嶺字下原３４—１,群馬県安中市嶺３４−１,58659057,宿舎,1015,12901292,1992-10-27,用途変更,非線引,都市計画用途地域指定なし,70,200,20,宿舎,2,148.16,423.48,37122529,6,宿舎,ＲＣ,3,137.66,412.98,35962569,1992-10-02,新築,1693956,6941280,0,0,0,0,0,0,0,0
財務省,一般会計,公用財産,財務省大臣官房会計課,財務省本庁舎,東京都千代田区霞が関３−２−１外,東京都千代田区霞が関３丁目１−１,200394975780,庁舎等,34781,199208324341,1947-04-30,所属替,市街化区域,商業地域,80,500,33,事務庁舎　外,8,13162.85,57982.37,209657380,0,庁舎,ＳＲＣ,5,11967.62,56304.77,207454883,1947-04-30,所属替,3571398,973422661,0,0,0,0,0,0,0,0
財務省,一般会計,公用財産,財務省大臣官房会計課,大臣官房会計課,東京都千代田区霞が関３−２−１外,東京都千代田区霞が関３丁目１−１,0,-,0,0,0000-00-00,-,-,-,-,-,-,-,0,0,0,0,0,-,-,0,0,0,0,0000-00-00,-,0,0,0,0,0,0,0,0,57,0
財務省,一般会計,公用財産,財務省大臣官房会計課,西早稲田車庫,東京都新宿区西早稲田２−４６−１,東京都新宿区西早稲田２丁目１９−１４,91510660,庁舎等,190,85845311,2000-12-01,所管換,市街化区域,第一種中高層住居専用地域,60,100,52,その他,1,99,99,4857495,0,車庫,Ｓ,1,99,99,4857495,2001-03-30,新築,0,807854,0,0,0,0,0,0,0,0
財務省,一般会計,公用財産,財務省大臣官房会計課,太子堂車庫,東京都世田谷区太子堂１−１−８６の内,東京都世田谷区太子堂１丁目１３−１５,14273064,庁舎等,31,13080261,1984-04-25,所属替,市街化区域,第一種住居地域,60,300,21,その他,1,19.88,19.44,1099460,0,車庫,ＲＣ,1,19.88,19.44,1099460,2006-03-27,新築,0,93343,0,0,0,0,0,0,0,0
財務省,一般会計,公用財産,財務省大臣官房会計課,財務本省研修所,東京都新宿区市谷本村町４２−２２,東京都新宿区市谷本村町８丁目１,5901971892,庁舎等,10813,5623009600,2002-11-01,所管換,市街化区域,第二種住居地域,60,300,46,研修施設,10,4088.7,15062.4,272967061,0,寄宿舎,ＲＣ,5,1958.53,8182.1,129518827,1967-03-14,新築,3298509,2696722,0,0,0,0,0,0,0,0
財務省,一般会計,公用財産,財務省大臣官房会計課,財務省税関研修所,千葉県柏市柏の葉６−４−２外,千葉県柏市柏の葉６丁目４−２,4976301286,庁舎等,41002,4023786992,1991-01-28,所管換,市街化区域,第二種住居地域,60,200,22,研修施設,12,7260.78,18477.6,857673774,0,寄宿舎,ＲＣ,6,1049.94,5949.03,259771534,1989-03-03,新築,26626453,68214067,0,0,0,0,0,0,0,0
財務省,一般会計,公用財産,財務省大臣官房会計課,財務省税関研修所別館,千葉県柏市柏の葉６−３−６,千葉県柏市柏の葉６丁目３−６,459098910,庁舎等,3410,229155360,1996-11-08,所管換,市街化区域,第二種住居地域,60,200,45,その他,1,904.73,3107.66,179020949,0,寄宿舎棟,ＲＣ,5,904.73,3107.66,179020949,1996-05-27,所管換,3467812,47454789,0,0,0,0,0,0,0,0
財務省,一般会計,公用財産,財務省大臣官房会計課,関税中央分析所,千葉県柏市柏の葉６−３−５,千葉県柏市柏の葉６丁目３−５,1899603233,庁舎等,12736,1222616640,2002-03-29,所管換,市街化区域,第二種住居地域,60,200,19,試験研究施設,2,1744.95,4841.02,516619952,0,試験研究施設,ＲＣ,3,1725.68,4821.75,510452327,2001-07-02,所管換,4810007,155556634,0,0,0,0,0,0,0,0
財務省,一般会計,公用財産,財務省大臣官房会計課,中央合同庁舎第４号館,東京都千代田区霞が関３−２−１外,東京都千代田区霞が関３丁目１−１,3356492670,-,0,0,0000-00-00,-,-,-,-,-,-,事務庁舎　外,5,7918.64,61853.45,2406804429,0,庁舎,ＳＲＣ,12,3544.48,53496.16,2405683889,1971-10-01,新築,619385,949068856,0,0,0,0,0,0,0,0
財務省,一般会計,公用財産,財務省大臣官房会計課,九段第３合同庁舎,東京都千代田区九段南１−１３−１,東京都千代田区九段南１丁目２−１,8349540042,庁舎,4259,5127453238,2007-02-28,所管換,市街化区域,商業地域,80,700,0,事務庁舎　外,2,0,0,2398315379,0,庁舎,ＲＣ,23,0,0,2397845093,2007-02-28,新築,4723633,819047792,0,0,0,0,0,0,0,0
財務省,一般会計,公用財産,財務省大臣官房会計課,西ヶ原研修合同庁舎,東京都北区西ヶ原２−３−９外,東京都北区西ヶ原２−２−１,1836882522,庁舎等,18971,1833844779,2012-03-30,所管換（無償）,市街化区域,第一種住居地域,60,200,0,研修施設,2,46.27,46.27,2,0,寄宿舎,ＲＣ,1,29.75,29.75,1,2012-03-30,所管換（無償）,90909,2946832,0,0,0,0,0,0,0,0
財務省,一般会計,公用財産,財務省大臣官房会計課,谷津書庫,千葉県習志野市谷津４−１８６−２,千葉県習志野市谷津４丁目５−３５,196454322,庁舎等,1133,136470105,1992-06-05,交換,市街化区域,第一種住居地域,60,200,68,その他,1,633.59,1559.53,54228362,0,書庫,Ｓ,3,633.59,1559.53,54228362,1994-03-31,新築,768612,4987243,0,0,0,0,0,0,0,0
財務省,一般会計,公用財産,財務省大臣官房会計課,西巣鴨公務員宿舎,東京都豊島区西巣鴨１−２７２１−１９,東京都豊島区西巣鴨１丁目１０−１,148223916,宿舎,344,123872400,1953-05-09,購入,市街化区域,第一種中高層住居専用地域,60,300,71,宿舎,1,237.76,734.98,23865266,31,宿舎,ＲＣ,3,237.76,734.98,23865266,1987-03-31,新築,0,486250,0,0,0,0,0,0,0,0
財務省,一般会計,公用財産,財務省大臣官房会計課,十条公務員宿舎,東京都北区十条台２−１８９６,東京都北区十条台２丁目４,3378018972,宿舎,12494,3353923526,1958-12-11,所管換,市街化区域,第一種住居地域,60,300,20,宿舎,13,1989.37,7756.2,21622670,154,宿舎,ＲＣ,4,277.22,1108.89,1,1960-11-10,新築,1980047,492729,0,0,0,0,0,0,0,0
財務省,一般会計,公用財産,財務省大臣官房会計課,弦巻公務員宿舎,東京都世田谷区弦巻５−６６０−４・弦巻５−６０７−９,東京都世田谷区弦巻５丁目３３−８,789808369,宿舎,1885,728290584,1972-08-10,交換,市街化区域,第一種中高層住居専用地域,60,200,38,宿舎,1,550.91,1467.71,57517231,37,宿舎,ＳＲＣ,3,550.91,1467.71,57517231,1973-03-30,新築,92469,3908085,0,0,0,0,0,0,0,0
財務省,一般会計,公用財産,財務省大臣官房会計課,高井戸公務員宿舎,東京都杉並区高井戸東４−１９０４−７７外１筆,東京都杉並区高井戸東４丁目５−６,469806328,宿舎,1274,441723905,1975-07-23,所属替,市街化区域,準住居地域,60,300,20,宿舎,1,301.14,792.64,27048364,17,宿舎,ＳＲＣ,3,301.14,792.64,27048364,1975-10-31,新築,102149,931910,0,0,0,0,0,0,0,0
財務省,一般会計,公用財産,財務省大臣官房会計課,太子堂公務員宿舎,東京都世田谷区太子堂１−１−８６,東京都世田谷区太子堂１丁目１３−１５,589797911,宿舎,1255,537700754,1984-04-25,所属替,市街化区域,第一種住居地域,60,200,55,宿舎,1,432.42,1388.17,39425822,51,宿舎,ＲＣ,4,432.42,1388.17,39425822,1985-01-31,所属替,787811,11883524,0,0,0,0,0,0,0,0
財務省,一般会計,公用財産,財務省大臣官房会計課,下落合公務員宿舎,東京都新宿区下落合３−３６７−１０,東京都新宿区下落合３丁目６−８,584038804,宿舎,1006,552383819,1985-07-15,所管換,市街化区域,第一種低層住居専用地域,60,150,76,宿舎,1,465.23,1161.03,29215531,41,宿舎,ＲＣ,3,465.23,1161.03,29215531,1986-03-31,新築,1035240,1404214,0,0,0,0,0,0,0,0
財務省,一般会計,公用財産,財務省大臣官房会計課,石神井公園公務員宿舎,東京都練馬区上石神井３−７９−７４,東京都練馬区上石神井３丁目２−３７,224197599,宿舎,1408,164417628,1992-03-25,所管換,市街化区域,第一種低層住居専用地域,50,100,87,宿舎,1,456.33,1225.57,57652952,54,宿舎,ＳＲＣ,3,456.33,1225.57,57652952,1993-03-30,新築,454665,1672354,0,0,0,0,0,0,0,0
財務省,一般会計,公用財産,財務省大臣官房会計課,西早稲田公務員宿舎,東京都新宿区西早稲田２−５１−３,東京都新宿区西早稲田２丁目１９−１４,363633883,宿舎,734,331370305,1995-03-31,所管換,市街化区域,第一種中高層住居専用地域,60,300,28,宿舎,1,246.48,638.84,31811122,22,宿舎,ＲＣ,3,246.48,638.84,31811122,1996-03-15,新築,186542,265914,0,0,0,0,0,0,0,0
警察庁,一般会計,公用財産,警察庁長官官房会計課,警察庁（新中央合同庁舎２号館）,東京都千代田区霞が関２—１—２,東京都千代田区霞が関２−１−２,29605906,-,0,0,0000-00-00,-,-,-,-,-,-,-,0,0,0,0,0,-,-,0,0,0,0,0000-00-00,-,0,29605906,0,0,0,0,0,0,0,0
警察庁,一般会計,公用財産,警察庁長官官房会計課,東京倉庫００１,東京都新宿区市ヶ谷本村町地内,東京都新宿区市ヶ谷本村町地内,153348687,庁舎等,232,153331200,1972-02-15,所属替,市街化区域,第二種住居地域,60,300,43,事務庁舎　外,1,150,300,1,0,倉庫,Ｓ,2,150,300,1,1971-12-09,所管換,0,17486,0,0,0,0,0,0,0,0
警察庁,一般会計,公用財産,警察庁長官官房会計課,警察庁中野第一庁舎,東京都中野区野方１−１６５２−３外１筆,東京都中野区野方１丁目３４−２,2114595574,庁舎等,2935,1353549828,1972-03-06,所管換,市街化区域,近隣商業地域,80,400,63,事務庁舎　外,1,934.56,7461.94,546289296,0,事務庁舎,ＳＲＣ,6,934.56,7461.94,546289296,1973-03-28,新築,0,214756450,0,0,0,0,0,0,0,0
警察庁,一般会計,公用財産,警察庁長官官房会計課,警察庁中野第二庁舎,東京都中野区野方１−１６５２−３外１筆,東京都中野区野方１丁目３４−２,171266271,-,0,0,0000-00-00,-,-,-,-,-,-,事務庁舎　外,1,378.34,2067.96,136402278,0,事務庁舎,Ｓ,6,378.34,2067.96,136402278,1999-03-31,新築,0,34863993,0,0,0,0,0,0,0,0
警察庁,一般会計,公用財産,警察庁長官官房会計課,一番町庁舎,東京都千代田区一番町６—５,東京都千代田区一番町６−５,2933413442,庁舎等,1289,2657664110,1995-04-27,所管換,市街化区域,第二種住居地域,80,500,75,事務庁舎　外,1,592.21,4880.09,255219089,0,事務庁舎,Ｓ,7,592.21,4880.09,255219089,1995-04-27,所管換,0,20530243,0,0,0,0,0,0,0,0
警察庁,一般会計,公用財産,警察庁長官官房会計課,宿舎,東京都港区,東京都港区,1423076694,宿舎,1971,1397763786,1967-01-16,所管換,市街化区域,第二種住居地域,60,300,42,宿舎,2,508.24,2528.02,16953017,30,宿舎,ＲＣ,5,504.56,2524.34,16953016,1968-04-01,新築,0,8359891,0,0,0,0,0,0,0,0
警察庁,一般会計,公用財産,警察庁長官官房会計課,宿舎,東京都新宿区,東京都新宿区,1274002169,宿舎,1661,1112670405,1958-03-31,所属替,市街化区域,第一種中高層住居専用地域,60,300,40,宿舎,3,583.09,2009.04,139051457,19,宿舎,ＳＲＣ,4,521.12,1947.07,136454323,1999-01-20,新築,3695008,18585299,0,0,0,0,0,0,0,0
警察庁,一般会計,公用財産,警察庁長官官房会計課,宿舎,東京都文京区,東京都文京区,2347269731,宿舎,4224,1621858560,1948-03-07,所属替,市街化区域,第一種中高層住居専用地域,60,200,72,宿舎,2,1487.96,6095.56,621827574,111,宿舎,ＲＣ,5,1424.67,6032.27,618945205,2009-03-24,所管換,5981520,97602077,0,0,0,0,0,0,0,0
警察庁,一般会計,公用財産,警察庁長官官房会計課,宿舎,東京都目黒区,東京都目黒区,313038730,宿舎,619,303057504,1981-12-08,所属替,市街化区域,第一種低層住居専用地域,60,150,54,宿舎,3,266.58,509.58,8341693,6,宿舎,ＳＲＣ,2,243,486,8227750,1977-03-19,新築,0,1639533,0,0,0,0,0,0,0,0
警察庁,一般会計,公用財産,警察庁長官官房会計課,宿舎,東京都世田谷区,東京都世田谷区,864198701,宿舎,1955,825577004,1974-07-09,所管換,市街化区域,第一種低層住居専用地域,50,100,99,宿舎,6,710.49,1954.16,36789353,74,宿舎,ＳＲＣ,3,528.16,1498.81,30205600,1975-07-25,新築,0,1832344,0,0,0,0,0,0,0,0
警察庁,一般会計,公用財産,警察庁長官官房会計課,宿舎,東京都杉並区,東京都杉並区,359466979,宿舎,787,307158273,1972-07-06,所属替,市街化区域,準工業地域,60,200,80,宿舎,2,256.25,1271.45,50578357,70,宿舎,ＳＲＣ,5,253.8,1269,50578356,1973-03-24,新築,625262,1105087,0,0,0,0,0,0,0,0
警察庁,一般会計,公用財産,警察庁長官官房会計課,宿舎,東京都杉並区,東京都杉並区,248586059,宿舎,650,240403968,1951-03-30,所属替,市街化区域,第一種低層住居専用地域,50,100,101,宿舎,2,311.83,658.66,7816821,6,宿舎,ＳＲＣ,2,297.79,644.62,7816820,1978-02-20,新築,106609,258661,0,0,0,0,0,0,0,0
警察庁,一般会計,公用財産,警察庁長官官房会計課,宿舎,東京都練馬区,東京都練馬区,678528841,宿舎,2472,657384613,1971-07-09,所管換,市街化区域,第一種低層住居専用地域,50,100,69,宿舎,3,635.92,1719.83,20752806,30,宿舎,ＳＲＣ,3,553.94,1637.85,20752804,1972-03-25,所管換,99777,291645,0,0,0,0,0,0,0,0
警察庁,一般会計,公用財産,警察庁長官官房会計課,宿舎,東京都小平市,東京都小平市,15928718,-,0,0,0000-00-00,-,-,-,-,-,-,宿舎,2,153.32,464.33,1127345,9,宿舎,ＳＲＣ,3,131.1,442.11,1127344,1965-03-31,新築,0,14801373,0,0,0,0,0,0,0,0
警察庁,一般会計,公用財産,警察庁長官官房会計課,宿舎,東京都日野市,東京都日野市,207145094,宿舎,3877,207031800,1982-12-01,整理替,市街化区域,第一種低層住居専用地域,30,60,0,-,0,0,0,0,0,-,-,0,0,0,0,0000-00-00,-,0,113294,0,0,0,0,0,0,0,0
警察庁,一般会計,公用財産,警察庁長官官房会計課,東京分局００１,東京都立川市,東京都立川市,2,-,0,0,0000-00-00,-,-,-,-,-,-,-,0,0,0,0,0,-,-,0,0,0,0,0000-00-00,-,0,2,0,0,0,0,0,0,0,0
警察庁,一般会計,公用財産,警察庁長官官房会計課,東京機動隊００１,東京都新宿区市ヶ谷本村町地内,東京都新宿区市ケ谷本村町地内,1,-,0,0,0000-00-00,-,-,-,-,-,-,-,0,0,0,0,0,-,-,0,0,0,0,0000-00-00,-,0,1,0,0,0,0,0,0,0,0
警察庁,一般会計,公用財産,警察庁長官官房会計課,警察庁長官官房会計課,東京都千代田区霞ヶ関２—１—２,東京都千代田区霞ヶ関２丁目１−２,28437,-,0,0,0000-00-00,-,-,-,-,-,-,-,0,0,0,0,0,-,-,0,0,0,0,0000-00-00,-,0,0,0,0,0,0,0,0,4,28437
警察庁,一般会計,公用財産,警察庁長官官房会計課,宿舎,東京都東村山市,東京都東村山市,490786761,宿舎,2285,346969755,1993-11-08,所管換,市街化区域,第一種中高層住居専用地域,60,200,69,宿舎,4,672.53,3167.57,136923637,70,宿舎,ＳＲＣ,5,284.23,1385.57,54059347,1994-03-31,新築,3779434,3113935,0,0,0,0,0,0,0,0
警察庁,一般会計,公用財産,警察庁長官官房会計課,宿舎,東京都小平市,東京都小平市,87485798,-,0,0,0000-00-00,-,-,-,-,-,-,宿舎,1,302.57,1464.8,87193573,20,宿舎,ＳＲＣ,5,302.57,1464.8,87193573,1994-03-31,新築,0,292225,0,0,0,0,0,0,0,0
警察庁,一般会計,公用財産,警察庁長官官房会計課,東京多摩００１,東京都立川市,東京都立川市,38854067,-,0,0,0000-00-00,-,-,-,-,-,-,-,0,0,0,0,0,-,-,0,0,0,0,0000-00-00,-,0,38854067,0,0,0,0,0,0,0,0
警察庁,一般会計,公用財産,警察庁長官官房会計課,東京分局０２１,東京都大田区,東京都大田区,1,-,0,0,0000-00-00,-,-,-,-,-,-,-,0,0,0,0,0,-,-,0,0,0,0,0000-00-00,-,0,1,0,0,0,0,0,0,0,0
警察庁,一般会計,公用財産,警察庁長官官房会計課,一番町庁舎,東京都千代田区一番町６—５,東京都千代田区一番町６−５,3474326,-,0,0,0000-00-00,-,-,-,-,-,-,-,0,0,0,0,0,-,-,0,0,0,0,0000-00-00,-,0,3474326,0,0,0,0,0,0,0,0
警察庁,一般会計,公用財産,警察庁長官官房会計課,一番町庁舎,東京都千代田区一番町６—５,東京都千代田区一番町６−５,12390277,-,0,0,0000-00-00,-,-,-,-,-,-,-,0,0,0,0,0,-,-,0,0,0,0,0000-00-00,-,0,12390277,0,0,0,0,0,0,0,0
警察庁,一般会計,公用財産,警察庁長官官房会計課,柏分室,千葉県柏市柏の葉６−３−１,千葉県柏市柏の葉６−３−１,190955907,-,0,0,0000-00-00,-,-,-,-,-,-,事務庁舎,1,901.21,901.21,133891200,0,事務庁舎,ＳＲＣ,7,901.21,901.21,133891200,2013-12-02,所属替（無償） 外,0,57064707,0,0,0,0,0,0,0,0
警察庁,一般会計,公用財産,警察庁長官官房会計課,東雲合同庁舎,東京都江東区東雲１−１−２５外１筆,東京都江東区東雲１−９−５,8949992955,庁舎等,5770,2439710149,2010-02-08,所管換,市街化区域,近隣商業地域,80,400,89,事務庁舎,1,2379.33,20594.51,3890038206,0,事務庁舎,Ｓ,13,2379.33,20594.51,3890038206,2013-07-31,所管換（無償）,10341791,2609902809,0,0,0,0,0,0,0,0
警察庁,一般会計,公用財産,警察庁長官官房会計課,宿舎,東京都新宿区,東京都新宿区,525296984,宿舎,1343,498680286,2015-03-16,所管換（無償）,市街化区域,第一種中高層住居専用地域,60,300,23,宿舎,3,406.06,959,24892662,0,宿舎,ＲＣ,3,146.86,440.6,11729978,2015-03-16,所管換（無償）,0,1724036,0,0,0,0,0,0,0,0
警察庁,一般会計,公用財産,警察庁長官官房会計課,宿舎,東京都文京区,東京都文京区,450104876,宿舎,785,417880485,2015-03-26,所管換（無償）,市街化区域,第一種住居地域,60,300,69,宿舎,1,410.38,1625.53,32012722,0,宿舎,ＳＲＣ,5,410.38,1625.53,32012722,2015-03-26,所管換（無償）,0,211669,0,0,0,0,0,0,0,0
警察庁,一般会計,公用財産,警察庁長官官房会計課,自動車安全運転センター安全運転中央研修所,茨城県ひたちなか市新光町６０５−１６,茨城県ひたちなか市新光町６０５−１６,56710833,-,0,0,0000-00-00,-,-,-,-,-,-,-,0,0,0,0,0,-,-,0,0,0,0,0000-00-00,-,0,56710833,0,0,0,0,0,0,0,0
