財務省,関東財務局,東京財務事務所,一般会計,普通財産,道路整備特別措置法 第５１条第８項,首都高速４号線道路敷地,東京都千代田区北の丸公園１,首都高速道路株式会社,4216182489,12283,4216182489,0,0,0,0,0,0,市街化区域,第一種住居地域,60,300
財務省,関東財務局,東京財務事務所,一般会計,普通財産,道路整備特別措置法 第５１条第８項,首都高速４号線敷地,東京都千代田区大手町１−７,首都高速道路株式会社,20113071,492,20113071,0,0,0,0,0,0,市街化区域,商業地域,80,1000
財務省,関東財務局,東京財務事務所,一般会計,普通財産,国有財産法 第２２条第１項第１号,麹町警察署九段交番,東京都千代田区九段南１−５,警視庁,5555097,50,5555097,0,0,0,0,0,0,市街化区域,商業地域,80,700
財務省,関東財務局,東京財務事務所,一般会計,普通財産,道路整備特別措置法 第５１条第８項,首都高速４号線敷地,東京都千代田区大手町１−５,首都高速道路株式会社,8682838,8,8682838,0,0,0,0,0,0,市街化区域,商業地域,80,1000
財務省,関東財務局,東京財務事務所,一般会計,普通財産,道路整備特別措置法 第５１条第８項,首都高速都心環状線道路敷地,東京都千代田区大手町１−５−２,首都高速道路株式会社,49475986,48,49475986,0,0,0,0,0,0,市街化区域,商業地域,80,1000
財務省,関東財務局,東京財務事務所,一般会計,普通財産,道路整備特別措置法 第５１条第８項,首都高速３号線換気所敷地,東京都千代田区霞が関２−２のうち,首都高速道路株式会社,77183081,607,77183081,0,0,0,0,0,0,市街化区域,商業地域,80,500
財務省,関東財務局,東京財務事務所,一般会計,普通財産,道路整備特別措置法 第５１条第８項,首都高速３号線換気所敷地,東京都千代田区霞が関３−６のうち,首都高速道路株式会社,73995467,582,73995467,0,0,0,0,0,0,市街化区域,商業地域,80,500
財務省,関東財務局,東京財務事務所,一般会計,普通財産,道路整備特別措置法 第５１条第８項,首都高速３号線換気所敷地,東京都千代田区霞が関２−２,首都高速道路株式会社,1560731,7,1560731,0,0,0,0,0,0,市街化区域,商業地域,80,500
財務省,関東財務局,東京財務事務所,一般会計,普通財産,都市公園法 附則第９項,区立清水谷公園（総合）,東京都千代田区紀尾井町１−１、３−９,千代田区,128404637,10701,128404637,0,0,0,0,0,0,市街化区域,第二種住居地域,60,300
財務省,関東財務局,東京財務事務所,一般会計,普通財産,国有財産法 第２２条第１項第１号,日比谷公園敷地,東京都千代田区日比谷公園３−１,東京都,167744133,984,167744133,0,0,0,0,0,0,市街化区域,第一種住居地域,60,300
財務省,関東財務局,東京財務事務所,一般会計,普通財産,国有財産法 第２２条第１項第１号,都立日比谷公園敷地（総合）,東京都千代田区日比谷公園３−２のうち,東京都,298276587,1749,298276587,0,0,0,0,0,0,市街化区域,第一種住居地域,60,300
財務省,関東財務局,東京財務事務所,一般会計,普通財産,都市公園法 附則第９項,都立日比谷公園敷地（総合）,東京都千代田区日比谷公園,東京都,4135204358,93916,4135204358,0,0,0,0,0,0,市街化区域,第一種住居地域,60,300
財務省,関東財務局,東京財務事務所,一般会計,普通財産,都市公園法 附則第９項,区立外濠公園敷地（都市緑地）,東京都千代田区富士見２丁目、九段北４丁目外,千代田区,2087572116,38455,2087572116,0,0,0,0,0,0,市街化区域,第一種住居地域,60,400
財務省,関東財務局,東京財務事務所,一般会計,普通財産,都市公園法 附則第９項,区立千鳥ケ淵公園敷地（総合）,東京都千代田区一番町,千代田区,1031950824,11381,1031950824,0,0,0,0,0,0,市街化区域,第一種住居地域,60,300
財務省,関東財務局,東京財務事務所,一般会計,普通財産,国有財産法 第２２条第１項第１号,九段坂公園敷地（総合）,東京都千代田区九段南２−１９,千代田区,1835639079,1548,1835639079,0,0,0,0,0,0,市街化区域,第一種住居地域,60,300
財務省,関東財務局,東京財務事務所,一般会計,普通財産,道路整備特別措置法 第５１条第８項,首都高速５号線道路敷地,東京都千代田区一ツ橋１−１−３,首都高速道路株式会社,32241895,224,32241895,0,0,0,0,0,0,市街化区域,商業地域,80,700
財務省,関東財務局,東京財務事務所,一般会計,普通財産,道路整備特別措置法 第５１条第８項,首都高速３号線道路敷地,東京都千代田区永田町１−１,首都高速道路株式会社,1350234477,10615,1350234477,0,0,0,0,0,0,市街化区域,商業地域,80,500
財務省,関東財務局,東京財務事務所,一般会計,普通財産,道路整備特別措置法 第５１条第８項,首都高速４号線道路敷地,東京都千代田区隼町１３−１,首都高速道路株式会社,42194089,213,42194089,0,0,0,0,0,0,市街化区域,商業地域,80,500
財務省,関東財務局,東京財務事務所,一般会計,普通財産,道路整備特別措置法 第５１条第８項,首都高速４号線道路敷地,東京都千代田区隼町１３−１ほか,首都高速道路株式会社,339653013,1680,339653013,0,0,0,0,0,0,市街化区域,商業地域,80,500
財務省,関東財務局,東京財務事務所,一般会計,普通財産,道路整備特別措置法 第５１条第８項,首都高速４号線道路敷地,東京都千代田区隼町１３−１,首都高速道路株式会社,65221864,323,65221864,0,0,0,0,0,0,市街化区域,商業地域,80,500
財務省,関東財務局,東京財務事務所,一般会計,普通財産,国有財産法 第２２条第１項第１号,三宅坂小公園敷地,東京都千代田区隼町１３−１,千代田区,2205916538,802,2205916538,0,0,0,0,0,0,市街化区域,商業地域,80,700
財務省,関東財務局,東京財務事務所,一般会計,普通財産,道路整備特別措置法 第５１条第８項,首都高速４号線道路敷地,東京都千代田区隼町７−１１,首都高速道路株式会社,7567856,53,7567856,0,0,0,0,0,0,市街化区域,商業地域,80,600
財務省,関東財務局,東京財務事務所,一般会計,普通財産,警察法 附則第１２項,丸ノ内警察署敷地外,東京都千代田区有楽町１−７−４,警視庁,8446077384,514,8446077384,0,0,0,0,0,0,市街化区域,商業地域,80,1000
財務省,関東財務局,東京財務事務所,一般会計,普通財産,国有財産法 第２２条第１項第１号,神保町愛全公園敷地,東京都千代田区神田神保町２−２０−３,千代田区,384256804,400,384256804,0,0,0,0,0,0,市街化区域,商業地域,80,500
財務省,関東財務局,東京財務事務所,一般会計,普通財産,道路整備特別措置法 第５１条第８項,首都高速５号線道路敷地,東京都千代田区九段南１−１３−７,首都高速道路株式会社,1432593,21,1432593,0,0,0,0,0,0,市街化区域,商業地域,80,700
財務省,関東財務局,東京財務事務所,一般会計,普通財産,国有財産法 第２２条第１項第１号,区立築地川采女橋公園敷地（街区）,東京都中央区銀座６−２０９−１,中央区,562167625,306,562167625,0,0,0,0,0,0,市街化区域,商業地域,80,700
財務省,関東財務局,東京財務事務所,一般会計,普通財産,道路整備特別措置法 第５１条第８項,首都高速１号線道路敷地,東京都中央区銀座１−２１９−６,首都高速道路株式会社,674636,26,674636,0,0,0,0,0,0,市街化区域,商業地域,80,600
財務省,関東財務局,東京財務事務所,一般会計,普通財産,道路整備特別措置法 第５１条第８項,首都高速１号線道路敷地,東京都中央区銀座８−２１９−３９,首都高速道路株式会社,23479,1,23479,0,0,0,0,0,0,市街化区域,商業地域,80,600
財務省,関東財務局,東京財務事務所,一般会計,普通財産,国有財産法 第２２条第１項第１号,区立明石児童公園敷地,東京都中央区明石町６１１,中央区,411439122,589,411439122,0,0,0,0,0,0,市街化区域,第二種住居地域,60,400
財務省,関東財務局,東京財務事務所,一般会計,普通財産,都市公園法 附則第９項,区立数寄屋橋公園（街区）,東京都中央区銀座５−１０４−１５外,中央区,32425049195,2806,32425049195,0,0,0,0,0,0,市街化区域,商業地域,80,800
財務省,関東財務局,東京財務事務所,一般会計,普通財産,国有財産法 第２２条第１項第１号,区立新金橋児童遊園敷地,東京都中央区新富１−１０８−４,中央区,197884240,296,197884240,0,0,0,0,0,0,市街化区域,商業地域,80,600
財務省,関東財務局,東京財務事務所,一般会計,普通財産,国有財産法 第２２条第１項第１号,堀留児童公園敷地,東京都中央区日本橋堀留町１−２−１４,中央区,66988844,89,66988844,0,0,0,0,0,0,市街化区域,商業地域,80,600
財務省,関東財務局,東京財務事務所,一般会計,普通財産,都市公園法 附則第９項,区立浜町公園敷地（総合）,東京都中央区日本橋浜町２−９３−１外,中央区,4157826763,40429,4157826763,0,0,0,0,0,0,市街化区域,商業地域,80,500
財務省,関東財務局,東京財務事務所,一般会計,普通財産,国有財産法 第２２条第１項第１号,区立東日本橋児童遊園敷地,東京都中央区東日本橋３−７−４外,中央区,82662922,113,82662922,0,0,0,0,0,0,市街化区域,商業地域,80,700
財務省,関東財務局,東京財務事務所,一般会計,普通財産,都市公園法 附則第９項,区立坂本町公園（街区）,東京都中央区日本橋兜町１４４,中央区,6477158143,4530,6477158143,0,0,0,0,0,0,市街化区域,商業地域,80,600
財務省,関東財務局,東京財務事務所,一般会計,普通財産,国有財産法 第２２条第１項第１号,西八丁堀児童遊園,東京都中央区八丁堀３−１２０−２,中央区,235131193,271,235131193,0,0,0,0,0,0,市街化区域,商業地域,80,600
財務省,関東財務局,東京財務事務所,一般会計,普通財産,下水道法 第３６条,雨水ポンプ場敷地,東京都中央区勝どき５−５０１−４,東京都,805389396,2043,805389396,0,0,0,0,0,0,市街化区域,第一種住居地域,60,400
財務省,関東財務局,東京財務事務所,一般会計,普通財産,国有財産法 第２２条第１項第１号,区立檜町公園敷地,東京都港区赤坂９−１４２−３,港区,3142007507,14012,3142007507,0,0,0,0,0,0,市街化区域,第二種住居地域,60,200
財務省,関東財務局,東京財務事務所,一般会計,普通財産,国有財産特別措置法 第２条第１項,計量器箱設置敷地,東京都港区赤坂９−１４２−３のうち,東京都,504561,2,504561,0,0,0,0,0,0,市街化区域,第二種住居地域,60,300
財務省,関東財務局,東京財務事務所,一般会計,普通財産,国有財産法 第２２条第１項第１号,区立青葉公園（総合）,東京都港区南青山１−２１−６,港区,595595212,711,595595212,0,0,0,0,0,0,市街化区域,第二種中高層住居専用地域,60,300
財務省,関東財務局,東京財務事務所,一般会計,普通財産,国有財産法 第２２条第１項第１号,一ツ木公園敷地（街区）,東京都港区赤坂５−５２６−１外,港区,1875679937,1778,1875679937,0,0,0,0,0,0,市街化区域,第一種住居地域,60,400
財務省,関東財務局,東京財務事務所,一般会計,普通財産,国有財産法 第２２条第１項第１号,一ツ木児童遊園敷地（条例）,東京都港区赤坂５−１３６−２,港区,125061858,197,125061858,0,0,0,0,0,0,市街化区域,第二種住居地域,60,400
財務省,関東財務局,東京財務事務所,一般会計,普通財産,国有財産法 第２２条第１項第１号,青山公園,東京都港区六本木７−２０８−１外,東京都,6132647799,21019,6132605125,0,0,0,42674,0,0,市街化区域,第二種中高層住居専用地域,60,200
財務省,関東財務局,東京財務事務所,一般会計,普通財産,警察法 附則第１２項,警視庁警備待機所,東京都港区南青山１−５５−５３,警視庁,1376091356,1681,1376091356,0,0,0,0,0,0,市街化区域,第二種住居地域,60,300
財務省,関東財務局,東京財務事務所,一般会計,普通財産,国有財産法 第２２条第１項第１号,防火用貯水槽敷地,東京都港区南青山１−５５−１８７,東京消防庁,23676203,118,23676203,0,0,0,0,0,0,市街化区域,第二種中高層住居専用地域,60,300
財務省,関東財務局,東京財務事務所,一般会計,普通財産,警察法 附則第１２項,麻布警察署署長公舎敷地,東京都港区西麻布１−５−１４,警視庁,169379821,177,169379821,0,0,0,0,0,0,市街化区域,第二種中高層住居専用地域,60,300
財務省,関東財務局,東京財務事務所,一般会計,普通財産,国有財産特別措置法 第２条第２項第２号,社会福祉事業施設（乳児院特養老人ホ−ム）,東京都港区南麻布５−７９−６,社会福祉法人　恩賜財団慶福育児会,4928908960,3549,4928908960,0,0,0,0,0,0,市街化区域,第二種中高層住居専用地域,60,300
財務省,関東財務局,東京財務事務所,一般会計,普通財産,警察法 附則第１２項,警視庁高輪警察署長公舎敷地,東京都港区高輪２−４１８−４,警視庁,227541301,359,227541301,0,0,0,0,0,0,市街化区域,第二種中高層住居専用地域,60,300
財務省,関東財務局,東京財務事務所,一般会計,普通財産,警察法 附則第１２項,警視庁高輪警察署敷地,東京都港区高輪３−２１５−３,警視庁,466686381,442,466686381,0,0,0,0,0,0,市街化区域,近隣商業地域,80,400
財務省,関東財務局,東京財務事務所,一般会計,普通財産,国有財産法 第２２条第１項第１号,高輪森の公園,東京都港区高輪３−４１７−４,港区,1943088753,1639,1943084251,0,0,0,4502,0,0,市街化区域,第二種住居地域,60,300
財務省,関東財務局,東京財務事務所,一般会計,普通財産,国有財産特別措置法 第２条第２項第２号,保育所敷地,東京都港区高輪１−７０１−５７,社会福祉法人　恩賜財団東京都同胞援護会,301656848,306,301656848,0,0,0,0,0,0,市街化区域,第二種中高層住居専用地域,60,300
財務省,関東財務局,東京財務事務所,一般会計,普通財産,国有財産法 第２２条第１項第１号,松ケ丘児童遊園敷地（条例）,東京都港区高輪１−７０１−１２２,港区,79873118,83,79873118,0,0,0,0,0,0,市街化区域,第二種中高層住居専用地域,60,300
財務省,関東財務局,東京財務事務所,一般会計,普通財産,道路整備特別措置法 第５１条第８項,首都高速道路２号線敷地,東京都港区芝公園２−４４８外,首都高速道路株式会社,442270116,1428,442270116,0,0,0,0,0,0,市街化区域,商業地域,80,600
財務省,関東財務局,東京財務事務所,一般会計,普通財産,道路整備特別措置法 第５１条第８項,首都高速道路２号線敷地,東京都港区芝公園４−３０８,首都高速道路株式会社,16621873,477,16621873,0,0,0,0,0,0,市街化区域,商業地域,80,600
財務省,関東財務局,東京財務事務所,一般会計,普通財産,都市公園法 附則第９項,都立芝公園敷地（総合）,東京都港区芝公園１−２−１外,東京都,2735087481,75728,2735087481,0,0,0,0,0,0,市街化区域,第二種住居地域,60,200
財務省,関東財務局,東京財務事務所,一般会計,普通財産,道路整備特別措置法 第５１条第８項,首都高速道路２号線敷地,東京都港区芝公園４−３１５外,首都高速道路株式会社,2754990,79,2754990,0,0,0,0,0,0,市街化区域,商業地域,80,600
財務省,関東財務局,東京財務事務所,一般会計,普通財産,道路整備特別措置法 第５１条第８項,首都高速道路２号線敷地,東京都港区芝１−１２７−２,首都高速道路株式会社,25315,2,25315,0,0,0,0,0,0,市街化区域,商業地域,80,500
財務省,関東財務局,東京財務事務所,一般会計,普通財産,道路整備特別措置法 第５１条第８項,首都高速２号線用地,東京都港区白金５−１８５,首都高速道路株式会社,778271,8,778271,0,0,0,0,0,0,市街化区域,第二種住居地域,60,300
財務省,関東財務局,東京財務事務所,一般会計,普通財産,国有財産法 第２２条第１項第１号,公園（宮村児童遊園）敷地,東京都港区元麻布２−４２３−１,港区,956595487,986,956595487,0,0,0,0,0,0,市街化区域,第二種中高層住居専用地域,60,300
財務省,関東財務局,東京財務事務所,一般会計,普通財産,国有財産法 第２２条第１項第１号,亀塚公園,東京都港区三田４−５−１８,港区,1245369242,1764,1245369240,0,0,0,0,2,0,市街化区域,第一種住居地域,60,300
財務省,関東財務局,東京財務事務所,一般会計,普通財産,国有財産法 第２２条第１項第１号,消防用貯水池（ため池）,東京都新宿区戸山１−４３−３０６,東京消防庁,3044787,46,3044787,0,0,0,0,0,0,市街化区域,第一種中高層住居専用地域,60,300
財務省,関東財務局,東京財務事務所,一般会計,普通財産,国有財産法 第２２条第１項第１号,都立戸山公園敷地（総合）,東京都新宿区戸山３−４３−１外,東京都,2533185760,10550,2532732866,0,0,0,452894,0,0,市街化区域,第一種中高層住居専用地域,60,300
財務省,関東財務局,東京財務事務所,一般会計,普通財産,国有財産法 第２２条第１項第１号,都立戸山公園敷地（総合）,東京都新宿区戸山２−４３−１８６のうち外,東京都,3023760711,8608,3023760711,0,0,0,0,0,0,市街化区域,第一種中高層住居専用地域,60,300
財務省,関東財務局,東京財務事務所,一般会計,普通財産,国有財産特別措置法 第２条第２項第２号,保育所敷地,東京都新宿区百人町３−４２０−４６のうち,社会福祉法人　新栄会,452431199,887,452431199,0,0,0,0,0,0,市街化区域,第一種中高層住居専用地域,60,300
財務省,関東財務局,東京財務事務所,一般会計,普通財産,警察法 附則第１２項,警視庁有家族待機宿舎敷地,東京都新宿区百人町３−４４７,警視庁,838279316,1787,838279316,0,0,0,0,0,0,市街化区域,第一種中高層住居専用地域,60,300
財務省,関東財務局,東京財務事務所,一般会計,普通財産,国有財産法 第２２条第１項第１号,ひまわり児童遊園敷地（街区）,東京都新宿区百人町４−９７４−４,新宿区,288342907,591,288342907,0,0,0,0,0,0,市街化区域,第一種住居地域,60,400
財務省,関東財務局,東京財務事務所,一般会計,普通財産,国有財産法 第２２条第１項第１号,消防水利施設敷地,東京都新宿区百人町３−４２０−３７外,東京消防庁,126035226,330,126035224,0,0,0,0,2,0,市街化区域,第一種中高層住居専用地域,60,300
財務省,関東財務局,東京財務事務所,一般会計,普通財産,国有財産法 第２２条第１項第１号,都立戸山公園敷地（総合）,東京都新宿区大久保３−１７０外,東京都,10916181709,33684,10916181708,0,0,0,0,1,0,市街化区域,第一種住居地域,60,300
財務省,関東財務局,東京財務事務所,一般会計,普通財産,国有財産特別措置法 第２条第２項第３号,社会福祉事業施設敷地,東京都新宿区本塩町７−３のうち,社会福祉法人　日本盲人職能開発センター,208800720,521,208800720,0,0,0,0,0,0,市街化区域,第一種住居地域,60,300
財務省,関東財務局,東京財務事務所,一般会計,普通財産,国有財産法 第２２条第１項第１号,区立かすみ児童遊園敷地（街区）,東京都新宿区霞ヶ丘町１６番１のうち,新宿区,528401830,862,528401830,0,0,0,0,0,0,市街化区域,第一種中高層住居専用地域,60,300
財務省,関東財務局,東京財務事務所,一般会計,普通財産,国有財産法 第２２条第１項第１号,神宮前公園敷地（街区）,東京都渋谷区神宮前２−２−１９,渋谷区,370984417,468,370984417,0,0,0,0,0,0,市街化区域,第二種中高層住居専用地域,60,300
財務省,関東財務局,東京財務事務所,一般会計,普通財産,国有財産法 第２２条第１項第１号,防災資機材格納庫敷地,東京都新宿区上落合２−４７２−１のうち,東京消防庁,8755059,24,8755059,0,0,0,0,0,0,市街化区域,第一種中高層住居専用地域,60,300
財務省,関東財務局,東京財務事務所,一般会計,普通財産,国有財産法 第２２条第１項第１号,おとめ山公園（近隣）,東京都新宿区下落合２−２９４−１５　外２筆,新宿区,5224393005,15033,5221267174,0,0,0,3125831,0,0,市街化区域,第一種低層住居専用地域,60,150
財務省,関東財務局,東京財務事務所,一般会計,普通財産,国有財産法 第２２条第１項第１号,区立荒井山公園（街区）,東京都新宿区西早稲田２−５３０−９,新宿区,143805800,332,143805800,0,0,0,0,0,0,市街化区域,第一種住居地域,60,400
財務省,関東財務局,東京財務事務所,一般会計,普通財産,国有財産法 第２２条第１項第１号,水野原児童遊園敷地（街区）,東京都新宿区若松町８４−９,新宿区,337569410,661,337569410,0,0,0,0,0,0,市街化区域,第一種住居地域,60,300
財務省,関東財務局,東京財務事務所,一般会計,普通財産,国有財産法 第２２条第１項第１号,東五軒公園（街区）,東京都新宿区東五軒町２９−３　外２,新宿区,206728017,799,206728017,0,0,0,0,0,0,市街化区域,準工業地域,60,300
財務省,関東財務局,東京財務事務所,一般会計,普通財産,道路整備特別措置法 第５１条第８項,首都高速４号線道路敷地,東京都新宿区南元町９−１,首都高速道路株式会社,1647707472,1955,1647707472,0,0,0,0,0,0,市街化区域,第二種住居地域,60,300
財務省,関東財務局,東京財務事務所,一般会計,普通財産,国有財産法 第２２条第１項第１号,富久町児童遊園敷地（街区）,東京都新宿区余丁町８８−２０,新宿区,24742904,226,24742904,0,0,0,0,0,0,市街化区域,第一種住居地域,60,300
財務省,関東財務局,東京財務事務所,一般会計,普通財産,国有財産法 第２２条第１項第１号,余丁町児童公園敷地（街区）,東京都新宿区余丁町８８−２０,新宿区,6425570,52,6425570,0,0,0,0,0,0,市街化区域,第一種住居地域,60,300
財務省,関東財務局,東京財務事務所,一般会計,普通財産,道路整備特別措置法 第５１条第８項,首都高速４号線道路敷地,東京都新宿区南元町９−５地先外,首都高速道路株式会社,7947019,224,7947019,0,0,0,0,0,0,市街化区域,第二種住居地域,60,300
財務省,関東財務局,東京財務事務所,一般会計,普通財産,国有財産法 第２２条第１項第１号,区立若葉東公園敷地（街区）,東京都新宿区四谷１−１２−１１地先,新宿区,519967444,5046,519967444,0,0,0,0,0,0,市街化区域,第一種住居地域,60,300
財務省,関東財務局,東京財務事務所,一般会計,普通財産,警察法 附則第１２項,警視庁警備待機所四谷住宅敷地,東京都新宿区若葉１−２６−１,警視庁,414227800,826,414227800,0,0,0,0,0,0,市街化区域,第一種住居地域,60,300
財務省,関東財務局,東京財務事務所,一般会計,普通財産,国有財産法 第２２条第１項第１号,戸山東公園（街区）,東京都新宿区戸山１−２４−３２,新宿区,2691460,34,2691460,0,0,0,0,0,0,市街化区域,第一種中高層住居専用地域,60,300
財務省,関東財務局,東京財務事務所,一般会計,普通財産,国有財産法 第２２条第１項第１号,都立戸山公園敷地（総合）,東京都新宿区大久保３−１７０−１のうち,東京都,8618741017,25814,8618741017,0,0,0,0,0,0,市街化区域,第一種住居地域,60,300
財務省,関東財務局,東京財務事務所,一般会計,普通財産,道路整備特別措置法 第５１条第８項,首都高速５号線早稲田出路敷地,東京都新宿区早稲田鶴巻町３７１−５０先,首都高速道路株式会社,212056,7,212056,0,0,0,0,0,0,市街化区域,商業地域,80,500
財務省,関東財務局,東京財務事務所,一般会計,普通財産,国有財産法 第２２条第１項第１号,都立戸山公園敷地（総合）,東京都新宿区戸山３−４３−４８３,東京都,1518833751,4174,1518833751,0,0,0,0,0,0,市街化区域,第一種中高層住居専用地域,60,300
財務省,関東財務局,東京財務事務所,一般会計,普通財産,国有財産法 第２２条第１項第１号,西戸山公園敷地（近隣）,東京都新宿区百人町３−４２０−３０３,新宿区,542608007,1333,542608007,0,0,0,0,0,0,市街化区域,第一種中高層住居専用地域,60,300
財務省,関東財務局,東京財務事務所,一般会計,普通財産,国有財産法 第２２条第１項第１号,区立みどり児童遊園敷地（街区）,東京都新宿区百人町３−４２０−３９のうち,新宿区,139151682,330,139151682,0,0,0,0,0,0,市街化区域,第一種中高層住居専用地域,60,300
財務省,関東財務局,東京財務事務所,一般会計,普通財産,国有財産法 第２２条第１項第１号,都市公園（戸山公園）敷地,東京都新宿区戸山３−４３−３６８,東京都,165981604,390,165981604,0,0,0,0,0,0,市街化区域,第一種住居地域,60,300
財務省,関東財務局,東京財務事務所,一般会計,普通財産,国有財産法 第２２条第１項第１号,新宿区立百人町ふれあい公園（街区）,東京都新宿区百人町３−４２０−３１３　外１筆,新宿区,1458682265,3282,1458682265,0,0,0,0,0,0,市街化区域,第一種中高層住居専用地域,60,300
財務省,関東財務局,東京財務事務所,一般会計,普通財産,警察法 附則第１２項,警視庁飯田橋庁舎敷地,東京都文京区後楽１−４−３　外２筆,警視庁,1448275049,1864,1448275049,0,0,0,0,0,0,市街化区域,商業地域,80,600
財務省,関東財務局,東京財務事務所,一般会計,普通財産,国有財産法 第２２条第１項第１号,春日園児童遊園（街区）,東京都文京区本郷１−２４１のうち,文京区,98365393,192,98365393,0,0,0,0,0,0,市街化区域,近隣商業地域,80,400
財務省,関東財務局,東京財務事務所,一般会計,普通財産,道路整備特別措置法 第５１条第８項,首都高速高架敷地,東京都文京区目白台３−２２１−１,首都高速道路株式会社,491267,12,491267,0,0,0,0,0,0,市街化区域,近隣商業地域,80,400
財務省,関東財務局,東京財務事務所,一般会計,普通財産,道路整備特別措置法 第５１条第８項,首都高速高架敷地,東京都文京区音羽１−６２６−１,首都高速道路株式会社,9049635,95,9049635,0,0,0,0,0,0,市街化区域,近隣商業地域,80,400
財務省,関東財務局,東京財務事務所,一般会計,普通財産,都市公園法 附則第９項,区立江戸川公園敷地,東京都文京区関口２−１０６先,文京区,388591938,10767,388591938,0,0,0,0,0,0,市街化区域,第一種低層住居専用地域,60,150
財務省,関東財務局,東京財務事務所,一般会計,普通財産,国有財産法 第２２条第１項第１号,都市公園敷地（須藤公園敷地）,東京都文京区千駄木３−６０−３,文京区,2902412,13,2902412,0,0,0,0,0,0,市街化区域,第一種中高層住居専用地域,60,200
財務省,関東財務局,東京財務事務所,一般会計,普通財産,道路整備特別措置法 第５１条第８項,首都高速道路５号線道路敷地,東京都文京区関口２−２０８−３外,首都高速道路株式会社,4198252,19,4198252,0,0,0,0,0,0,市街化区域,第二種住居地域,60,300
財務省,関東財務局,東京財務事務所,一般会計,普通財産,道路整備特別措置法 第５１条第８項,首都高速道路５号線道路敷地,東京都文京区関口２−１７３−３,首都高速道路株式会社,1293514,6,1293514,0,0,0,0,0,0,市街化区域,第二種住居地域,60,300
財務省,関東財務局,東京財務事務所,一般会計,普通財産,国有財産法 第２２条第１項第１号,消火器置場,東京都文京区根津１−２１−２,文京区,23108,1,23108,0,0,0,0,0,0,市街化区域,第二種住居地域,60,300
財務省,関東財務局,東京財務事務所,一般会計,普通財産,都市公園法 附則第９項,白山公園敷地,東京都文京区白山５−１７６,文京区,40894326,1590,40894326,0,0,0,0,0,0,市街化区域,第一種住居地域,60,300
財務省,関東財務局,東京財務事務所,一般会計,普通財産,国家公務員共済組合法 第３６条,宿舎敷地,東京都文京区,国家公務員共済組合連合会,1522854474,3588,1522853909,0,0,0,0,565,0,市街化区域,第一種中高層住居専用地域,60,300
財務省,関東財務局,東京財務事務所,一般会計,普通財産,道路整備特別措置法 第５１条第８項,首都高速５号線早稲田出路敷地,東京都文京区関口１−１０４−８先,首都高速道路株式会社,49480,4,49480,0,0,0,0,0,0,市街化区域,商業地域,80,400
財務省,関東財務局,東京財務事務所,一般会計,普通財産,国有財産法 第２２条第１項第１号,都市計画公園（目白台運動公園敷地）,東京都文京区目白台１−３７−６９,文京区,358338859,661,358338859,0,0,0,0,0,0,市街化区域,近隣商業地域,80,400
財務省,関東財務局,東京財務事務所,一般会計,普通財産,都市公園法 附則第９項,待乳山聖天公園,東京都台東区浅草７−４４−２,台東区,670735567,2713,670735567,0,0,0,0,0,0,市街化区域,商業地域,80,400
財務省,関東財務局,東京財務事務所,一般会計,普通財産,警察法 附則第１２項,蔵前警察署敷地,東京都台東区蔵前１−１２−４７,警視庁,329294532,1190,329294532,0,0,0,0,0,0,市街化区域,商業地域,80,500
財務省,関東財務局,東京財務事務所,一般会計,普通財産,都市公園法 附則第９項,竹町公園,東京都台東区台東４−７−１,台東区,2173039225,3646,2173039225,0,0,0,0,0,0,市街化区域,商業地域,80,500
財務省,関東財務局,東京財務事務所,一般会計,普通財産,都市公園法 附則第９項,隅田公園（風致）,東京都台東区今戸１ほか,台東区,672138302,59712,672138302,0,0,0,0,0,0,市街化区域,第一種住居地域,60,300
財務省,関東財務局,東京財務事務所,一般会計,普通財産,国有財産法 第２２条第１項第１号,東あずま公園（街区）,東京都墨田区立花２−８−１２　外１筆,墨田区,63060557,550,63060557,0,0,0,0,0,0,市街化区域,準工業地域,60,200
財務省,関東財務局,東京財務事務所,一般会計,普通財産,都市公園法 附則第９項,緑町公園敷地（街区）,東京都墨田区亀沢２−２−１２　外1筆,墨田区,1052491193,2551,1052491193,0,0,0,0,0,0,市街化区域,近隣商業地域,80,400
財務省,関東財務局,東京財務事務所,一般会計,普通財産,都市公園法 附則第９項,錦糸公園敷地（地区）,東京都墨田区錦糸４−１,墨田区,2533875305,56124,2533875305,0,0,0,0,0,0,市街化区域,第一種住居地域,60,200
財務省,関東財務局,東京財務事務所,一般会計,普通財産,国有財産法 第２２条第１項第１号,長浦児童遊園敷地,東京都墨田区八広１−６５−７,墨田区,3080580,63,3080580,0,0,0,0,0,0,市街化区域,準工業地域,80,200
財務省,関東財務局,東京財務事務所,一般会計,普通財産,都市公園法 附則第９項,隅田公園（風致）,東京都墨田区向島１、２、５丁目先,墨田区,413679396,61094,413679396,0,0,0,0,0,0,市街化区域,第一種住居地域,60,200
財務省,関東財務局,東京財務事務所,一般会計,普通財産,道路整備特別措置法 第５１条第８項,首都高速道路６号線道路敷地,東京都墨田区堤通１−７５、７７,首都高速道路株式会社,23932635,287,23932635,0,0,0,0,0,0,市街化区域,第一種住居地域,60,200
財務省,関東財務局,東京財務事務所,一般会計,普通財産,道路整備特別措置法 第５１条第８項,首都高速道路６号線道路敷地,東京都墨田区堤通２−２９先外,首都高速道路株式会社,2293532250,12577,2293532250,0,0,0,0,0,0,市街化区域,商業地域,80,500
財務省,関東財務局,東京財務事務所,一般会計,普通財産,国有財産法 第２２条第１項第１号,向島百花園,東京都墨田区東向島３−１８８−３,東京都,1718319,79,1718319,0,0,0,0,0,0,市街化区域,商業地域,80,400
財務省,関東財務局,東京財務事務所,一般会計,普通財産,国有財産法 第２２条第１項第１号,区立越中島公園敷地（近隣）,東京都江東区越中島１−３−１,江東区,1612089073,6787,1612089073,0,0,0,0,0,0,市街化区域,第一種住居地域,60,300
財務省,関東財務局,東京財務事務所,一般会計,普通財産,警察法 附則第１２項,城東警察署敷地,東京都江東区北砂２−２０５−７,警視庁,247308,22,247308,0,0,0,0,0,0,市街化区域,商業地域,80,400
財務省,関東財務局,東京財務事務所,一般会計,普通財産,国有財産法 第２２条第１項第１号,都市公園敷地（亀高公園敷地）,東京都江東区北砂６−２４７−８,江東区,1213786,278,1213786,0,0,0,0,0,0,市街化区域,準工業地域,60,300
財務省,関東財務局,東京財務事務所,一般会計,普通財産,国有財産特別措置法 第２条第２項第２号,保育所敷地,東京都江東区白河３−８−３のうち,社会福祉法人　フェスティナ・レンテ,42679968,124,42679968,0,0,0,0,0,0,市街化区域,準工業地域,60,300
財務省,関東財務局,東京財務事務所,一般会計,普通財産,国有財産法 第２２条第１項第１号,区立砂町公園（街区）,東京都江東区東砂７−７０１−２,江東区,2122721,86,2122721,0,0,0,0,0,0,市街化区域,準工業地域,60,300
財務省,関東財務局,東京財務事務所,一般会計,普通財産,国有財産法 第２２条第１項第１号,東深川橋児童遊園敷地（児童遊園）,東京都江東区森下４−１４−２８,江東区,80987783,287,80987783,0,0,0,0,0,0,市街化区域,準工業地域,60,300
財務省,関東財務局,東京財務事務所,一般会計,普通財産,国有財産法 第２２条第１項第１号,わかくさ公園敷地（街区）,東京都品川区勝島１−２−３７,品川区,447095630,1243,447095630,0,0,0,0,0,0,市街化区域,準工業地域,60,300
財務省,関東財務局,東京財務事務所,一般会計,普通財産,国有財産法 第２２条第１項第１号,警視庁大崎警察署池田山地域安全センター敷地,東京都品川区東五反田５−６０−８８,警視庁,3697423,33,3697423,0,0,0,0,0,0,市街化区域,第一種低層住居専用地域,60,150
財務省,関東財務局,東京財務事務所,一般会計,普通財産,国有財産法 第２２条第１項第１号,しながわ区民公園敷地,東京都品川区南大井２−４０−９,品川区,248148203,548,248148203,0,0,0,0,0,0,市街化区域,準工業地域,60,300
財務省,関東財務局,東京財務事務所,一般会計,普通財産,警察法 附則第１２項,大井警察署鹿島神社前交番敷地,東京都品川区大井７−４６８６−１４,警視庁,8444341,18,8444341,0,0,0,0,0,0,市街化区域,第一種住居地域,60,200
財務省,関東財務局,東京財務事務所,一般会計,普通財産,国有財産法 第２２条第１項第１号,旗の台南公園敷地（街区）,東京都品川区旗の台５−１２３６−７,品川区,89350586,232,89350586,0,0,0,0,0,0,市街化区域,第一種中高層住居専用地域,60,200
財務省,関東財務局,東京財務事務所,一般会計,普通財産,警察法 附則第１２項,荏原警察署二葉町交番敷地,東京都品川区二葉２−２３７,警視庁,6878055,18,6878055,0,0,0,0,0,0,市街化区域,第一種住居地域,60,200
財務省,関東財務局,東京財務事務所,一般会計,普通財産,国有財産法 第２２条第１項第１号,御成橋公園,東京都品川区東五反田２−５５０−８,品川区,10456727,20,10456727,0,0,0,0,0,0,市街化区域,準工業地域,60,300
財務省,関東財務局,東京財務事務所,一般会計,普通財産,国有財産法 第２２条第１項第１号,ねむの木公園敷地,東京都品川区東五反田５−６０−１９,品川区,158145378,193,158145378,0,0,0,0,0,0,市街化区域,第一種低層住居専用地域,60,150
財務省,関東財務局,東京財務事務所,一般会計,普通財産,国有財産特別措置法 第２条第２項第２号,社会福祉事業施設敷地,東京都目黒区大橋２−２６８−２３内外,社会福祉法人　愛隣会,1074950694,10516,1074950694,0,0,0,0,0,0,市街化区域,第二種中高層住居専用地域,60,200
財務省,関東財務局,東京財務事務所,一般会計,普通財産,警察法 附則第１２項,総合訓練所及び警備待機所敷地,東京都目黒区大橋２−６８３−１のうち　外１筆,警視庁,3745394928,12137,3745394928,0,0,0,0,0,0,市街化区域,第二種中高層住居専用地域,60,200
財務省,関東財務局,東京財務事務所,一般会計,普通財産,国有財産法 第２２条第１項第１号,区立宮下児童遊園敷地（街区）,東京都目黒区大橋２−６８３−１のうち,目黒区,126563069,352,126559806,0,0,0,3263,0,0,市街化区域,第二種中高層住居専用地域,60,200
財務省,関東財務局,東京財務事務所,一般会計,普通財産,国有財産法 第２２条第１項第１号,区立氷川台児童遊園,東京都目黒区大橋２−６４０−１０５,目黒区,86766545,163,86766545,0,0,0,0,0,0,市街化区域,第二種中高層住居専用地域,60,200
財務省,関東財務局,東京財務事務所,一般会計,普通財産,国有財産特別措置法 第２条第２項第２号,双葉の園保育園敷地,東京都目黒区大橋２−６８３−７１のうち,社会福祉法人　双葉の園,1076879847,3490,1076879847,0,0,0,0,0,0,市街化区域,第二種中高層住居専用地域,60,200
財務省,関東財務局,東京財務事務所,一般会計,普通財産,国家公務員共済組合法 第３６条,東京共済病院敷地,東京都目黒区中目黒２−２８３−２外,国家公務員共済組合連合会,4408018430,15237,4408018430,0,0,0,0,0,0,市街化区域,第二種中高層住居専用地域,60,200
財務省,関東財務局,東京財務事務所,一般会計,普通財産,国有財産法 第２２条第１項第１号,区立駒場公園敷地（総合）,東京都目黒区駒場４−８６１−１４７　外２筆,目黒区,10324121672,32369,10314953317,386.46,487.95,3,9168331,21,0,市街化区域,第一種低層住居専用地域,50,100
財務省,関東財務局,東京財務事務所,一般会計,普通財産,国有財産法 第２２条第１項第１号,区立中目黒１丁目児童遊園,東京都目黒区中目黒１−１３−１,目黒区,9669884,294,9669884,0,0,0,0,0,0,市街化区域,第二種中高層住居専用地域,60,300
財務省,関東財務局,東京財務事務所,一般会計,普通財産,警察法 附則第１２項,碑文谷警察署敷地,東京都目黒区碑文谷４−４０−４,警視庁,1012966386,1848,1012966386,0,0,0,0,0,0,市街化区域,第一種住居地域,60,300
財務省,関東財務局,東京財務事務所,一般会計,普通財産,国有財産法 第２２条第１項第１号,消防器具置場,東京都目黒区大岡山１−１２７−２２,東京消防庁,1392299,50,1392299,0,0,0,0,0,0,市街化区域,近隣商業地域,80,300
財務省,関東財務局,東京財務事務所,一般会計,普通財産,国有財産法 第２２条第１項第１号,都立駒沢オリンピック公園,東京都目黒区東が丘２−１２４１−２,東京都,590468,99,590468,0,0,0,0,0,0,市街化区域,第一種中高層住居専用地域,60,200
財務省,関東財務局,東京財務事務所,一般会計,普通財産,国有財産法 第２２条第１項第１号,すずめのお宿緑地公園（近隣）,東京都目黒区碑文谷３−１６−１　外５筆,目黒区,1230898778,7241,1226978981,0,0,0,3919797,0,0,市街化区域,第一種低層住居専用地域,60,150
財務省,関東財務局,東京財務事務所,一般会計,普通財産,国有財産法 第２２条第１項第１号,目黒清掃工場,東京都目黒区三田２−３０−４,東京二十三区清掃一部事務組合,1869459435,14876,1869459435,0,0,0,0,0,0,市街化区域,第二種中高層住居専用地域,60,200
財務省,関東財務局,東京財務事務所,一般会計,普通財産,国有財産法 第２２条第１項第１号,区立月光原公園,東京都目黒区目黒本町３−１２３−１４,目黒区,92124025,255,92124025,0,0,0,0,0,0,市街化区域,第一種住居地域,60,200
財務省,関東財務局,東京財務事務所,一般会計,普通財産,国有財産法 第２２条第１項第１号,区立東山街かど公園,東京都目黒区東山３−１０５８−３５,目黒区,83806248,160,83806248,0,0,0,0,0,0,市街化区域,第一種中高層住居専用地域,60,200
財務省,関東財務局,東京財務事務所,一般会計,普通財産,国家公務員共済組合法 第３６条,連合会福祉事業施設敷地,東京都目黒区東山１−１４０５−１、−２のうち,国家公務員共済組合連合会,879217746,2881,879176986,0,0,0,40760,0,0,市街化区域,第一種低層住居専用地域,60,150
財務省,関東財務局,東京財務事務所,一般会計,普通財産,国有財産法 第２２条第１項第１号,なべころ坂緑地公園,東京都目黒区中目黒５−１０３７−９,目黒区,133775619,346,133775619,0,0,0,0,0,0,市街化区域,第一種低層住居専用地域,60,150
財務省,関東財務局,東京財務事務所,一般会計,普通財産,国有財産法 第２２条第１項第１号,目黒区立東山公園,東京都目黒区東山３丁目−１０５８−７　外２筆,目黒区,1014580242,3094,1014580242,0,0,0,0,0,0,市街化区域,第一種中高層住居専用地域,60,200
財務省,関東財務局,東京財務事務所,一般会計,普通財産,国有財産法 第２２条第１項第１号,区立中目黒公園,東京都目黒区中目黒２−２８３−２１　外１筆,目黒区,1512992191,7358,1512930127,0,0,0,62064,0,0,市街化区域,第二種中高層住居専用地域,60,200
財務省,関東財務局,東京財務事務所,一般会計,普通財産,国有財産法 第２２条第１項第１号,すみれ児童公園敷地（街区）,東京都大田区南久が原２−１１−１３,大田区,33235571,99,33235571,0,0,0,0,0,0,市街化区域,第一種中高層住居専用地域,60,200
財務省,関東財務局,東京財務事務所,一般会計,普通財産,国有財産法 第２２条第１項第１号,久が里児童公園敷地（街区公園）,東京都大田区久が原３−１００１−２,大田区,74457940,205,74450709,0,0,0,7231,0,0,市街化区域,第一種中高層住居専用地域,60,200
財務省,関東財務局,東京財務事務所,一般会計,普通財産,国有財産法 第２２条第１項第１号,コアラ児童公園（街区公園）,東京都大田区南久が原１−１０１−３,大田区,66886511,176,66886511,0,0,0,0,0,0,市街化区域,第一種低層住居専用地域,50,100
財務省,関東財務局,東京財務事務所,一般会計,普通財産,国有財産法 第２２条第１項第１号,入船児童公園（街区公園）,東京都大田区東嶺町２９−２,大田区,47264592,120,47264592,0,0,0,0,0,0,市街化区域,第一種中高層住居専用地域,60,200
財務省,関東財務局,東京財務事務所,一般会計,普通財産,警察法 附則第１２項,大森警察署車庫敷地 外,東京都大田区大森中１−２６５１−３　外１筆,警視庁,69545017,167,69545017,0,0,0,0,0,0,市街化区域,商業地域 外,80,500
財務省,関東財務局,東京財務事務所,一般会計,普通財産,国有財産法 第２２条第１項第１号,山王木原山児童公園（街区）,東京都大田区山王４−１６３０−２,大田区,135223160,411,135223160,0,0,0,0,0,0,市街化区域,第一種低層住居専用地域,50,100
財務省,関東財務局,東京財務事務所,一般会計,普通財産,国有財産法 第２２条第１項第１号,下丸子公園敷地,東京都大田区下丸子４−３１３−２,大田区,1514524299,5235,1514524299,0,0,0,0,0,0,市街化区域,工業地域,60,200
財務省,関東財務局,東京財務事務所,一般会計,普通財産,国有財産法 第２２条第１項第１号,区立出村児童公園敷地,東京都大田区蒲田本町２−１２−１３,大田区,99639394,380,99639394,0,0,0,0,0,0,市街化区域,近隣商業地域 外,80,300
財務省,関東財務局,東京財務事務所,一般会計,普通財産,国有財産法 第２２条第１項第１号,蒲田本町二丁目公園,東京都大田区蒲田本町二丁目１７−１４,大田区,840651581,2048,840651581,0,0,0,0,0,0,市街化区域,近隣商業地域,80,300
財務省,関東財務局,東京財務事務所,一般会計,普通財産,国有財産法 第２２条第１項第１号,天沼児童公園（街区）,東京都大田区北馬込２−４９−４,大田区,125408597,426,125408596,0,0,0,0,1,0,市街化区域,第一種中高層住居専用地域 外,60,200
財務省,関東財務局,東京財務事務所,一般会計,普通財産,国有財産法 第２２条第１項第１号,防火水槽敷地,東京都大田区千鳥２−２１のうち,東京消防庁,5792730,16,5792730,0,0,0,0,0,0,市街化区域,準工業地域,60,200
財務省,関東財務局,東京財務事務所,一般会計,普通財産,国有財産法 第２２条第１項第１号,区立萩中公園敷地（総合）,東京都大田区萩中３−２９９−６５　外２筆,大田区,36721353,218,36721353,0,0,0,0,0,0,市街化区域,第一種住居地域,60,200
財務省,関東財務局,東京財務事務所,一般会計,普通財産,国有財産法 第２２条第１項第１号,東糀谷三丁目増田橋児童公園敷地（街区）,東京都大田区東糀谷３−２９−３,大田区,101020456,356,101020456,0,0,0,0,0,0,市街化区域,工業地域,60,200
財務省,関東財務局,東京財務事務所,一般会計,普通財産,国有財産法 第２２条第１項第１号,大森東四丁目第二児童公園敷地,東京都大田区大森東４−４０５０−１６,大田区,38000062,143,38000062,0,0,0,0,0,0,市街化区域,準工業地域,60,200
財務省,関東財務局,東京財務事務所,一般会計,普通財産,国家公務員共済組合法 第３６条,三宿病院敷地,東京都目黒区上目黒５−１４４２−１３外,国家公務員共済組合連合会,2506869417,9128,2506869417,0,0,0,0,0,0,市街化区域,第一種住居地域,60,200
財務省,関東財務局,東京財務事務所,一般会計,普通財産,国家公務員共済組合法 第１２条,三宿病院看護師宿舎敷地,東京都目黒区東山２−１０５８−２２,国家公務員共済組合連合会,604672762,1272,604672762,0,0,0,0,0,0,市街化区域,第一種中高層住居専用地域,60,200
財務省,関東財務局,東京財務事務所,一般会計,普通財産,国有財産法 第２２条第１項第１号,区立世田谷公園敷地,東京都世田谷区池尻１−１４、１−１−２１,世田谷区,23650070587,78957,23650070587,0,0,0,0,0,0,市街化区域,第二種中高層住居専用地域,60,200
財務省,関東財務局,東京財務事務所,一般会計,普通財産,警察法 附則第１２項,警備待機所（池尻住宅）敷地,東京都世田谷区池尻２−１−３３,警視庁,952236963,2375,952236963,0,0,0,0,0,0,市街化区域,第二種中高層住居専用地域,60,200
財務省,関東財務局,東京財務事務所,一般会計,普通財産,国有財産法 第２２条第１項第１号,防災資機材格納庫敷地,東京都世田谷区池尻２−１−１１８,東京消防庁,4911787,50,4911787,0,0,0,0,0,0,市街化区域,第一種住居地域,60,200
財務省,関東財務局,東京財務事務所,一般会計,普通財産,国家公務員共済組合法 第３６条,職員宿舎敷地,東京都目黒区東山２−１０５８−３２,国家公務員共済組合連合会,338963262,748,338963262,0,0,0,0,0,0,市街化区域,第一種中高層住居専用地域,60,200
財務省,関東財務局,東京財務事務所,一般会計,普通財産,警察法 附則第１２項,警備待機所（下馬寮）敷地,東京都世田谷区下馬２−２５９−１のうち、３２２−１のうち,警視庁,527858911,1169,527858911,0,0,0,0,0,0,市街化区域,第二種中高層住居専用地域,60,200
財務省,関東財務局,東京財務事務所,一般会計,普通財産,警察法 附則第１２項,警備待機所三軒茶屋住宅敷地,東京都世田谷区太子堂１−２５９−１５１　外１筆,警視庁,1083663848,4079,1083663848,0,0,0,0,0,0,市街化区域,第一種住居地域,60,200
財務省,関東財務局,東京財務事務所,一般会計,普通財産,国有財産法 第２２条第１項第１号,区立こどものひろば公園敷地,東京都世田谷区下馬２−２５９−１８２　外１筆,世田谷区,2100545144,18812,2100545144,0,0,0,0,0,0,市街化区域,第二種中高層住居専用地域,60,200
財務省,関東財務局,東京財務事務所,一般会計,普通財産,国有財産法 第２２条第１項第１号,区立太子堂１丁目公園敷地,東京都世田谷区太子堂一丁目１−１のうち,世田谷区,395376951,914,395376951,0,0,0,0,0,0,市街化区域,第二種中高層住居専用地域,60,200
財務省,関東財務局,東京財務事務所,一般会計,普通財産,国有財産法 第２２条第１項第１号,区立下馬二丁目広場敷地,東京都世田谷区下馬２−３２２−１２０,世田谷区,84487563,243,84487563,0,0,0,0,0,0,市街化区域,第二種中高層住居専用地域,60,200
財務省,関東財務局,東京財務事務所,一般会計,普通財産,国有財産法 第２２条第１項第１号,都市計画公園敷地（都市緑地）,東京都世田谷区野毛　２−１８９−１,世田谷区,151081790,408,151081790,0,0,0,0,0,0,市街化区域,第一種低層住居専用地域,40,80
財務省,関東財務局,東京財務事務所,一般会計,普通財産,国有財産法 第２２条第１項第１号,区立池尻見晴らし広場敷地,東京都世田谷区池尻４−４６１−１４２,世田谷区,344951720,853,344951720,0,0,0,0,0,0,市街化区域,第一種中高層住居専用地域,60,200
財務省,関東財務局,東京財務事務所,一般会計,普通財産,国有財産法 第２２条第１項第１号,区立代田広場敷地,東京都世田谷区代田３−７４５のうち,世田谷区,199146404,514,199146404,0,0,0,0,0,0,市街化区域,第一種低層住居専用地域,60,150
財務省,関東財務局,東京財務事務所,一般会計,普通財産,国有財産法 第２２条第１項第１号,消防水利施設敷地,東京都世田谷区上用賀１−１９−１のうち,東京消防庁,628923,33,628922,0,0,0,0,1,0,市街化区域,第二種中高層住居専用地域,60,200
財務省,関東財務局,東京財務事務所,一般会計,普通財産,国有財産特別措置法 第２条第１項,浄水施設用地,東京都世田谷区喜多見５−３０３２−２,東京都,26110,37,26110,0,0,0,0,0,0,市街化区域,第一種低層住居専用地域,40,80
財務省,関東財務局,東京財務事務所,一般会計,普通財産,国有財産特別措置法 第２条第１項,浄水施設用地,東京都世田谷区鎌田２−２１３−２　外５筆,東京都,340069430,1701,340069430,0,0,0,0,0,0,市街化区域,第一種中高層住居専用地域,60,200
財務省,関東財務局,東京財務事務所,一般会計,普通財産,国有財産法 第２２条第１項第１号,区立桜上水公園敷地,東京都世田谷区桜上水５−５５４先,世田谷区,9762057,221,9762057,0,0,0,0,0,0,市街化区域,第一種低層住居専用地域,50,100
財務省,関東財務局,東京財務事務所,一般会計,普通財産,国有財産法 第２２条第１項第１号,区立成城七丁目緑地敷地,東京都世田谷区成城７−１１２２−８　外１筆,世田谷区,208951182,885,208951182,0,0,0,0,0,0,市街化区域,第一種低層住居専用地域,40,80
財務省,関東財務局,東京財務事務所,一般会計,普通財産,国有財産法 第２２条第１項第１号,区立西太子堂公園敷地,東京都世田谷区太子堂４−４８４−６,世田谷区,140055480,402,140055480,0,0,0,0,0,0,市街化区域,第一種住居地域,60,200
財務省,関東財務局,東京財務事務所,一般会計,普通財産,国有財産特別措置法 第２条第２項第２号,母子生活支援施設及び保育所敷地,東京都世田谷区等々力４−４４−１,社会福祉法人　ナオミの会,455071100,929,455071100,0,0,0,0,0,0,市街化区域,第一種低層住居専用地域,50,100
財務省,関東財務局,東京財務事務所,一般会計,普通財産,国有財産法 第２２条第１項第１号,区立稲荷塚古墳緑地敷地,東京都世田谷区喜多見４−３０６９先,世田谷区,12325281,93,12325281,0,0,0,0,0,0,市街化区域,第一種低層住居専用地域,50,100
財務省,関東財務局,東京財務事務所,一般会計,普通財産,国有財産法 第２２条第１項第１号,区立大原ＧＯＧＯ公園敷地,東京都世田谷区大原１−１１５４−８,世田谷区,156549902,394,156549902,0,0,0,0,0,0,市街化区域,第一種低層住居専用地域,60,150
財務省,関東財務局,東京財務事務所,一般会計,普通財産,国有財産法 第２２条第１項第１号,区立大原さんかく公園敷地,東京都世田谷区大原１−１０８３−３,世田谷区,60558713,186,60558713,0,0,0,0,0,0,市街化区域,第一種低層住居専用地域,50,150
財務省,関東財務局,東京財務事務所,一般会計,普通財産,国有財産特別措置法 第２条第１項,砧浄水場敷地,東京都世田谷区喜多見２−３６８１−１８　外３筆,東京都,45162462,466,45162462,0,0,0,0,0,0,市街化区域,第一種低層住居専用地域,50,100
財務省,関東財務局,東京財務事務所,一般会計,普通財産,国有財産法 第２２条第１項第１号,区立三宿の森緑地敷地,東京都世田谷区三宿２−３８０−１,世田谷区,956364946,2653,955713152,0,0,0,651794,0,0,市街化区域,第一種中高層住居専用地域,60,200
財務省,関東財務局,東京財務事務所,一般会計,普通財産,国有財産法 第２２条第１項第１号,都市公園敷地（代々木公園）（総合）,東京都渋谷区神南町２５外,東京都,87872826748,540095,87872826743,122.87,122.87,1,0,4,0,市街化区域,第二種中高層住居専用地域,60,200
財務省,関東財務局,東京財務事務所,一般会計,普通財産,道路整備特別措置法 第５１条第８項,首都高速４号線道路敷地,東京都渋谷区代々木神園町６０−１,首都高速道路株式会社,696614903,4282,696614903,0,0,0,0,0,0,市街化区域,第二種中高層住居専用地域,60,200
財務省,関東財務局,東京財務事務所,一般会計,普通財産,国有財産特別措置法 第２条第１項,水道施設（増圧ポンプ場）敷地,東京都渋谷区神南１−２５−４０,東京都,7949762414,7215,7949762414,0,0,0,0,0,0,市街化区域,第二種中高層住居専用地域,60,200
財務省,関東財務局,東京財務事務所,一般会計,普通財産,国有財産法 第２２条第１項第１号,代々木小公園（北・南地区）敷地,東京都渋谷区代々木５丁目のうち、富ヶ谷１丁目のうち,渋谷区,1651885438,10153,1651885438,0,0,0,0,0,0,市街化区域,第二種中高層住居専用地域,60,200
財務省,関東財務局,東京財務事務所,一般会計,普通財産,国有財産特別措置法 第２条第２項第２号,社会福祉事業施設敷地,東京都渋谷区広尾４−１−１,社会福祉法人　福田会,1259087697,4484,1259087697,0,0,0,0,0,0,市街化区域,第二種中高層住居専用地域,60,300
財務省,関東財務局,東京財務事務所,一般会計,普通財産,国有財産法 第２２条第１項第１号,区立神宮前五丁目児童遊園地,東京都渋谷区神宮前５−３８−７,渋谷区,160235234,136,160235234,0,0,0,0,0,0,市街化区域,第二種住居地域,60,300
財務省,関東財務局,東京財務事務所,一般会計,普通財産,国有財産法 第２２条第１項第１号,区立西原児童遊園　　（街区）,東京都渋谷区西原３−１３−２０,渋谷区,80530180,100,80530180,0,0,0,0,0,0,市街化区域,第一種住居地域,60,300
財務省,関東財務局,東京財務事務所,一般会計,普通財産,国有財産法 第２２条第１項第１号,大山児童遊園地（街区）,東京都渋谷区大山町１０５９−６３,渋谷区,112977957,179,112977957,0,0,0,0,0,0,市街化区域,第一種低層住居専用地域,60,200
財務省,関東財務局,東京財務事務所,一般会計,普通財産,道路整備特別措置法 第５１条第８項,首都高速４号線道路敷地,東京都渋谷区千駄ヶ谷１−１０１２−６,首都高速道路株式会社,875800551,453,875800551,0,0,0,0,0,0,市街化区域,第二種住居地域,60,400
財務省,関東財務局,東京財務事務所,一般会計,普通財産,道路整備特別措置法 第５１条第８項,首都高速４号線道路敷地,東京都渋谷区千駄ヶ谷１−１０１２−５,首都高速道路株式会社,313508332,1404,313508332,0,0,0,0,0,0,市街化区域,第二種住居地域,60,400
財務省,関東財務局,東京財務事務所,一般会計,普通財産,道路整備特別措置法 第５１条第８項,首都高速４号線道路敷地,東京都渋谷区代々木神園町３３９−３外,首都高速道路株式会社,440307244,779,440307244,0,0,0,0,0,0,市街化区域,第一種住居地域,60,300
財務省,関東財務局,東京財務事務所,一般会計,普通財産,国有財産法 第２２条第１項第１号,原宿地域安全センター敷地,東京都渋谷区神宮前３−１−５１,警視庁,105518359,49,105518359,0,0,0,0,0,0,市街化区域,第二種住居地域,60,400
財務省,関東財務局,東京財務事務所,一般会計,普通財産,国有財産特別措置法 第２条第２項第３号,知的障害者更生施設,東京都中野区中野５−４−１,社会福祉法人　愛成会,922961013,2208,922961013,0,0,0,0,0,0,市街化区域,第一種中高層住居専用地域,60,200
財務省,関東財務局,東京財務事務所,一般会計,普通財産,警察法 附則第１２項,警視庁警備待機所（中野警察署長公舎）敷地,東京都中野区上高田２−２０−７,警視庁,70936597,215,70936597,0,0,0,0,0,0,市街化区域,第一種中高層住居専用地域,60,200
財務省,関東財務局,東京財務事務所,一般会計,普通財産,国有財産法 第２２条第１項第１号,区立平和の森公園（地区）,東京都中野区新井３−４６−６,中野区,2180730001,6056,2180730001,0,0,0,0,0,0,市街化区域,第一種中高層住居専用地域,60,200
財務省,関東財務局,東京財務事務所,一般会計,普通財産,国有財産法 第２２条第１項第１号,区立文園西公園敷地（街区）,東京都中野区中野６−３５−１　外２筆,中野区,145281283,368,145281283,0,0,0,0,0,0,市街化区域,第一種中高層住居専用地域,60,200
財務省,関東財務局,東京財務事務所,一般会計,普通財産,警察法 附則第１２項,警視庁有家族待機所敷地,東京都中野区新井２−１１６５−８８、−１１３,警視庁,307439,10,307439,0,0,0,0,0,0,市街化区域,第一種住居地域,60,300
財務省,関東財務局,東京財務事務所,一般会計,普通財産,国家公務員共済組合法 第３６条,宿舎敷地,東京都中野区中央２−８８−３　外,国家公務員共済組合連合会,994856976,4554,994856975,0,0,0,0,1,0,市街化区域,第二種中高層住居専用地域,60,200
財務省,関東財務局,東京財務事務所,一般会計,普通財産,国有財産法 第２２条第１項第１号,区立早稲田通り公園敷地（街区）,東京都中野区野方１−１６５６−４,中野区,242953243,455,242953243,0,0,0,0,0,0,市街化区域,近隣商業地域,80,400
財務省,関東財務局,東京財務事務所,一般会計,普通財産,国有財産法 第２２条第１項第１号,天神小公園（街区）,東京都中野区中野５−１４０−７,中野区,62835934,149,62835934,0,0,0,0,0,0,市街化区域,第一種中高層住居専用地域,60,200
財務省,関東財務局,東京財務事務所,一般会計,普通財産,国有財産特別措置法 第２条第２項第２号,児童養護施設敷地,東京都中野区鷺宮３−２３５−２,社会福祉法人　愛児の家,256090978,779,256090978,0,0,0,0,0,0,市街化区域,第一種低層住居専用地域,50,150
財務省,関東財務局,東京財務事務所,一般会計,普通財産,国有財産特別措置法 第２条第２項第２号,保育所敷地,東京都杉並区阿佐谷北３−２５０−２７,社会福祉法人　和光会,16345779,107,16345779,0,0,0,0,0,0,市街化区域,第一種低層住居専用地域,50,100
財務省,関東財務局,東京財務事務所,一般会計,普通財産,国有財産特別措置法 第２条第２項第２号,社会福祉施設敷地,東京都杉並区阿佐谷北３−２５０−９,社会福祉法人　聖友ホ−ム,795102145,2200,795102145,0,0,0,0,0,0,市街化区域,第一種低層住居専用地域,50,100
財務省,関東財務局,東京財務事務所,一般会計,普通財産,国有財産法 第２２条第１項第１号,区立松山児童遊園（街区）,東京都杉並区阿佐谷北３−２５０−１８,杉並区,215024692,568,215024692,0,0,0,0,0,0,市街化区域,第一種低層住居専用地域,50,100
財務省,関東財務局,東京財務事務所,一般会計,普通財産,国有財産法 第２２条第１項第１号,区立妙正寺公園敷地（近隣）,東京都杉並区清水３−３０４−２　外２筆,杉並区,15405452,343,15405452,0,0,0,0,0,0,市街化区域,第一種低層住居専用地域,50,100
財務省,関東財務局,東京財務事務所,一般会計,普通財産,国有財産法 第２２条第１項第１号,善福寺川緑地（総合）,東京都杉並区成田西１−７６４−１先,東京都,2283764,55,2283764,0,0,0,0,0,0,市街化区域,第一種低層住居専用地域,30,60
財務省,関東財務局,東京財務事務所,一般会計,普通財産,警察法 附則第１２項,警視庁本部警備待機所敷地,東京都杉並区西荻南３−１４７−２,警視庁,167769513,420,167769513,0,0,0,0,0,0,市街化区域,第一種低層住居専用地域,50,100
財務省,関東財務局,東京財務事務所,一般会計,普通財産,国有財産特別措置法 第２条第２項第２号,母子生活支援施設及び保育所敷地,東京都杉並区方南１−２０−１,社会福祉法人　東京都福祉事業協会,464211813,1386,464211813,0,0,0,0,0,0,市街化区域,第一種低層住居専用地域,60,150
財務省,関東財務局,東京財務事務所,一般会計,普通財産,国有財産法 第２２条第１項第１号,久我山公園（街区）,東京都杉並区久我山３−２４１−１０,杉並区,719001,8,719001,0,0,0,0,0,0,市街化区域,第一種低層住居専用地域,50,100
財務省,関東財務局,東京財務事務所,一般会計,普通財産,国有財産法 第２２条第１項第１号,区立つくだ公園（街区）,東京都杉並区高井戸東２−６６４−３８,杉並区,2868722,20,2868722,0,0,0,0,0,0,市街化区域,準住居地域,60,300
財務省,関東財務局,東京財務事務所,一般会計,普通財産,国有財産法 第２２条第１項第１号,都立和田堀公園敷地（総合）,東京都杉並区大宮１−１４８６−３ 外１２筆,東京都,47704486,1161,47704486,0,0,0,0,0,0,市街化区域,第一種低層住居専用地域,40,80
財務省,関東財務局,東京財務事務所,一般会計,普通財産,国家公務員共済組合法 第１２条,宿舎敷地,東京都杉並区,国家公務員共済組合連合会,834865872,2319,834865872,0,0,0,0,0,0,市街化区域,第一種低層住居専用地域,60,150
財務省,関東財務局,東京財務事務所,一般会計,普通財産,国有財産法 第２２条第１項第１号,区立白幡児童遊園（街区）,東京都杉並区成田東３−３２０−１先,杉並区,7454912,107,7454912,0,0,0,0,0,0,市街化区域,第一種低層住居専用地域,40,80
財務省,関東財務局,東京財務事務所,一般会計,普通財産,国有財産法 第２２条第１項第１号,杉並ごみ焼却場敷地,東京都杉並区高井戸東３−１２４２−２２ 外４筆,東京二十三区清掃一部事務組合,184684637,1228,184684637,0,0,0,0,0,0,市街化区域,第二種住居地域,60,200
財務省,関東財務局,東京財務事務所,一般会計,普通財産,国有財産法 第２２条第１項第１号,四宮森公園（近隣）,東京都杉並区上井草２−１０４先,杉並区,3444116,61,3444116,0,0,0,0,0,0,市街化区域,第一種低層住居専用地域,50,100
財務省,関東財務局,東京財務事務所,一般会計,普通財産,国家公務員共済組合法 第１２条,宿舎敷地,東京都杉並区下井草３−２８８−１,国家公務員共済組合連合会,878743952,4059,878743952,0,0,0,0,0,0,市街化区域,第一種低層住居専用地域,50,100
財務省,関東財務局,東京財務事務所,一般会計,普通財産,国有財産法 第２２条第１項第１号,梅里中央公園（児童）,東京都杉並区梅里２−６０−４,杉並区,705552601,3166,705552601,0,0,0,0,0,0,市街化区域,第一種低層住居専用地域,50,100
財務省,関東財務局,東京財務事務所,一般会計,普通財産,国有財産法 第２２条第１項第１号,柳窪公園（児童）,東京都杉並区高井戸東４−７０５−１先,杉並区,3123315,35,3123315,0,0,0,0,0,0,市街化区域,第一種低層住居専用地域,50,100
財務省,関東財務局,東京財務事務所,一般会計,普通財産,国有財産法 第２２条第１項第１号,区立高井戸東公園（街区）,東京都杉並区高井戸東４−１８７３−８６,杉並区,2775547,33,2775547,0,0,0,0,0,0,市街化区域,第一種低層住居専用地域,50,100
財務省,関東財務局,東京財務事務所,一般会計,普通財産,国有財産法 第２２条第１項第１号,区立上高井戸南公園（街区）,東京都杉並区上高井戸１−５１−１３,杉並区,7393213,89,7393213,0,0,0,0,0,0,市街化区域,第一種中高層住居専用地域,60,200
財務省,関東財務局,東京財務事務所,一般会計,普通財産,国有財産法 第２２条第１項第１号,区立高円寺北３丁目公園（街区）,東京都杉並区高円寺北３−１０２５−３,杉並区,30522929,85,30522929,0,0,0,0,0,0,市街化区域,第一種中高層住居専用地域,60,200
財務省,関東財務局,東京財務事務所,一般会計,普通財産,国有財産法 第２２条第１項第１号,杉並区立馬橋公園（近隣）,東京都杉並区高円寺北４−５０６−２,杉並区,370636112,9483,370580171,0,0,0,55941,0,0,市街化区域,第一種中高層住居専用地域,60,200
財務省,関東財務局,東京財務事務所,一般会計,普通財産,国有財産法 第２２条第１項第１号,杉並区立蚕糸の森公園（近隣）,東京都杉並区和田３−９２−２,杉並区,1965716802,13573,1965716802,0,0,0,0,0,0,市街化区域,第一種中高層住居専用地域,60,200
財務省,関東財務局,東京財務事務所,一般会計,普通財産,道路整備特別措置法 第５１条第８項,道敷地,東京都杉並区上高井戸２−４２６−１先 外１２筆,中日本高速道路株式会社,2636200,151,2636200,0,0,0,0,0,0,市街化区域,第一種住居地域,60,300
財務省,関東財務局,東京財務事務所,一般会計,普通財産,国有財産法 第２２条第１項第１号,区立塚山公園（近隣）,東京都杉並区下高井戸５−３７９−９,杉並区,2612757621,11296,2612757621,0,0,0,0,0,0,市街化区域,第一種低層住居専用地域,30,60
財務省,関東財務局,東京財務事務所,一般会計,普通財産,国有財産法 第２２条第１項第１号,区立井草森公園（近隣）,東京都杉並区井草４−４２−１,杉並区,1403719977,17592,1403719977,0,0,0,0,0,0,市街化区域,第一種低層住居専用地域,50,100
財務省,関東財務局,東京財務事務所,一般会計,普通財産,国有財産法 第２２条第１項第１号,区立松庵わかくさ公園,東京都杉並区松庵３−１１２−８,杉並区,81376205,207,81376205,0,0,0,0,0,0,市街化区域,第一種低層住居専用地域,50,100
財務省,関東財務局,東京財務事務所,一般会計,普通財産,国有財産法 第２２条第１項第１号,和田堀公園敷地（総合）,東京都杉並区堀ノ内２−３１１−１,東京都,155449863,537,155449863,0,0,0,0,0,0,市街化区域,第一種低層住居専用地域,40,80
財務省,関東財務局,東京財務事務所,一般会計,普通財産,国有財産特別措置法 第２条第２項第３号,知的障害者授産施設敷地,東京都杉並区堀ノ内１−３９１−３先,社会福祉法人　済美会,7467094,99,7467094,0,0,0,0,0,0,市街化区域,第一種低層住居専用地域,40,80
財務省,関東財務局,東京財務事務所,一般会計,普通財産,道路整備特別措置法 第５１条第８項,首都高速道路５号線敷地,東京都豊島区南池袋４−４６−１先,首都高速道路株式会社,2741547,52,2741547,0,0,0,0,0,0,市街化区域,近隣商業地域,80,400
財務省,関東財務局,東京財務事務所,一般会計,普通財産,国有財産法 第２２条第１項第１号,区立東池袋中央公園（近隣）,東京都豊島区東池袋３−３２７７−１のうち,豊島区,5549081623,5994,5549081623,0,0,0,0,0,0,市街化区域,商業地域,80,600
財務省,関東財務局,東京財務事務所,一般会計,普通財産,国有財産法 第２２条第１項第１号,南大塚１丁目児童遊園敷地,東京都豊島区南大塚１−１５２２−１４　外３筆,豊島区,70774955,161,70774955,0,0,0,0,0,0,市街化区域,第一種住居地域,60,300
財務省,関東財務局,東京財務事務所,一般会計,普通財産,警察法 附則第１２項,目白警察署庁舎敷地,東京都豊島区目白２−１２−２,警視庁,856845795,1315,856845795,0,0,0,0,0,0,市街化区域,第一種中高層住居専用地域,60,300
財務省,関東財務局,東京財務事務所,一般会計,普通財産,国有財産法 第２２条第１項第１号,南大塚からたち公園（街区）,東京都豊島区南大塚２−１５８５−１のうち,豊島区,79437257,232,79437257,0,0,0,0,0,0,市街化区域,第一種中高層住居専用地域,60,300
財務省,関東財務局,東京財務事務所,一般会計,普通財産,国有財産法 第２２条第１項第１号,長崎二丁目第２児童遊園（街区）,東京都豊島区長崎２−１７−１８,豊島区,38331021,112,38331021,0,0,0,0,0,0,市街化区域,近隣商業地域,80,300
財務省,関東財務局,東京財務事務所,一般会計,普通財産,国有財産法 第２２条第１項第１号,区立雑司が谷公園（街区）,東京都豊島区雑司ヶ谷２−４４４−６,豊島区,146277436,449,146277435,0,0,0,0,1,0,市街化区域,第一種中高層住居専用地域,60,300
財務省,関東財務局,東京財務事務所,一般会計,普通財産,国有財産法 第２２条第１項第１号,南長崎花咲公園敷地,東京都豊島区南長崎３−４１２６−５,豊島区,78964621,217,78964621,0,0,0,0,0,0,市街化区域,第一種中高層住居専用地域,60,200
財務省,関東財務局,東京財務事務所,一般会計,普通財産,国有財産法 第２２条第１項第１号,都市公園桐ケ丘中央公園（総合）,東京都北区桐ケ丘１−１３２０−３２外,北区,70065495,12191,70065495,0,0,0,0,0,0,市街化区域,第二種中高層住居専用地域,60,150
財務省,関東財務局,東京財務事務所,一般会計,普通財産,国有財産特別措置法 第２条第２項第４号,養護老人ホーム敷地,東京都北区桐ケ丘１−１３２０−２９のうち,社会福祉法人　日の基社会事業団,479609248,2088,479609248,0,0,0,0,0,0,市街化区域,第二種中高層住居専用地域,60,150
財務省,関東財務局,東京財務事務所,一般会計,普通財産,国有財産特別措置法 第２条第２項第２号,保育所敷地,東京都北区桐ケ丘１−１３２０−２９のうち,社会福祉法人　日の基社会事業団,438278971,1886,438278971,0,0,0,0,0,0,市街化区域,第二種中高層住居専用地域,60,150
財務省,関東財務局,東京財務事務所,一般会計,普通財産,国有財産法 第２２条第１項第１号,都市公園桐ヶ丘中央公園（総合）,東京都北区桐ケ丘２−６３８−３　外,北区,9604172,1661,9604172,0,0,0,0,0,0,市街化区域,第一種中高層住居専用地域,60,150
財務省,関東財務局,東京財務事務所,一般会計,普通財産,国有財産特別措置法 第２条第２項第２号,保育所敷地,東京都北区西が丘３−１６５０−７,社会福祉法人　育成会,85927740,309,85927740,0,0,0,0,0,0,市街化区域,準工業地域,60,300
財務省,関東財務局,東京財務事務所,一般会計,普通財産,国有財産法 第２２条第１項第１号,北区立中央公園（拡張部）敷地（街区）,東京都北区十条台１−１８９７−１６,北区,611717863,6158,611716812,0,0,0,1051,0,0,市街化区域,第二種住居地域,60,200
財務省,関東財務局,東京財務事務所,一般会計,普通財産,国有財産法 第２２条第１項第１号,南橋児童遊園（条例）,東京都北区中十条１−２−２のうち外,北区,136024859,508,136024859,0,0,0,0,0,0,市街化区域,第二種中高層住居専用地域,60,200
財務省,関東財務局,東京財務事務所,一般会計,普通財産,国有財産法 第２２条第１項第１号,音無みずき緑地（都市）,東京都北区滝野川４−８−５,北区,12077275,51,12077275,0,0,0,0,0,0,市街化区域,第二種中高層住居専用地域,60,200
財務省,関東財務局,東京財務事務所,一般会計,普通財産,国有財産法 第２２条第１項第１号,音無えのき緑地（都市）,東京都北区滝野川４−８−９,北区,60648397,277,60648397,0,0,0,0,0,0,市街化区域,第二種中高層住居専用地域,60,300
財務省,関東財務局,東京財務事務所,一般会計,普通財産,国有財産法 第２２条第１項第１号,音無けやき緑地（都市）,東京都北区滝野川３−９６−２外,北区,20251630,545,20251630,0,0,0,0,0,0,市街化区域,第二種中高層住居専用地域,60,200
財務省,関東財務局,東京財務事務所,一般会計,普通財産,国有財産法 第２２条第１項第１号,北区立豊島公園（街区）,東京都北区豊島２−１６−２２　外,北区,221094770,6050,221094770,0,0,0,0,0,0,市街化区域,第一種中高層住居専用地域,60,150
財務省,関東財務局,東京財務事務所,一般会計,普通財産,国有財産法 第２２条第１項第１号,北区立王子３丁目児童遊園（条例）,東京都北区王子３−７−７１,北区,671029850,2111,671029850,0,0,0,0,0,0,市街化区域,第二種住居地域,60,200
財務省,関東財務局,東京財務事務所,一般会計,普通財産,国有財産特別措置法 第２条第２項第２号,豊川保育園敷地,東京都北区王子６−７−７７,社会福祉法人　豊川保育園,232449957,716,232449957,0,0,0,0,0,0,市街化区域,第二種中高層住居専用地域,60,150
財務省,関東財務局,東京財務事務所,一般会計,普通財産,国有財産法 第２２条第１項第１号,王子６丁目児童遊園（街区）,東京都北区王子６−７−１４８,北区,279491027,787,279491027,0,0,0,0,0,0,市街化区域,第一種中高層住居専用地域,60,150
財務省,関東財務局,東京財務事務所,一般会計,普通財産,道路整備特別措置法 第５１条第８項,都道首都高速板橋足立線敷地,東京都北区堀船２−３５−２７ 外,（独）日本高速道路保有・債務返済機構,238562529,1285,238562529,0,0,0,0,0,0,市街化区域,工業地域,60,200
財務省,関東財務局,東京財務事務所,一般会計,普通財産,国有財産法 第２２条第１項第１号,歩道橋（橋脚）敷地,東京都北区掘船２−３５−３０のうち,北区,331980,5,331980,0,0,0,0,0,0,市街化区域,工業地域,60,200
財務省,関東財務局,東京財務事務所,一般会計,普通財産,国有財産法 第２２条第１項第１号,消防用資機材保管施設,東京都北区滝野川３−５１−１６先,東京消防庁,1765544,24,1765544,0,0,0,0,0,0,市街化区域,第二種中高層住居専用地域,60,200
財務省,関東財務局,東京財務事務所,一般会計,普通財産,警察法 附則第１２項,滝野川警察署御代台交番敷地,東京都北区滝野川５−１２−７,警視庁,20583249,65,20583249,0,0,0,0,0,0,市街化区域,近隣商業地域,80,300
財務省,関東財務局,東京財務事務所,一般会計,普通財産,国有財産法 第２２条第１項第１号,区民消火隊ポンプ格納庫敷地,東京都北区西ケ原１−１５−１１のうち,北区,1712288,25,1712288,0,0,0,0,0,0,市街化区域,第二種中高層住居専用地域,60,150
財務省,関東財務局,東京財務事務所,一般会計,普通財産,国有財産法 第２２条第１項第１号,消防用資材器具保管施設敷地,東京都北区西ケ原１−１８−１のうち,東京消防庁,2435463,36,2435463,0,0,0,0,0,0,市街化区域,商業地域,80,500
財務省,関東財務局,東京財務事務所,一般会計,普通財産,国有財産法 第２２条第１項第１号,旧古河庭園（歴史）,東京都北区西ケ原１−２７−２ 外,東京都,2039884095,30732,2035188376,1027.24,1754.51,6,4695700,13,0,市街化区域,第二種中高層住居専用地域,60,150
財務省,関東財務局,東京財務事務所,一般会計,普通財産,国有財産法 第２２条第１項第１号,北区立旧古河庭園児童遊園（条例）,東京都北区西ケ原１−２７−３４,北区,94523390,322,94514522,0,0,0,8868,0,0,市街化区域,第二種中高層住居専用地域,60,150
財務省,関東財務局,東京財務事務所,一般会計,普通財産,警察法 附則第１２項,滝野川警察署敷地,東京都北区西ケ原２−４,警視庁,474437880,1113,474437880,0,0,0,0,0,0,市街化区域,第二種住居地域,60,200
財務省,関東財務局,東京財務事務所,一般会計,普通財産,国有財産法 第２２条第１項第１号,消防用資材器具保管施設,東京都北区上十条５−１１４１−６,東京消防庁,693511,16,693511,0,0,0,0,0,0,市街化区域,第二種中高層住居専用地域,60,150
財務省,関東財務局,東京財務事務所,一般会計,普通財産,国有財産法 第２２条第１項第１号,北区立十条公園（近隣）,東京都北区十条台２−１８９６−１のうち,北区,370527030,1247,370527000,0,0,0,30,0,0,市街化区域,第二種住居地域,60,300
財務省,関東財務局,東京財務事務所,一般会計,普通財産,国有財産法 第２２条第１項第１号,北区立志茂町公園（街区）,東京都北区志茂１−４−２２,北区,818684,99,818684,0,0,0,0,0,0,市街化区域,第二種住居地域,60,200
財務省,関東財務局,東京財務事務所,一般会計,普通財産,国有財産法 第２２条第１項第１号,北区立豊島八幡児童遊園（条例）,東京都北区豊島２−３２−１２,北区,111806283,657,111806283,0,0,0,0,0,0,市街化区域,第二種住居地域,60,200
財務省,関東財務局,東京財務事務所,一般会計,普通財産,国有財産法 第２２条第１項第１号,北区立堀船４丁目西児童遊園（地区）,東京都北区掘船４−４−１２,北区,1204921,49,1204921,0,0,0,0,0,0,市街化区域,第二種住居地域,60,200
財務省,関東財務局,東京財務事務所,一般会計,普通財産,警察法 附則第１２項,赤羽警察署署長公舎敷地,東京都北区岩淵町４３５−２,警視庁,114685816,426,114685816,0,0,0,0,0,0,市街化区域,第二種住居地域,60,200
財務省,関東財務局,東京財務事務所,一般会計,普通財産,国家公務員共済組合法 第３６条,宿舎敷地,東京都北区,国家公務員共済組合連合会,306038713,1533,306038046,0,0,0,0,667,0,市街化区域,準工業地域,60,200
財務省,関東財務局,東京財務事務所,一般会計,普通財産,国有財産法 第２２条第１項第１号,飛鳥山公園（歴史）,東京都北区王子１−１−１０,北区,1393996037,43077,1393996037,0,0,0,0,0,0,市街化区域,第二種中高層住居専用地域,60,150
財務省,関東財務局,東京財務事務所,一般会計,普通財産,国有財産法 第２２条第１項第１号,北区立鶴ヶ丘児童遊園敷地（地区）,東京都北区赤羽西４−１２２−１,北区,149008181,526,149008181,0,0,0,0,0,0,市街化区域,第一種中高層住居専用地域,60,150
財務省,関東財務局,東京財務事務所,一般会計,普通財産,国有財産法 第２２条第１項第１号,北区立赤羽北１丁目児童遊園（地区）,東京都北区赤羽北１−１２６０−２のうち,北区,109675098,584,109675098,0,0,0,0,0,0,市街化区域,第一種住居地域,60,200
財務省,関東財務局,東京財務事務所,一般会計,普通財産,国有財産法 第２２条第１項第１号,赤羽北一丁目児童遊園（条例）,東京都北区赤羽北１−１２６０−１１,北区,46151104,235,46151104,0,0,0,0,0,0,市街化区域,準工業地域,60,200
財務省,関東財務局,東京財務事務所,一般会計,普通財産,国有財産法 第２２条第１項第１号,赤羽台さくら並木公園敷地,東京都北区赤羽台４−３１４−２４,北区,31814272,118,31814272,0,0,0,0,0,0,市街化区域,第二種中高層住居専用地域,60,150
財務省,関東財務局,東京財務事務所,一般会計,普通財産,国有財産法 第２２条第１項第１号,北区立中央公園（地区）,東京都北区十条台１−１８９７−２９ 外,北区,2621231877,64000,2621225992,1203.3,3398.34,1,5878,6,0,市街化区域,第一種中高層住居専用地域,60,150
財務省,関東財務局,東京財務事務所,一般会計,普通財産,国有財産法 第２２条第１項第１号,北区立稲付西山公園（街区）,東京都北区西が丘３丁目１４４２−１４,北区,325470399,8265,325468645,0,0,0,1754,0,0,市街化区域,第二種住居地域,60,300
財務省,関東財務局,東京財務事務所,一般会計,普通財産,国有財産法 第２２条第１項第１号,北区立滝野川公園（近隣）,東京都北区西ケ原２−３−４,北区,1155453939,7896,1155433184,0,0,0,20755,0,0,市街化区域,第二種住居地域,60,200
財務省,関東財務局,東京財務事務所,一般会計,普通財産,国有財産法 第２２条第１項第１号,北区立醸造試験所跡地公園（街区）,東京都北区滝野川２−６−１１ 外,北区,583177399,2187,578112774,0,0,0,5064624,1,0,市街化区域,第一種中高層住居専用地域,60,200
財務省,関東財務局,東京財務事務所,一般会計,普通財産,国有財産法 第２２条第１項第１号,赤羽自然観察公園（地区）,東京都北区赤羽西５−１２８０−１０,北区,986533489,18007,986533489,0,0,0,0,0,0,市街化区域,第二種中高層住居専用地域,60,150
財務省,関東財務局,東京財務事務所,一般会計,普通財産,国有財産法 第２２条第１項第１号,児童公園（東京都荒川区立東尾久４丁目児童遊園）敷地,東京都荒川区東尾久４−２２１９−１,荒川区,45604380,168,45604380,0,0,0,0,0,0,市街化区域,準工業地域,80,300
財務省,関東財務局,東京財務事務所,一般会計,普通財産,国有財産特別措置法 第２条第２項第２号,区立荒川さつき保育園敷地,東京都荒川区荒川８−２５−６１,荒川区,8296206,83,8296206,0,0,0,0,0,0,市街化区域,準工業地域,60,200
財務省,関東財務局,東京財務事務所,一般会計,普通財産,国有財産法 第２２条第１項第１号,区立公園敷地（荒川遊園Ｃ地区敷地）,東京都荒川区西尾久８−５５０−２,荒川区,74067321,482,74067321,0,0,0,0,0,0,市街化区域,第一種住居地域,60,300
財務省,関東財務局,東京財務事務所,一般会計,普通財産,国有財産特別措置法 第２条第２項第２号,社会福祉施設敷地（区立加賀福祉園敷地）,東京都板橋区加賀１−３３５６−１６２,板橋区,861831591,3232,861831591,0,0,0,0,0,0,市街化区域,第二種住居地域,60,300
財務省,関東財務局,東京財務事務所,一般会計,普通財産,国有財産特別措置法 第２条第１項,水道施設敷地,東京都板橋区加賀１−３３５６−９４外,東京都,5220557549,26562,5220557548,0,0,0,0,1,0,市街化区域,第二種住居地域,60,300
財務省,関東財務局,東京財務事務所,一般会計,普通財産,国有財産法 第２２条第１項第１号,区立加賀公園（歴史）,東京都板橋区加賀１−３３５６-１４９,板橋区,1406833684,4999,1406820397,0,0,0,13287,0,0,市街化区域,第二種住居地域,60,300
財務省,関東財務局,東京財務事務所,一般会計,普通財産,国有財産特別措置法 第２条第１項,水道施設敷地,東京都板橋区加賀２−３３５６-１３８,東京都,2937007,66,2937007,0,0,0,0,0,0,市街化区域,準工業地域,60,300
財務省,関東財務局,東京財務事務所,一般会計,普通財産,国有財産法 第２２条第１項第１号,区立加賀第２公園敷地（近隣）,東京都板橋区加賀１−３３５６−８７のうち外,板橋区,1022359028,3407,1022359028,0,0,0,0,0,0,市街化区域,準工業地域,60,300
財務省,関東財務局,東京財務事務所,一般会計,普通財産,国有財産法 第２２条第１項第１号,区立東板橋公園（地区）,東京都板橋区板橋３−３３２４−５,板橋区,159090,32,159090,0,0,0,0,0,0,市街化区域,第二種住居地域,60,300
財務省,関東財務局,東京財務事務所,一般会計,普通財産,国家公務員共済組合法 第３６条,宿舎敷地,東京都板橋区,国家公務員共済組合連合会,645659090,2851,645659090,0,0,0,0,0,0,市街化区域,第一種中高層住居専用地域,60,200
財務省,関東財務局,東京財務事務所,一般会計,普通財産,道路整備特別措置法 第５１条第８項,首都高速道路５号線道路敷地,東京都板橋区泉町３−７ 外,首都高速道路株式会社,1066841,15,1066841,0,0,0,0,0,0,市街化区域,商業地域,80,300
財務省,関東財務局,東京財務事務所,一般会計,普通財産,国家公務員共済組合法 第３６条,宿舎敷地,東京都板橋区,国家公務員共済組合連合会,227519742,1057,227519742,0,0,0,0,0,0,市街化区域,第二種中高層住居専用地域,60,200
財務省,関東財務局,東京財務事務所,一般会計,普通財産,国有財産法 第２２条第１項第１号,区立板橋１丁目児童遊園（街区）,東京都板橋区板橋１−３３−１５,板橋区,48170763,131,48170763,0,0,0,0,0,0,市街化区域,商業地域,80,600
財務省,関東財務局,東京財務事務所,一般会計,普通財産,国有財産特別措置法 第２条第２項第２号,保育所敷地,東京都板橋区小茂根４−９４,社会福祉法人　ベテスダ奉仕女母の家,260396402,925,260396402,0,0,0,0,0,0,市街化区域,第二種中高層住居専用地域,60,200
財務省,関東財務局,東京財務事務所,一般会計,普通財産,道路整備特別措置法 第５１条第８項,首都高速道路５号線道路敷地,東京都板橋区泉町３９−４先,首都高速道路株式会社,37138982,228,37138982,0,0,0,0,0,0,市街化区域,第二種住居地域,60,200
財務省,関東財務局,東京財務事務所,一般会計,普通財産,国有財産法 第２２条第１項第１号,都立赤塚公園（風致）,東京都板橋区四葉２−２２４−２　外,東京都,4720032,154,4720032,0,0,0,0,0,0,市街化区域,第二種中高層住居専用地域,60,200
財務省,関東財務局,東京財務事務所,一般会計,普通財産,国有財産法 第２２条第１項第１号,大原第２公園（街区）,東京都板橋区大原町２７−３,板橋区,190100029,706,190100029,0,0,0,0,0,0,市街化区域,第二種住居地域,60,200
財務省,関東財務局,東京財務事務所,一般会計,普通財産,国有財産法 第２２条第１項第１号,加賀西公園（街区）,東京都板橋区加賀１−３３５６−１４６,板橋区,307982210,1500,307982210,0,0,0,0,0,0,市街化区域,準工業地域,60,300
財務省,関東財務局,東京財務事務所,一般会計,普通財産,国有財産法 第２２条第１項第１号,茂呂山公園（近隣）,東京都板橋区小茂根５−３７１０−１　外,板橋区,117572423,619,117572423,0,0,0,0,0,0,市街化区域,第一種中高層住居専用地域,50,100
財務省,関東財務局,東京財務事務所,一般会計,普通財産,国有財産特別措置法 第２条第１項,水道施設（三園浄水場）,東京都板橋区三園２−１１０−１２　外,東京都,311865130,3190,311865130,0,0,0,0,0,0,市街化区域,準工業地域,60,200
財務省,関東財務局,東京財務事務所,一般会計,普通財産,国有財産法 第２２条第１項第１号,緑地,東京都練馬区田柄４−２５−４５,練馬区,43036271,176,43036271,0,0,0,0,0,0,市街化区域,第一種低層住居専用地域,50,100
財務省,関東財務局,東京財務事務所,一般会計,普通財産,国有財産法 第２２条第１項第１号,消防資材保管庫敷地,東京都練馬区桜台５−５９５３−１のうち,練馬区,478038,7,478038,0,0,0,0,0,0,市街化区域,第一種低層住居専用地域,50,100
財務省,関東財務局,東京財務事務所,一般会計,普通財産,警察法 附則第１２項,警視庁本部警備待機所第二練馬住宅敷地,東京都練馬区練馬２−６２２６−２３,警視庁,151818955,496,151818955,0,0,0,0,0,0,市街化区域,第一種低層住居専用地域,50,100
財務省,関東財務局,東京財務事務所,一般会計,普通財産,国有財産法 第２２条第１項第１号,東大泉弁天池公園敷地（児童）,東京都練馬区東大泉３−８９３,練馬区,57618160,350,57618160,0,0,0,0,0,0,市街化区域,第一種中高層住居専用地域,60,200
財務省,関東財務局,東京財務事務所,一般会計,普通財産,国有財産法 第２２条第１項第１号,練馬区立田柄梅林公園,東京都練馬区田柄５−５１９７−２,練馬区,1841700,52,1841700,0,0,0,0,0,0,市街化区域,第一種住居地域 外,60,300
財務省,関東財務局,東京財務事務所,一般会計,普通財産,国有財産法 第２２条第１項第１号,長光寺橋公園（児童）,東京都練馬区石神井町１−１０１２−４先,練馬区,126149538,404,126149538,0,0,0,0,0,0,市街化区域,第一種中高層住居専用地域 外,60,200
財務省,関東財務局,東京財務事務所,一般会計,普通財産,国有財産法 第２２条第１項第１号,都立光が丘公園,東京都練馬区光が丘４−２５−１のうち外１筆,東京都,19932054616,515108,19930632423,0,0,0,1422193,0,0,市街化区域,第一種中高層住居専用地域 外,60,200
財務省,関東財務局,東京財務事務所,一般会計,普通財産,国有財産特別措置法 第２条第１項,水道施設敷地,東京都練馬区光が丘２−２５−１０,東京都,446620147,1589,446620147,0,0,0,0,0,0,市街化区域,第一種中高層住居専用地域,60,200
財務省,関東財務局,東京財務事務所,一般会計,普通財産,国有財産法 第２２条第１項第１号,光が丘清掃工場,東京都練馬区光が丘５−２５−１６,東京二十三区清掃一部事務組合,1112278390,3727,1112278390,0,0,0,0,0,0,市街化区域,第一種住居地域,60,300
財務省,関東財務局,東京財務事務所,一般会計,普通財産,国有財産法 第２２条第１項第１号,神明ふれあい緑地（都市緑地）,東京都練馬区光が丘４−２５−４４,練馬区,4351713,144,4351713,0,0,0,0,0,0,市街化区域,第一種住居地域,60,300
財務省,関東財務局,東京財務事務所,一般会計,普通財産,国家公務員共済組合法 第３６条,宿舎敷地,東京都練馬区,国家公務員共済組合連合会,2372973470,13015,2372973470,0,0,0,0,0,0,市街化区域,第一種中高層住居専用地域,60,200
財務省,関東財務局,東京財務事務所,一般会計,普通財産,国有財産法 第２２条第１項第１号,練馬区立しいのみ公園（街区）,東京都練馬区桜台２−４９−７,練馬区,100995195,354,100995195,0,0,0,0,0,0,市街化区域,第一種低層住居専用地域,50,100
財務省,関東財務局,東京財務事務所,一般会計,普通財産,国有財産法 第２２条第１項第１号,関町北五丁目緑地,東京都練馬区関町北５−３８７−８　外３筆,練馬区,201937188,777,201937188,0,0,0,0,0,0,市街化区域,第一種低層住居専用地域,50,100
財務省,関東財務局,東京財務事務所,一般会計,普通財産,国有財産法 第２２条第１項第１号,区立けんか広場公園（街区）,東京都練馬区石神井台３−１７３４−４５,練馬区,51591991,199,51591991,0,0,0,0,0,0,市街化区域,第一種低層住居専用地域,50,100
財務省,関東財務局,東京財務事務所,一般会計,普通財産,国有財産法 第２２条第１項第１号,足立消防団第４分団防災資機材格納庫敷地,東京都足立区足立３−１１１８−９,東京消防庁,49785,25,49785,0,0,0,0,0,0,市街化区域,準工業地域,60,200
財務省,関東財務局,東京財務事務所,一般会計,普通財産,国有財産法 第２２条第１項第１号,足立区立諏訪木北公園（街区）,東京都足立区西伊興１−５３−５９,足立区,48152098,302,48152098,0,0,0,0,0,0,市街化区域,第一種低層住居専用地域,40,80
財務省,関東財務局,東京財務事務所,一般会計,普通財産,国有財産法 第２２条第１項第１号,舎人公園（総合）,東京都足立区西伊興町４２−４１,東京都,45746609,435,45746609,0,0,0,0,0,0,市街化区域,第一種低層住居専用地域,30,60
財務省,関東財務局,東京財務事務所,一般会計,普通財産,国有財産法 第２２条第１項第１号,西新井消防団第七分団防災資機材格納庫敷地,東京都足立区入谷２−１−２,東京消防庁,632979,16,632979,0,0,0,0,0,0,市街化区域,第二種住居地域,60,300
財務省,関東財務局,東京財務事務所,一般会計,普通財産,国有財産法 第２２条第１項第１号,足立消防団第２分団防災資機材格納庫,東京都足立区中川３−１１２−１,東京消防庁,1296701,34,1296701,0,0,0,0,0,0,市街化区域,第一種住居地域,60,300
財務省,関東財務局,東京財務事務所,一般会計,普通財産,国有財産法 第２２条第１項第１号,水元公園（広域）,東京都葛飾区東金町８−４８２０−９,東京都,9307270,860,9307270,0,0,0,0,0,0,市街化区域,第一種低層住居専用地域,30,60
財務省,関東財務局,東京財務事務所,一般会計,普通財産,道路整備特別措置法 第５１条第８項,首都高速道路６号線道路敷地,東京都葛飾区堀切２−２５−６０,首都高速道路株式会社,86153,6,86153,0,0,0,0,0,0,市街化区域,準工業地域,60,200
財務省,関東財務局,東京財務事務所,一般会計,普通財産,道路整備特別措置法 第５１条第８項,首都高速道路６号線道路敷地,東京都葛飾区堀切４−１１１−１,首都高速道路株式会社,1680164,77,1680164,0,0,0,0,0,0,市街化区域,準工業地域,60,200
財務省,関東財務局,東京財務事務所,一般会計,普通財産,道路整備特別措置法 第５１条第８項,首都高速道路６号線道路敷地,東京都葛飾区堀切４−３０３−４０,首都高速道路株式会社,9155,1,9155,0,0,0,0,0,0,市街化区域,準工業地域,60,200
財務省,関東財務局,東京財務事務所,一般会計,普通財産,国有財産法 第２２条第１項第１号,区立立石児童遊園（街区）,東京都葛飾区立石８−１７１,葛飾区,95744836,462,95744836,0,0,0,0,0,0,市街化区域,準工業地域,60,200
財務省,関東財務局,東京財務事務所,一般会計,普通財産,警察法 附則第１２項,葛飾警察署立石交番敷地,東京都葛飾区立石１−６３０−２,警視庁,60677,13,60677,0,0,0,0,0,0,市街化区域,近隣商業地域,80,300
財務省,関東財務局,東京財務事務所,一般会計,普通財産,国有財産法 第２２条第１項第１号,葛飾区立白鳥東公園（街区）,東京都葛飾区白鳥４−２０６３−２,葛飾区,109425909,521,109425909,0,0,0,0,0,0,市街化区域,工業地域,60,200
財務省,関東財務局,東京財務事務所,一般会計,普通財産,国有財産特別措置法 第２条第１項,水道施設（金町浄水場）,東京都葛飾区金町浄水場４１１-２ 外,東京都,1273878044,9737,1273878044,0,0,0,0,0,0,市街化区域,準工業地域,60,200
財務省,関東財務局,東京財務事務所,一般会計,普通財産,国有財産法 第２２条第１項第１号,葛飾区立上千葉公園（条例）,東京都葛飾区東堀切３−３８６−１２ 外,葛飾区,908726,25,908726,0,0,0,0,0,0,市街化区域,第二種中高層住居専用地域,60,200
財務省,関東財務局,東京財務事務所,一般会計,普通財産,国有財産法 第２２条第１項第１号,都市公園（街区）,東京都葛飾区東新小岩７−１１４３−２ 外,葛飾区,49731286,239,49731286,0,0,0,0,0,0,市街化区域,準工業地域,60,200
財務省,関東財務局,東京財務事務所,一般会計,普通財産,国有財産法 第２２条第１項第１号,細田公園（街区）,東京都葛飾区細田４−２３−３,葛飾区,58698979,359,58698979,0,0,0,0,0,0,市街化区域,第一種低層住居専用地域,50,150
財務省,関東財務局,東京財務事務所,一般会計,普通財産,国有財産法 第２２条第１項第１号,小菅万葉公園（条例）,東京都葛飾区小管１−１９−４,葛飾区,35751186,350,35751186,0,0,0,0,0,0,市街化区域,第二種住居地域,60,200
財務省,関東財務局,東京財務事務所,一般会計,普通財産,国有財産法 第２２条第１項第１号,四つ木４丁目公園（条例）,東京都葛飾区四つ木４−３７６−１,葛飾区,131412672,865,131412672,0,0,0,0,0,0,市街化区域,準工業地域,60,200
財務省,関東財務局,東京財務事務所,一般会計,普通財産,国有財産法 第２２条第１項第１号,堀切駅前交番敷地,東京都葛飾区堀切４−３８０−１６先,警視庁,18251560,41,18251560,0,0,0,0,0,0,市街化区域,商業地域,80,400
財務省,関東財務局,東京財務事務所,一般会計,普通財産,警察法 附則第１２項,宇喜田駐在所敷地,東京都江戸川区宇喜田町１００４−６先,警視庁,22959573,97,22959573,0,0,0,0,0,0,市街化区域,準工業地域,60,300
財務省,関東財務局,東京財務事務所,一般会計,普通財産,国有財産法 第２２条第１項第１号,区立江戸川１丁目第２児童遊園敷地（条例）,東京都江戸川区江戸川１−５−７のうち,江戸川区,29418737,176,29418737,0,0,0,0,0,0,市街化区域,第一種中高層住居専用地域,60,200
財務省,関東財務局,東京財務事務所,一般会計,普通財産,国有財産法 第２２条第１項第１号,区立船堀西児童遊園敷地（条例）,東京都江戸川区船堀１−２２−２,江戸川区,840265,36,840265,0,0,0,0,0,0,市街化区域,第一種住居地域,60,200
財務省,関東財務局,東京財務事務所,一般会計,普通財産,国家公務員共済組合法 第３６条,福祉施設敷地〔日本郵政共済組合員宿舎（南小岩５丁目社宅外）敷地〕,東京都江戸川区南小岩５−１３０６先,国家公務員共済組合連合会,5700326,235,5700326,0,0,0,0,0,0,市街化区域,第一種住居地域,60,200
財務省,関東財務局,東京財務事務所,一般会計,普通財産,空港整備法 第１５条,大島空港敷地,東京都大島町元町字北の山２７０−１先,東京都,3854,10093,3854,0,0,0,0,0,0,非線引,都市計画用途地域指定なし,70,200
財務省,関東財務局,東京財務事務所,一般会計,普通財産,国有財産法 第２２条第１項第１号,大島自然公園（自然）,東京都大島町元町字上山６２２−１０,東京都,5788,2095,5788,0,0,0,0,0,0,非線引,都市計画用途地域指定なし,-,-
財務省,関東財務局,東京財務事務所,一般会計,普通財産,空港法 第２６条,三宅島空港用地,東京都三宅島三宅村大字坪田,東京都,723134,5646,723134,0,0,0,0,0,0,非線引,都市計画用途地域指定なし,70,200
財務省,関東財務局,東京財務事務所,一般会計,普通財産,国有財産法 第２２条第１項第１号,都立八丈植物公園,東京都八丈島八丈町大賀郷,東京都,228203053,24282,228203053,0,0,0,0,0,0,非線引,都市計画用途地域指定なし,70,200
財務省,関東財務局,東京財務事務所,一般会計,普通財産,空港整備法 第１５条,八丈島空港敷地,東京都八丈島八丈町大賀郷２９２８−２、三根７０１３,東京都,102711794,336088,102711794,0,0,0,0,0,0,非線引,都市計画用途地域指定なし,70,200
財務省,関東財務局,東京財務事務所,一般会計,普通財産,国有財産特別措置法 第２条第１項,水道施設敷地（護神山配水池等敷地）,東京都八丈島八丈町大賀郷２４９５番のうち,八丈町,12286,793,12286,0,0,0,0,0,0,非線引,都市計画用途地域指定なし,70,200
財務省,関東財務局,東京財務事務所,一般会計,普通財産,国有財産法 第２２条第１項第１号,都市公園敷地（町立護神山公園敷地）,東京都八丈島八丈町大賀郷２４９５番のうち,八丈町,192654,12438,192654,0,0,0,0,0,0,非線引,都市計画用途地域指定なし,70,200
財務省,関東財務局,東京財務事務所,一般会計,普通財産,国有財産法 第２２条第１項第１号,町営墓地敷地,東京都八丈島八丈町大賀郷２１４１番２　外６１筆,八丈町,543012,29808,543012,0,0,0,0,0,0,非線引,都市計画用途地域指定なし,70,200
財務省,関東財務局,東京財務事務所,一般会計,普通財産,国有財産法 第２２条第１項第１号,児童公園敷地（神港児童遊園地）,東京都八丈島八丈町三根４１９８−７,八丈町,21953,1447,21953,0,0,0,0,0,0,非線引,都市計画用途地域指定なし,70,200
財務省,関東財務局,東京財務事務所,一般会計,普通財産,国有財産特別措置法 第２条第１項,水道施設敷地（三根簡易水道三根第１配水池敷地）,東京都八丈島八丈町三根１０８８番２,八丈町,2526,136,2526,0,0,0,0,0,0,非線引,都市計画用途地域指定なし,70,200
財務省,関東財務局,東京財務事務所,一般会計,普通財産,国有財産法 第２２条第１項第１号,防火水槽敷地,東京都八丈島八丈町三根１５０９番３のうち,八丈町,759,41,759,0,0,0,0,0,0,非線引,都市計画用途地域指定なし,70,200
財務省,関東財務局,東京財務事務所,一般会計,普通財産,国有財産法 第２２条第１項第１号,防火水槽,東京都八丈島八丈町樫立２０６５−２,八丈町,2369,40,2369,0,0,0,0,0,0,非線引,都市計画用途地域指定なし,70,200
財務省,関東財務局,東京財務事務所,一般会計,普通財産,国有財産法 第２２条第１項第１号,防火水槽敷地,東京都小笠原村父島字西町２４番２のうち,小笠原村,685785,88,685785,0,0,0,0,0,0,非線引,都市計画用途地域指定なし,70,200
財務省,関東財務局,東京財務事務所,一般会計,普通財産,国有財産法 第２２条第１項第１号,ため池（防火水槽）,東京都小笠原村父島字西町外,小笠原村,1506437,193,1506437,0,0,0,0,0,0,非線引,都市計画用途地域指定なし,70,200
財務省,関東財務局,東京財務事務所,一般会計,普通財産,国有財産法 第２２条第１項第１号,大神山公園敷地（風致）,東京都小笠原村父島,東京都,1223686750,38085,1223686750,0,0,0,0,0,0,非線引,都市計画用途地域指定なし,70,200
財務省,関東財務局,東京財務事務所,一般会計,普通財産,国有財産特別措置法 第２条第１項,水道施設敷地（清瀬配水池ほか敷地）,東京都小笠原村父島字清瀬９０番　外１筆,小笠原村,17040857,674,17040857,0,0,0,0,0,0,非線引,都市計画用途地域指定なし,70,200
財務省,関東財務局,東京財務事務所,一般会計,普通財産,国有財産特別措置法 第２条第２項第７号,義務教育等諸学校施設（小笠原小中学校）,東京都小笠原村父島字宮之浜道３５番外先,小笠原村,643299946,19959,643299945,47.25,47.25,1,0,0,0,非線引,都市計画用途地域指定なし,70,200
財務省,関東財務局,東京財務事務所,一般会計,普通財産,国有財産法 第２２条第１項第１号,都市公園敷地（清瀬公園及び元橋公園敷地）,東京都小笠原村父島字清瀬８１番外,小笠原村,11919238,603,11919238,0,0,0,0,0,0,非線引,都市計画用途地域指定なし,70,200
財務省,関東財務局,東京財務事務所,一般会計,普通財産,国有財産法 第２２条第１項第１号,し尿処理施設敷地,東京都小笠原村父島字大根山,小笠原村,65419813,1751,65419813,0,0,0,0,0,0,非線引,都市計画用途地域指定なし,70,200
財務省,関東財務局,東京財務事務所,一般会計,普通財産,国有財産法 第２２条第１項第１号,大根山墓地、都市公園敷地,東京都小笠原村父島字大根山３１番,小笠原村,170467911,9247,170467911,0,0,0,0,0,0,非線引,都市計画用途地域指定なし,70,200
財務省,関東財務局,東京財務事務所,一般会計,普通財産,国有財産特別措置法 第２条第１項,水道施設（境浦ダム等）,東京都小笠原村父島字境浦８４番３　外９筆,小笠原村,39242555,3274,39242554,0,0,0,0,1,0,非線引,都市計画用途地域指定なし,70,200
財務省,関東財務局,東京財務事務所,一般会計,普通財産,国有財産法 第２２条第１項第１号,三日月山公園（自然）,東京都小笠原村父島字三日月山外,東京都,35162591,2308,35162591,0,0,0,0,0,0,非線引,都市計画用途地域指定なし,70,200
財務省,関東財務局,東京財務事務所,一般会計,普通財産,国有財産特別措置法 第２条第２項第２号,保育所（父島保育園）敷地,東京都小笠原村父島字奥村１４番２３のうち,小笠原村,14988542,780,14988542,0,0,0,0,0,0,非線引,都市計画用途地域指定なし,70,200
財務省,関東財務局,東京財務事務所,一般会計,普通財産,国有財産特別措置法 第２条第１項,臨港施設敷地,東京都小笠原村父島字東町１９番６外,東京都,1612274,543,1612274,0,0,0,0,0,0,非線引,都市計画用途地域指定なし,70,200
財務省,関東財務局,東京財務事務所,一般会計,普通財産,国有財産特別措置法 第２条第２項第７号,義務教育等諸学校施設敷地（母島小中学校敷地）,東京都小笠原村母島字元地２９３番のうち外６筆,小笠原村,23228323,2591,23228323,0,0,0,0,0,0,非線引,都市計画用途地域指定なし,70,200
財務省,関東財務局,東京財務事務所,一般会計,普通財産,国有財産特別措置法 第２条第１項,水道施設敷地（配水池及び母島第一取水井敷地）,東京都小笠原村母島字元地１２８番１０　外３筆,小笠原村,1454335,351,1454335,0,0,0,0,0,0,非線引,都市計画用途地域指定なし,70,200
財務省,関東財務局,東京財務事務所,一般会計,普通財産,国有財産法 第２２条第１項第１号,し尿処理施設敷地,東京都小笠原村父島字清瀬３３番外,小笠原村,2653586,339,2653586,0,0,0,0,0,0,非線引,都市計画用途地域指定なし,70,200
財務省,関東財務局,東京財務事務所,一般会計,普通財産,国有財産法 第２２条第１項第１号,水路用地,東京都小笠原村父島字奥村４５番２,小笠原村,8575788,516,8575788,0,0,0,0,0,0,非線引,都市計画用途地域指定なし,70,200
財務省,関東財務局,東京財務事務所,一般会計,普通財産,国有財産特別措置法 第２条第１項,水道施設,東京都小笠原村母島字元地１７８番２　外１筆,小笠原村,14087765,1611,14087765,0,0,0,0,0,0,非線引,都市計画用途地域指定なし,70,200
財務省,関東財務局,東京財務事務所,一般会計,普通財産,国有財産特別措置法 第２条第１項,臨港施設,東京都小笠原村父島字東町,東京都,13512800,520,13512800,0,0,0,0,0,0,非線引,都市計画用途地域指定なし,70,200
財務省,関東財務局,東京財務事務所,一般会計,普通財産,国有財産特別措置法 第２条第１項,水道施設敷地（時雨ダム等敷地）,東京都小笠原村父島字北袋沢１２番３のうち外,小笠原村,13023110,2856,13023110,0,0,0,0,0,0,非線引,都市計画用途地域指定なし,70,200
財務省,関東財務局,東京財務事務所,一般会計,普通財産,国有財産法 第２２条第１項第１号,自然公園（小笠原国立公園）施設〔南崎線道路（歩道）〕敷地,東京都小笠原村母島字南崎４番外先,東京都,10458886,4007,10458886,0,0,0,0,0,0,非線引,都市計画用途地域指定なし,70,200
財務省,関東財務局,東京財務事務所,一般会計,普通財産,国有財産法 第２２条第１項第１号,公園施設敷地（父島電信山線歩道）,東京都小笠原村父島字釣浜,東京都,36448,94,36448,0,0,0,0,0,0,非線引,都市計画用途地域指定なし,70,200
財務省,関東財務局,東京財務事務所,一般会計,普通財産,国有財産法 第２２条第１項第１号,小笠原国立公園母島山稜線歩道（自然）,東京都小笠原村母島字大谷船木山　外,東京都,3634659,1197,3634659,0,0,0,0,0,0,非線引,都市計画用途地域指定なし,70,200
財務省,関東財務局,東京財務事務所,一般会計,普通財産,国有財産特別措置法 第２条第１項,水道施設（扇浦浄水場）,東京都小笠原村父島字扇浦,小笠原村,1834,153,1834,0,0,0,0,0,0,非線引,都市計画用途地域指定なし,70,200
財務省,関東財務局,東京財務事務所,一般会計,普通財産,国有財産法 第２２条第１項第１号,大神山公園（大村中央地区．風致）,東京都小笠原村父島字東町,東京都,37211873,3390,37211873,0,0,0,0,0,0,非線引,都市計画用途地域指定なし,70,200
財務省,関東財務局,東京財務事務所,一般会計,普通財産,小笠原諸島振興開発特別措置法 第１３条,農道５号線敷地,東京都小笠原村父島字北袋沢４４−１先外,東京都,331882,762,331882,0,0,0,0,0,0,非線引,都市計画用途地域指定なし,70,200
財務省,関東財務局,東京財務事務所,一般会計,普通財産,小笠原諸島振興開発特別措置法 第１３条,農業用水施設敷地〔母島玉川パイプライン（１号線及び２号線）敷地〕,東京都小笠原村母島字評議平１５８番先,東京都,2060,4,2060,0,0,0,0,0,0,非線引,都市計画用途地域指定なし,70,200
財務省,関東財務局,東京財務事務所,一般会計,普通財産,国有財産法 第２２条第１項第１号,自然公園（小笠原国立公園）施設〔西台線道路（歩道）〕敷地,東京都小笠原村母島字衣館１０５番外先,東京都,328373,1851,328373,0,0,0,0,0,0,非線引,都市計画用途地域指定なし,70,200
財務省,関東財務局,東京財務事務所,一般会計,普通財産,小笠原諸島振興開発特別措置法 第１３条,長谷パイプライン（長谷線）外,東京都小笠原村父島字長谷７７先外,東京都,2704,87,2704,0,0,0,0,0,0,非線引,都市計画用途地域指定なし,70,200
財務省,関東財務局,東京財務事務所,一般会計,普通財産,国有財産特別措置法 第２条第１項,臨港施設（船客待合所）,東京都小笠原村父島字東町１６７,東京都,106403151,4095,106403151,0,0,0,0,0,0,非線引,都市計画用途地域指定なし,70,200
財務省,関東財務局,東京財務事務所,一般会計,普通財産,国有財産特別措置法 第２条第１項,水道施設（導水管）,東京都小笠原村父島字境浦３４先外,小笠原村,1833,57,1833,0,0,0,0,0,0,非線引,都市計画用途地域指定なし,70,200
財務省,関東財務局,東京財務事務所,一般会計,普通財産,小笠原諸島振興開発特別措置法 第１３条,農業用水施設敷地［母島玉川パイプライン（中ノ平線）敷地］,東京都小笠原村母島字中ノ平５５番外先外,東京都,532,3,532,0,0,0,0,0,0,非線引,都市計画用途地域指定なし,70,200
財務省,関東財務局,東京財務事務所,一般会計,普通財産,国有財産法 第２２条第１項第１号,大泉橋戸公園,東京都練馬区大泉町２−３４２−８,練馬区,76714870,596,76714870,0,0,0,0,0,0,市街化区域,第一種低層住居専用地域,50,100
財務省,関東財務局,東京財務事務所,一般会計,普通財産,国有財産法 第２２条第１項第１号,大泉町もみじやま公園,東京都練馬区大泉町３−６９４−２,練馬区,189174622,1207,189174622,0,0,0,0,0,0,市街化区域,第一種低層住居専用地域,50,100
財務省,関東財務局,東京財務事務所,一般会計,普通財産,国有財産法 第２２条第１項第１号,龍子公園,東京都大田区南馬込４−１０５３−１１,大田区,136212997,444,136212997,0,0,0,0,0,0,市街化区域,第一種住居地域 外,60,200
財務省,関東財務局,東京財務事務所,一般会計,普通財産,国有財産法 第２２条第１項第１号,ばんじん通り児童遊園,東京都足立区足立３−１４９４−５８,足立区,24212737,116,24212737,0,0,0,0,0,0,市街化区域,近隣商業地域,80,300
財務省,関東財務局,東京財務事務所,一般会計,普通財産,国有財産法 第２２条第１項第１号,区立昆虫公園（街区）,東京都板橋区徳丸３−１３１−１１７,板橋区,25690998,166,25690998,0,0,0,0,0,0,市街化区域,第一種中高層住居専用地域,60,200
財務省,関東財務局,東京財務事務所,一般会計,普通財産,国有財産法 第２２条第１項第１号,西霧ヶ谷公園,東京都品川区西五反田五丁目５２１番,品川区,294135796,565,294135796,0,0,0,0,0,0,市街化区域,準工業地域,60,300
財務省,関東財務局,東京財務事務所,一般会計,普通財産,国有財産法 第２２条第１項第１号,林試の森公園,東京都品川区小山台２−２２−１ほか,東京都,6648420668,58398,6648420668,0,0,0,0,0,0,市街化区域,第一種中高層住居専用地域,60,150
財務省,関東財務局,東京財務事務所,一般会計,普通財産,国有財産法 第２２条第１項第１号,山伏公園,東京都新宿区北山伏町６−１　外１筆,新宿区,215467958,322,215464013,0,0,0,0,3945,0,市街化区域,商業地域,80,500
財務省,関東財務局,東京財務事務所,一般会計,普通財産,国有財産法 第２２条第１項第１号,公園敷地（駒場二丁目公園（地区公園））,東京都目黒区駒場２−７３０−６,目黒区,1071957443,3145,1071728331,0,0,0,169667,59445,0,市街化区域,第一種中高層住居専用地域,60,200
財務省,関東財務局,東京財務事務所,一般会計,普通財産,国有財産法 第２２条第１項第１号,赤羽スポーツの森公園,東京都北区赤羽西５丁目１２８０−１２外,北区,3546346114,12778,3546331886,0,0,0,14228,0,0,市街化区域,第一種中高層住居専用地域,60,150
財務省,関東財務局,東京財務事務所,一般会計,普通財産,国有財産法 第２２条第１項第１号,区立平和公園（近隣）,東京都板橋区常盤台４−９−１　外,板橋区,2004387256,5776,2004387256,0,0,0,0,0,0,市街化区域,第一種中高層住居専用地域,60,200
財務省,関東財務局,東京財務事務所,一般会計,普通財産,国有財産法 第２２条第１項第１号,板橋区立南ときわ台公園（街区）,東京都板橋区南常盤台２−８−１５,板橋区,406960560,1286,406960560,0,0,0,0,0,0,市街化区域,第一種住居地域,60,200
財務省,関東財務局,東京財務事務所,一般会計,普通財産,国有財産法 第２２条第１項第１号,区立西原せせらぎ公園,東京都渋谷区西原１丁目４０番１９,渋谷区,309475672,837,309475672,0,0,0,0,0,0,市街化区域,第二種住居地域,60,200
財務省,関東財務局,東京財務事務所,一般会計,普通財産,国有財産法 第２２条第１項第１号,区立本町一丁目児童遊園地,東京都渋谷区本町１−２６−２,渋谷区,59869464,134,59869464,0,0,0,0,0,0,市街化区域,第一種住居地域,60,300
財務省,関東財務局,東京財務事務所,一般会計,普通財産,国有財産法 第２２条第１項第１号,区立　小日向二丁目児童遊園,東京都文京区小日向２−２０８−８５,文京区,91311421,124,91311421,0,0,0,0,0,0,市街化区域,第一種低層住居専用地域,60,150
財務省,関東財務局,東京財務事務所,一般会計,普通財産,国有財産法 第２２条第１項第１号,区立　教育の森,東京都文京区大塚３−２９−４,文京区,3954998450,10586,3954998450,0,0,0,0,0,0,市街化区域,第一種中高層住居専用地域,60,300
財務省,関東財務局,東京財務事務所,一般会計,普通財産,国有財産法 第２２条第１項第１号,明治天皇記念碑児童遊園,東京都江東区越中島２−２−１２,江東区,92861268,186,92861268,0,0,0,0,0,0,市街化区域,第一種住居地域,60,400
財務省,関東財務局,東京財務事務所,一般会計,普通財産,国有財産法 第２２条第１項第１号,区立駒場野公園,東京都目黒区駒場２−７３０−１５９,目黒区,5376271398,13923,5376244210,0,0,0,27186,2,0,市街化区域,第一種中高層住居専用地域,60,200
財務省,関東財務局,東京財務事務所,一般会計,普通財産,国有財産法 第２２条第１項第１号,都立祖師谷公園敷地,東京都世田谷区上祖師谷４−８８１−１　外５筆,東京都,5614423632,20777,5614423632,0,0,0,0,0,0,市街化区域,第一種低層住居専用地域,40,80
財務省,関東財務局,東京財務事務所,一般会計,普通財産,国有財産法 第２２条第１項第１号,区立下馬中央公園敷地,東京都世田谷区下馬４−３５−２,世田谷区,770367342,2626,770367342,0,0,0,0,0,0,市街化区域,第一種中高層住居専用地域,60,200
財務省,関東財務局,東京財務事務所,一般会計,普通財産,国有財産法 第２２条第１項第１号,区立下馬中央公園敷地,東京都世田谷区下馬４−３５−３,世田谷区,922580395,3079,922580395,0,0,0,0,0,0,市街化区域,第一種中高層住居専用地域,60,200
財務省,関東財務局,東京財務事務所,一般会計,普通財産,国有財産法 第２２条第１項第１号,都市公園敷地（母島字静沢遊歩道敷地）,東京都小笠原村母島字静沢７番３のうち外,小笠原村,45822,293,45822,0,0,0,0,0,0,非線引,都市計画用途地域指定なし,70,200
財務省,関東財務局,東京財務事務所,一般会計,普通財産,国有財産法 第２２条第１項第１号,ばなな公園敷地,東京都練馬区田柄５−５２１８−１７、５２１８−１８、５２１８−１９,練馬区,89860686,367,89860686,0,0,0,0,0,0,市街化区域,第一種低層住居専用地域,50,100
財務省,関東財務局,東京財務事務所,一般会計,普通財産,国有財産法 第２２条第１項第１号,区立船橋一丁目広場敷地,東京都世田谷区船橋１−１９２−３,世田谷区,144027264,420,144013128,0,0,0,9491,4645,0,市街化区域,第一種低層住居専用地域,50,100
財務省,関東財務局,東京財務事務所,一般会計,普通財産,国有財産法 第２２条第１項第１号,白金台どんぐり児童遊園敷地,東京都港区白金台５−２６−１,港区,3240482214,2034,3240152118,0,0,0,32225,297871,0,市街化区域,第一種住居地域,60,400
財務省,関東財務局,東京財務事務所,一般会計,普通財産,国有財産法 第２２条第１項第１号,港南緑水公園,東京都港区港南４−３−２,港区,2666271443,6430,2666271443,0,0,0,0,0,0,市街化区域,第二種住居地域,60,400
財務省,関東財務局,東京財務事務所,一般会計,普通財産,国有財産法 第２２条第１項第１号,区立「成増五丁目公園」敷地,東京都板橋区成増５−３４３−６９ 外,板橋区,74940417,338,74940417,0,0,0,0,0,0,市街化区域,第一種中高層住居専用地域,60,200
財務省,関東財務局,東京財務事務所,一般会計,普通財産,国有財産法 第２２条第１項第１号,防災等通信施設敷地,東京都小笠原村父島字大根山３１先,小笠原村,11954,37,11954,0,0,0,0,0,0,非線引,都市計画用途地域指定なし,70,200
財務省,関東財務局,東京財務事務所,一般会計,普通財産,国有財産法 第２２条第１項第１号,都市公園敷地〔遊歩道（三日月山フィールドツアーコース）等敷地〕,東京都小笠原村父島字西町のうち（字大根山２０番先）,小笠原村,76499,235,76499,0,0,0,0,0,0,非線引,都市計画用途地域指定なし,70,200
財務省,関東財務局,東京財務事務所,一般会計,普通財産,急傾斜地の崩壊による災害の防止に関する法律 第２５条,急傾斜地崩壊防止施設敷地,東京都小笠原村父島字西町２４番３９先,東京都,21748,67,21748,0,0,0,0,0,0,非線引,都市計画用途地域指定なし,70,200
財務省,関東財務局,東京財務事務所,一般会計,普通財産,国有財産法 第２２条第１項第１号,都市公園敷地（区立東山公園拡張部）,東京都目黒区東山２−１０５８−２１　外３筆,目黒区,1960057826,5077,1960005302,0,0,0,52524,0,0,市街化区域,第一種中高層住居専用地域,60,200
財務省,関東財務局,東京財務事務所,一般会計,普通財産,国有財産法 第２２条第１項第１号,本羽田公園,東京都大田区本羽田３−９８０−７　外1筆,大田区,617206559,2507,617206559,0,0,0,0,0,0,市街化区域,準工業地域 外,60,200
財務省,関東財務局,東京財務事務所,一般会計,普通財産,国有財産法 第２２条第１項第１号,大師橋児童公園,東京都大田区本羽田３−９８０−６１　外1筆,大田区,169812546,585,169812546,0,0,0,0,0,0,市街化区域,準工業地域,60,200
財務省,関東財務局,東京財務事務所,一般会計,普通財産,国有財産法 第２２条第１項第１号,富久さくら公園,東京都新宿区富久町５９−２,新宿区,642199521,1517,642199521,0,0,0,0,0,0,市街化区域,第一種中高層住居専用地域,60,300
財務省,関東財務局,東京財務事務所,一般会計,普通財産,国有財産法 第２２条第１項第１号,公園施設敷地（三日月山フィールドツアーコース）,東京都小笠原村父島字西町,小笠原村,164780,328,164780,0,0,0,0,0,0,非線引,都市計画用途地域指定なし,70,200
財務省,関東財務局,東京財務事務所,一般会計,普通財産,国有財産法 第２２条第１項第１号,中野中央公園,東京都中野区中野４ー２−１５８,中野区,1982185187,8500,1982112655,0,0,0,72532,0,0,市街化区域,第一種中高層住居専用地域,60,200
財務省,関東財務局,東京財務事務所,一般会計,普通財産,国有財産法 第２２条第１項第１号,区立高円寺北一みどり公園,東京都杉並区高円寺北１−６３７−１７ 外１筆,杉並区,377612411,1203,377612411,0,0,0,0,0,0,市街化区域,第一種中高層住居専用地域,60,200
財務省,関東財務局,東京財務事務所,一般会計,普通財産,国有財産法 第２２条第１項第１号,区立赤松ぼっくり庭園緑地敷地,東京都世田谷区赤堤２−５−３,世田谷区,241627874,645,241627874,0,0,0,0,0,0,市街化区域,第一種低層住居専用地域,60,150
財務省,関東財務局,東京財務事務所,一般会計,普通財産,国有財産法 第２２条第１項第１号,区立上用賀公園敷地,東京都世田谷区上用賀４−１０−１１８,世田谷区,898186802,3345,897678456,0,0,0,508274,72,0,市街化区域,第一種中高層住居専用地域,60,200
財務省,関東財務局,東京財務事務所,一般会計,普通財産,国有財産法 第２２条第１項第１号,和田さくらの坂公園,東京都杉並区和田１−８１１−５１,杉並区,253718514,686,253581993,0,0,0,136520,1,0,市街化区域,第一種低層住居専用地域,60,150
財務省,関東財務局,東京財務事務所,一般会計,普通財産,国有財産法 第２２条第１項第１号,江古田の森公園,東京都中野区江古田３−１１０１−２９,中野区,359123127,2900,358944936,0,0,0,178191,0,0,市街化区域,第一種中高層住居専用地域,60,200
財務省,関東財務局,東京財務事務所,一般会計,普通財産,国有財産法 第２２条第１項第３号,東日本大震災関連被災者受入施設,東京都八丈島八丈町大賀郷１５５番　外１筆,八丈町,85983868,1221,12691164,285.35,799.37,68676172,0,4616532,0,非線引,都市計画用途地域指定なし,70,200
財務省,関東財務局,東京財務事務所,一般会計,普通財産,国有財産法 第２２条第１項第１号,区立平井７丁目第２児童遊園敷地（条例）,東京都江戸川区平井７−１８０８−２　外１筆,江戸川区,7557509,113,7557509,0,0,0,0,0,0,市街化区域,準工業地域,60,200
財務省,関東財務局,東京財務事務所,一般会計,普通財産,国有財産法 第２２条第１項第１号,防火水槽敷地,東京都世田谷区上用賀４丁目１０番９,東京消防庁,8929876,34,8929876,0,0,0,0,0,0,市街化区域,第一種中高層住居専用地域,60,200
財務省,関東財務局,東京財務事務所,一般会計,普通財産,国有財産法 第２２条第１項第１号,広域避難場所標識敷地,東京都世田谷区上用賀４丁目１０番９,世田谷区,89140,0,89140,0,0,0,0,0,0,市街化区域,第一種中高層住居専用地域,60,200
財務省,関東財務局,東京財務事務所,一般会計,普通財産,国有財産法 第２２条第１項第１号,防火水槽敷地,東京都港区六本木１丁目３８５番のうち,港区,30059596,19,30059596,0,0,0,0,0,0,市街化区域,商業地域,80,500
財務省,関東財務局,東京財務事務所,一般会計,普通財産,国有財産法 第２２条第１項第１号,水利標識敷地,東京都港区六本木１丁目３８５番のうち,東京消防庁,255283,0,255283,0,0,0,0,0,0,市街化区域,商業地域,80,500
財務省,関東財務局,東京財務事務所,一般会計,普通財産,国有財産法 第２２条第１項第１号,道路標識敷地,東京都港区六本木１丁目３８５番のうち,警視庁,287193,0,287193,0,0,0,0,0,0,市街化区域,商業地域,80,500
財務省,関東財務局,東京財務事務所,一般会計,普通財産,国有財産法 第２２条第１項第１号,文化財標示板用地（「新渡戸稲造旧居跡」）,東京都文京区小日向２−１７５のうち,文京区,84389,0,84389,0,0,0,0,0,0,市街化区域,第一種低層住居専用地域,60,150
財務省,関東財務局,東京財務事務所,一般会計,普通財産,国有財産法 第２２条第１項第１号,街路灯敷地,東京都世田谷区代沢１−５０−１のうち,世田谷区,85401,0,85401,0,0,0,0,0,0,市街化区域,第一種低層住居専用地域,50,150
財務省,関東財務局,東京財務事務所,一般会計,普通財産,国有財産法 第２２条第１項第１号,防火水槽及び水利標識敷地,東京都文京区本郷４−３４−１のうち,東京消防庁,14669629,35,14669629,0,0,0,0,0,0,市街化区域,第一種住居地域,60,300
財務省,関東財務局,東京財務事務所,一般会計,普通財産,国有財産法 第２２条第１項第１号,街灯（保安灯）設置敷地,東京都文京区小日向２−１８７のうち,文京区,97919,0,97919,0,0,0,0,0,0,市街化区域,第一種低層住居専用地域,60,150
財務省,関東財務局,東京財務事務所,一般会計,普通財産,国有財産法 第２２条第１項第１号,交通規制道路標識設置敷地,東京都文京区小日向２−１８７のうち,警視庁,27539,0,27539,0,0,0,0,0,0,市街化区域,第一種低層住居専用地域,60,150
財務省,関東財務局,東京財務事務所,一般会計,普通財産,国有財産法 第２２条第１項第１号,防火水槽及び水利標識敷地,東京都中野区江古田４丁目１７３２番１のうち,東京消防庁,11050593,33,11050593,0,0,0,0,0,0,市街化区域,第一種低層住居専用地域,60,150
財務省,関東財務局,東京財務事務所,一般会計,普通財産,国有財産法 第２２条第１項第１号,防火水槽及び水利標識敷地,東京都文京区白山４−１２６−７のうち,東京消防庁,15201678,33,15201678,0,0,0,0,0,0,市街化区域,第一種低層住居専用地域,60,150
財務省,関東財務局,東京財務事務所,一般会計,普通財産,国有財産法 第２２条第１項第１号,防災用貯水槽等の設置敷地,東京都新宿区富久町９２のうち,新宿区,5955843,14,5955843,0,0,0,0,0,0,市街化区域,第一種中高層住居専用地域,60,300
財務省,関東財務局,東京財務事務所,一般会計,普通財産,国有財産法 第２２条第１項第１号,防火水槽及び水利標識敷地,東京都品川区小山台２−２２−１０のうち,東京消防庁,9604918,34,9604918,0,0,0,0,0,0,市街化区域,第一種中高層住居専用地域,60,200
財務省,関東財務局,東京財務事務所立川出張所,一般会計,普通財産,国有財産法 第２２条第１項第１号,市立落合公園（街区）,東京都八王子市高尾町１８３２−１２,八王子市,106022823,1690,106022823,0,0,0,0,0,0,市街化区域,第一種低層住居専用地域,40,80
財務省,関東財務局,東京財務事務所立川出張所,一般会計,普通財産,道路整備特別措置法 第５１条第８項,高速道路敷地,東京都八王子市中野山王２−６５６−１外２筆,中日本高速道路株式会社,81930,1626,81930,0,0,0,0,0,0,市街化区域,第一種住居地域,60,200
財務省,関東財務局,東京財務事務所立川出張所,一般会計,普通財産,道路整備特別措置法 第５１条第８項,高速道路敷地,東京都八王子市中野山王２−６５７,中日本高速道路株式会社,65111,1293,65111,0,0,0,0,0,0,市街化区域,第一種住居地域,60,200
財務省,関東財務局,東京財務事務所立川出張所,一般会計,普通財産,道路整備特別措置法 第５１条第８項,高速道路敷地,東京都八王子市中野山王２−６５８,中日本高速道路株式会社,169898,3369,169898,0,0,0,0,0,0,市街化区域,第一種住居地域,60,200
財務省,関東財務局,東京財務事務所立川出張所,一般会計,普通財産,国有財産法 第２２条第１項第１号,市立甲の原霊園敷地,東京都八王子市中野町２６４７−８　外１筆,八王子市,2341917,16785,2341917,0,0,0,0,0,0,市街化区域,第一種低層住居専用地域,40,80
財務省,関東財務局,東京財務事務所立川出張所,一般会計,普通財産,国有財産法 第２２条第１項第１号,向陽公園,東京都八王子市山田町１５６４−１,八王子市,37756154,503,37756154,0,0,0,0,0,0,市街化区域,第一種低層住居専用地域,40,80
財務省,関東財務局,東京財務事務所立川出張所,一般会計,普通財産,国有財産法 第２２条第１項第１号,八王子市立殿入西公園（街区）,東京都八王子市館町２３５５−１,八王子市,3103,467,3103,0,0,0,0,0,0,市街化区域,第一種低層住居専用地域,40,80
財務省,関東財務局,東京財務事務所立川出張所,一般会計,普通財産,国有財産法 第２２条第１項第１号,市立元一児童遊園（条例公園）,東京都八王子市元八王子町１−３５８−１,八王子市,77435,532,77435,0,0,0,0,0,0,市街化区域,準住居地域,60,200
財務省,関東財務局,東京財務事務所立川出張所,一般会計,普通財産,国有財産法 第２２条第１項第１号,市立長房第２児童遊園（条例公園）,東京都八王子市長房町４４９−１,八王子市,34480567,444,34480567,0,0,0,0,0,0,市街化区域,第一種低層住居専用地域,40,80
財務省,関東財務局,東京財務事務所立川出張所,一般会計,普通財産,国有財産法 第２２条第１項第１号,市立美山中央児童遊園（条例公園）,東京都八王子市美山町１８５１−２　外３筆,八王子市,703719,1361,703719,0,0,0,0,0,0,市街化区域,第一種低層住居専用地域,40,80
財務省,関東財務局,東京財務事務所立川出張所,一般会計,普通財産,国有財産法 第２２条第１項第１号,都立陵南公園（運動公園）,東京都八王子市長房町１５７７先,東京都,535678018,31507,535678018,0,0,0,0,0,0,市街化区域,第一種低層住居専用地域,40,80
財務省,関東財務局,東京財務事務所立川出張所,一般会計,普通財産,国有財産特別措置法 第２条第２項第４号,特別養護老人ホ−ム敷地,東京都八王子市南浅川町２８７３−３　外３筆,社会福祉法人　共助会,8679164,661,8679164,0,0,0,0,0,0,市街化調整区域,都市計画用途地域指定なし,40,80
財務省,関東財務局,東京財務事務所立川出張所,一般会計,普通財産,国有財産法 第２２条第１項第１号,緑町公園（近隣公園）,東京都八王子市緑町１１２−２のうち　外３筆,八王子市,1844409,873,1844409,0,0,0,0,0,0,市街化区域,第一種低層住居専用地域,40,80
財務省,関東財務局,東京財務事務所立川出張所,一般会計,普通財産,国有財産特別措置法 第２条第１項,上水道施設（寺田貯水槽）敷地,東京都八王子市寺田町１３５９−４先,東京都,198708,37,198708,0,0,0,0,0,0,市街化調整区域,第一種中高層住居専用地域,30,100
財務省,関東財務局,東京財務事務所立川出張所,一般会計,普通財産,国有財産法 第２２条第１項第１号,共同墓地敷地,東京都八王子市緑町２３１−１先　外１筆,八王子市,9739020,197,9739020,0,0,0,0,0,0,市街化区域,第一種低層住居専用地域,40,80
財務省,関東財務局,東京財務事務所立川出張所,一般会計,普通財産,国有財産法 第２２条第１項第１号,曙公園及び曙第４公園敷地（街区）,東京都立川市曙町３−２１６−１４２、１４３,立川市,287397272,1405,287397272,0,0,0,0,0,0,市街化区域,第一種低層住居専用地域,50,100
財務省,関東財務局,東京財務事務所立川出張所,一般会計,普通財産,国有財産法 第２２条第１項第１号,曙三南公園外４公園,東京都立川市曙町３−２１６−７９　外４筆,立川市,706347587,3495,706347584,0,0,0,0,3,0,市街化区域,第一種低層住居専用地域,50,100
財務省,関東財務局,東京財務事務所立川出張所,一般会計,普通財産,警察法 附則第１２項,本部対策室、倉庫、訓練室及び警備待機所,東京都国立市北３−３１外,警視庁,1746471136,14287,1746471136,0,0,0,0,0,0,市街化区域,第一種中高層住居専用地域,60,200
財務省,関東財務局,東京財務事務所立川出張所,一般会計,普通財産,国有財産法 第２２条第１項第１号,緑道,東京都国立市北３−１１−３６,国立市,129829083,757,129829083,0,0,0,0,0,0,市街化区域,第二種低層住居専用地域,40,80
財務省,関東財務局,東京財務事務所立川出張所,一般会計,普通財産,国有財産法 第２２条第１項第１号,公園敷地（北３丁目第１公園）（街区）,東京都国立市北３−１１−２９,国立市,121591585,649,121591585,0,0,0,0,0,0,市街化区域,第一種中高層住居専用地域,50,150
財務省,関東財務局,東京財務事務所立川出張所,一般会計,普通財産,国有財産特別措置法 第２条第１項,水道施設（ポンプ所）敷地,東京都立川市栄町６−２６−１のうち,東京都,2070751,83,2070751,0,0,0,0,0,0,市街化区域,第一種低層住居専用地域,40,80
財務省,関東財務局,東京財務事務所立川出張所,一般会計,普通財産,国有財産法 第２２条第１項第１号,江ノ島南公園（街区）,東京都立川市栄町６−２６−１のうち,立川市,119274809,708,119274809,0,0,0,0,0,0,市街化区域,第一種低層住居専用地域,40,80
財務省,関東財務局,東京財務事務所立川出張所,一般会計,普通財産,国有財産法 第２２条第１項第１号,錦二北公園（条例）,東京都立川市錦町２−６３−４,立川市,21648039,80,21648039,0,0,0,0,0,0,市街化区域,商業地域,80,400
財務省,関東財務局,東京財務事務所立川出張所,一般会計,普通財産,国有財産法 第２２条第１項第１号,都市計画富士見第２公園（街区）,東京都立川市富士見町４−５９−１,立川市,431096062,4109,431096062,0,0,0,0,0,0,市街化区域,第一種低層住居専用地域,40,80
財務省,関東財務局,東京財務事務所立川出張所,一般会計,普通財産,国有財産特別措置法 第２条第１項,昭島市北部配水場敷地,東京都昭島市中神町字東武蔵野１３１４−３外のうち,昭島市,351540215,7859,351540215,0,0,0,0,0,0,市街化調整区域,-,-,-
財務省,関東財務局,東京財務事務所立川出張所,一般会計,普通財産,国有財産法 第２２条第１項第１号,錦中央公園（街区）,東京都立川市錦町３−１１−３,立川市,673263838,2903,673263838,0,0,0,0,0,0,市街化区域,第二種住居地域,60,200
財務省,関東財務局,東京財務事務所立川出張所,一般会計,普通財産,国家公務員共済組合法 第３６条,病院敷地,東京都立川市錦町４−１−１　外３筆,国家公務員共済組合連合会,5200701938,28341,5200701938,0,0,0,0,0,0,市街化区域,第二種住居地域,60,200
財務省,関東財務局,東京財務事務所立川出張所,一般会計,普通財産,国有財産法 第２２条第１項第１号,立川公園（総合）,東京都立川市柴崎町６−８０−２　外２筆,立川市,10612034,318,10612034,0,0,0,0,0,0,市街化区域,第一種低層住居専用地域,40,80
財務省,関東財務局,東京財務事務所立川出張所,一般会計,普通財産,国有財産法 第２２条第１項第１号,川越道緑地（都市）,東京都立川市幸町５−１１０−２　外1筆,立川市,45879676,270,45879676,0,0,0,0,0,0,市街化区域,第一種低層住居専用地域,40,80
財務省,関東財務局,東京財務事務所立川出張所,一般会計,普通財産,警察法 附則第１２項,武蔵野警察署東町駐在所敷地,東京都武蔵野市吉祥寺東町２−４３０−１３,警視庁,66256613,172,66256613,0,0,0,0,0,0,市街化区域,第二種中高層住居専用地域,60,200
財務省,関東財務局,東京財務事務所立川出張所,一般会計,普通財産,警察法 附則第１２項,警備待機所敷地,東京都武蔵野市御殿山１−２７４５−５,警視庁,137854678,317,137854678,0,0,0,0,0,0,市街化区域,第一種住居地域,80,300
財務省,関東財務局,東京財務事務所立川出張所,一般会計,普通財産,国有財産特別措置法 第２条第１項,水道施設（浄水場敷地）,東京都武蔵野市関前１−１２８２−１　外１筆,東京都,140854,809,140854,0,0,0,0,0,0,市街化区域,第二種中高層住居専用地域,60,200
財務省,関東財務局,東京財務事務所立川出張所,一般会計,普通財産,国有財産法 第２２条第１項第１号,むさしの市民公園敷地（街区）,東京都武蔵野市緑町２−７３１−７,武蔵野市,1056788559,4217,1056788559,0,0,0,0,0,0,市街化区域,第二種住居地域,60,200
財務省,関東財務局,東京財務事務所立川出張所,一般会計,普通財産,国有財産法 第２２条第１項第１号,武蔵野中央公園敷地,東京都武蔵野市八幡町２−１５−３４、３５,東京都,2082946583,16237,2082946583,0,0,0,0,0,0,市街化区域,第一種中高層住居専用地域,60,200
財務省,関東財務局,東京財務事務所立川出張所,一般会計,普通財産,都市公園法 附則第９項,井の頭公園・（風致）,東京都三鷹市井の頭４−４４０,東京都,316680831,2301,316680831,0,0,0,0,0,0,市街化区域,第一種低層住居専用地域,30,50
財務省,関東財務局,東京財務事務所立川出張所,一般会計,普通財産,国有財産法 第２２条第１項第１号,緑地・ポケットパ−ク（都市）,東京都三鷹市井の頭１−５−２６外,東京都,188811,25,188811,0,0,0,0,0,0,市街化区域,第一種低層住居専用地域,30,60
財務省,関東財務局,東京財務事務所立川出張所,一般会計,普通財産,道路整備特別措置法 第５１条第８項,高速道路敷地,東京都三鷹市新川４−１６１−９,中日本高速道路株式会社,656784,31,656784,0,0,0,0,0,0,市街化区域,第一種低層住居専用地域,30,60
財務省,関東財務局,東京財務事務所立川出張所,一般会計,普通財産,国有財産法 第２２条第１項第１号,防火貯水槽敷地,東京都三鷹市中原２−５９４−６８,三鷹市,840019,47,840019,0,0,0,0,0,0,市街化区域,第一種低層住居専用地域,30,60
財務省,関東財務局,東京財務事務所立川出張所,一般会計,普通財産,国有財産法 第２２条第１項第１号,仙川公園（近隣）,東京都三鷹市新川６−８２４−６,三鷹市,535275831,3536,535275831,0,0,0,0,0,0,市街化区域,第二種中高層住居専用地域,60,200
財務省,関東財務局,東京財務事務所立川出張所,一般会計,普通財産,道路整備特別措置法 第５１条第８項,高速道路敷地,東京都三鷹市新川４−１１６−１先外,中日本高速道路株式会社,3355312,44,3355312,0,0,0,0,0,0,市街化区域,第一種低層住居専用地域,30,60
財務省,関東財務局,東京財務事務所立川出張所,一般会計,普通財産,国有財産特別措置法 第２条第１項,水道施設敷地（三鷹西配水道）,東京都三鷹市上連雀９−２０９−８,東京都,3937941,24,3937941,0,0,0,0,0,0,市街化区域,第二種中高層住居専用地域,60,200
財務省,関東財務局,東京財務事務所立川出張所,一般会計,普通財産,国有財産法 第２２条第１項第１号,都市計画公園敷地（新川丸池公園）（近隣）,東京都三鷹市新川３丁目３４０−１,三鷹市,206882901,1099,206882901,0,0,0,0,0,0,市街化区域,第一種低層住居専用地域,30,60
財務省,関東財務局,東京財務事務所立川出張所,一般会計,普通財産,国有財産法 第２２条第１項第１号,深大寺つばめ児童遊園（街区公園）,東京都三鷹市深大寺１−４００９−１７,三鷹市,26447555,119,26447555,0,0,0,0,0,0,市街化区域,第一種低層住居専用地域,40,80
財務省,関東財務局,東京財務事務所立川出張所,一般会計,普通財産,国有財産法 第２２条第１項第１号,朝日町第２公園（街区）,東京都府中市朝日町２−１６−１,府中市,64964067,378,64964067,0,0,0,0,0,0,市街化区域,第一種中高層住居専用地域,60,200
財務省,関東財務局,東京財務事務所立川出張所,一般会計,普通財産,国有財産法 第２２条第１項第１号,平和の森公園（近隣）,東京都府中市浅間町1-8-1　外1筆,府中市,433533057,6667,433532452,0,0,0,605,0,0,市街化区域,第一種低層住居専用地域,30,50
財務省,関東財務局,東京財務事務所立川出張所,一般会計,普通財産,国有財産法 第２２条第１項第１号,府中の森公園敷地,東京都府中市浅間町１丁目,東京都,6386427644,111646,6386427644,0,0,0,0,0,0,市街化区域,第二種住居地域,60,200
財務省,関東財務局,東京財務事務所立川出張所,一般会計,普通財産,国有財産法 第２２条第１項第１号,斎場敷地,東京都府中市浅間町１−３−５,府中市,692091976,12001,692091976,0,0,0,0,0,0,市街化区域,第二種住居地域,60,200
財務省,関東財務局,東京財務事務所立川出張所,一般会計,普通財産,国有財産法 第２２条第１項第１号,天神町幼児公園（街区）,東京都府中市天神町１−７−４６のうち,府中市,52308818,314,52308818,0,0,0,0,0,0,市街化区域,第一種低層住居専用地域,40,80
財務省,関東財務局,東京財務事務所立川出張所,一般会計,普通財産,道路整備特別措置法 第５１条第８項,高速道路敷地,東京都府中市矢崎町２−１７−１６,中日本高速道路株式会社,40607,323,40607,0,0,0,0,0,0,市街化区域,第一種低層住居専用地域,50,100
財務省,関東財務局,東京財務事務所立川出張所,一般会計,普通財産,国有財産法 第２２条第１項第１号,小柳町第３公園（街区）,東京都府中市小柳町４−３４−５,府中市,192265133,1041,192265133,0,0,0,0,0,0,市街化区域,第一種低層住居専用地域,40,80
財務省,関東財務局,東京財務事務所立川出張所,一般会計,普通財産,国有財産法 第２２条第１項第１号,新町第３公園（街区）,東京都府中市新町１−１８−８,府中市,416584406,1910,416584406,0,0,0,0,0,0,市街化区域,第一種低層住居専用地域,40,80
財務省,関東財務局,東京財務事務所立川出張所,一般会計,普通財産,国有財産法 第２２条第１項第１号,浅間山公園（風致）,東京都府中市若松町５−３−３０　外３筆,東京都,162214582,2727,162214582,0,0,0,0,0,0,市街化区域,第一種低層住居専用地域,30,50
財務省,関東財務局,東京財務事務所立川出張所,一般会計,普通財産,国有財産特別措置法 第２条第１項,府中南町浄水所敷地,東京都府中市南町１−４２−２　外１筆,東京都,12287977,199,12287977,0,0,0,0,0,0,市街化区域,第一種中高層住居専用地域,60,200
財務省,関東財務局,東京財務事務所立川出張所,一般会計,普通財産,国有財産法 第２２条第１項第１号,府中市郷土の森（総合）,東京都府中市南町６−４９−１１,府中市,86604,469,86604,0,0,0,0,0,0,市街化区域,第一種中高層住居専用地域,40,100
財務省,関東財務局,東京財務事務所立川出張所,一般会計,普通財産,国有財産法 第２２条第１項第１号,四谷自然樹林（都市）,東京都府中市四谷４−２５−３,府中市,64691058,454,64691058,0,0,0,0,0,0,市街化区域,第一種低層住居専用地域,40,80
財務省,関東財務局,東京財務事務所立川出張所,一般会計,普通財産,国有財産法 第２２条第１項第１号,新町児童公園（街区）,東京都府中市新町２−４４−１,府中市,73409089,333,73409089,0,0,0,0,0,0,市街化区域,準住居地域,60,200
財務省,関東財務局,東京財務事務所立川出張所,一般会計,普通財産,国有財産法 第２２条第１項第１号,新生公園敷地（街区）,東京都昭島市中神町字東新畑１２５７−２４,昭島市,288561115,3305,288561115,0,0,0,0,0,0,市街化区域,第一種中高層住居専用地域,60,200
財務省,関東財務局,東京財務事務所立川出張所,一般会計,普通財産,警察法 附則第１２項,昭島警察署中神駐在所敷地,東京都昭島市中神町字東新畑１２３７−９,警視庁,3090439,315,3090439,0,0,0,0,0,0,市街化区域,第一種中高層住居専用地域,60,200
財務省,関東財務局,東京財務事務所立川出張所,一般会計,普通財産,国有財産法 第２２条第１項第１号,都市計画富士見公園（街区）,東京都昭島市中神町字東新畑１２３７−８,昭島市,17443128,1625,17443128,0,0,0,0,0,0,市街化区域,第一種中高層住居専用地域,60,200
財務省,関東財務局,東京財務事務所立川出張所,一般会計,普通財産,国有財産特別措置法 第２条第２項第２号,社会福祉事業施設敷地,東京都昭島市築地町字仲平２４９−２外のうち,社会福祉法人　恩賜財団　東京都同胞援護会,1072127497,25103,1072127492,0,0,0,0,5,0,市街化区域,第一種中高層住居専用地域,60,200
財務省,関東財務局,東京財務事務所立川出張所,一般会計,普通財産,国有財産法 第２２条第１項第１号,富士見児童遊園敷地,東京都昭島市福島町字砂川道上１００８−３のうち,昭島市,25172942,176,25172942,0,0,0,0,0,0,市街化区域,商業地域,80,200
財務省,関東財務局,東京財務事務所立川出張所,一般会計,普通財産,国有財産法 第２２条第１項第１号,昭和公園（運動）,東京都昭島市東町（昭和公園外）,昭島市,2979530747,120562,2979530747,0,0,0,0,0,0,市街化区域,第二種住居地域,60,200
財務省,関東財務局,東京財務事務所立川出張所,一般会計,普通財産,国有財産法 第２２条第１項第１号,昭島市立東町児童遊園,東京都昭島市東町４−２００−７８,昭島市,17618585,257,17618585,0,0,0,0,0,0,市街化区域,近隣商業地域,80,300
財務省,関東財務局,東京財務事務所立川出張所,一般会計,普通財産,国有財産法 第２２条第１項第１号,東町北部児童遊園敷地,東京都昭島市東町４−１４０−４９,昭島市,174780401,988,174780401,0,0,0,0,0,0,市街化区域,第一種低層住居専用地域,40,80
財務省,関東財務局,東京財務事務所立川出張所,一般会計,普通財産,国有財産特別措置法 第２条第１項,水道施設,東京都昭島市拝島町５−１３５６−２,東京都,8404,158,8404,0,0,0,0,0,0,市街化区域,第一種低層住居専用地域,40,80
財務省,関東財務局,東京財務事務所立川出張所,一般会計,普通財産,国有財産法 第２２条第１項第１号,防火貯水槽敷地,東京都昭島市拝島町４−２０２６のうち,昭島市,2719,11,2719,0,0,0,0,0,0,市街化区域,第一種低層住居専用地域,40,80
財務省,関東財務局,東京財務事務所立川出張所,一般会計,普通財産,国有財産法 第２２条第１項第１号,くじら運動公園施設敷地（運動）,東京都昭島市宮沢町３−２６０−１０　外１筆,昭島市,236134983,3828,236134983,0,0,0,0,0,0,市街化区域,準工業地域,60,200
財務省,関東財務局,東京財務事務所立川出張所,一般会計,普通財産,道路整備特別措置法 第５１条第８項,高速道路,東京都調布市富士見町１−４１−９外,中日本高速道路株式会社,1544979,659,1544979,0,0,0,0,0,0,市街化区域,第一種低層住居専用地域,40,80
財務省,関東財務局,東京財務事務所立川出張所,一般会計,普通財産,国有財産法 第２２条第１項第１号,上ノ原公園,東京都調布市柴崎２−６−６　外,調布市,175714524,7445,175688401,0,0,0,26123,0,0,市街化区域,第一種中高層住居専用地域,60,200
財務省,関東財務局,東京財務事務所立川出張所,一般会計,普通財産,国有財産法 第２２条第１項第１号,あかしや児童遊園（街区）,東京都調布市富士見町４−３６−５,調布市,46293633,221,46293633,0,0,0,0,0,0,市街化区域,第一種低層住居専用地域,40,80
財務省,関東財務局,東京財務事務所立川出張所,一般会計,普通財産,国有財産法 第２２条第１項第１号,防火用貯水槽敷地,東京都調布市富士見町４−３５−４,調布市,5290194,201,5290193,0,0,0,0,1,0,市街化区域,第一種低層住居専用地域,40,80
財務省,関東財務局,東京財務事務所立川出張所,一般会計,普通財産,国有財産法 第２２条第１項第１号,萩原児童遊園（街区）,東京都調布市飛田給１−５５−３、９,調布市,80610092,429,80610092,0,0,0,0,0,0,市街化区域,準工業地域,60,200
財務省,関東財務局,東京財務事務所立川出張所,一般会計,普通財産,国有財産法 第２２条第１項第１号,調布市西町公園,東京都調布市西町７１７−２のうち外,調布市,193683446,6791,193683446,0,0,0,0,0,0,市街化区域,第二種中高層住居専用地域,60,200
財務省,関東財務局,東京財務事務所立川出張所,一般会計,普通財産,国有財産法 第２２条第１項第１号,武蔵野の森公園用地,東京都調布市西町７１４−９,東京都,700256094,24614,700256094,0,0,0,0,0,0,市街化区域,第一種低層住居専用地域,30,50
財務省,関東財務局,東京財務事務所立川出張所,一般会計,普通財産,国有財産特別措置法 第２条第１項,調布西町給水所,東京都調布市西町７１７−２のうち　外３筆,東京都,53528196,1877,53528196,0,0,0,0,0,0,市街化区域,第二種中高層住居専用地域,60,200
財務省,関東財務局,東京財務事務所立川出張所,一般会計,普通財産,国有財産特別措置法 第２条第１項,水道施設敷地,東京都調布市仙川町３−６−３４,東京都,29214,86,29214,0,0,0,0,0,0,市街化区域,第一種低層住居専用地域,40,80
財務省,関東財務局,東京財務事務所立川出張所,一般会計,普通財産,国有財産法 第２２条第１項第１号,防火貯水槽敷地,東京都調布市仙川町３−６−３６,調布市,2275,7,2275,0,0,0,0,0,0,市街化区域,第一種低層住居専用地域,40,80
財務省,関東財務局,東京財務事務所立川出張所,一般会計,普通財産,国有財産法 第２２条第１項第１号,調布警察署下石原交番敷地,東京都調布市小島町１−４０−２０,警視庁,311100,34,311100,0,0,0,0,0,0,市街化区域,準住居地域,60,200
財務省,関東財務局,東京財務事務所立川出張所,一般会計,普通財産,国有財産法 第２２条第１項第１号,神代植物公園敷地（植物）,東京都調布市深大寺元町５−３１−７５外,東京都,71556634,1279,71556634,0,0,0,0,0,0,市街化区域,第一種低層住居専用地域,30,60
財務省,関東財務局,東京財務事務所立川出張所,一般会計,普通財産,国有財産法 第２２条第１項第１号,布多公園,東京都調布市調布ヶ丘３−２７−７　外４筆,調布市,52909,259,52909,0,0,0,0,0,0,市街化区域,第一種中高層住居専用地域,60,200
財務省,関東財務局,東京財務事務所立川出張所,一般会計,普通財産,道路整備特別措置法 第５１条第８項,高速道路,東京都調布市深大寺南町５−４２−３　外２筆,中日本高速道路株式会社,11944,163,11944,0,0,0,0,0,0,市街化区域,第一種低層住居専用地域,30,60
財務省,関東財務局,東京財務事務所立川出張所,一般会計,普通財産,道路整備特別措置法 第５１条第８項,高速道路,東京都調布市上石原１−４２−３,中日本高速道路株式会社,456141,45,456141,0,0,0,0,0,0,市街化区域,第一種低層住居専用地域,30,60
財務省,関東財務局,東京財務事務所立川出張所,一般会計,普通財産,道路整備特別措置法 第５１条第８項,高速道路,東京都調布市飛田給２−４７−３２,中日本高速道路株式会社,6220,12,6220,0,0,0,0,0,0,市街化区域,第一種低層住居専用地域,30,60
財務省,関東財務局,東京財務事務所立川出張所,一般会計,普通財産,国有財産特別措置法 第２条第２項第３号,多機能型事業（生活介護、就労継続支援Ｂ型）施設敷地,東京都調布市小島町１−２２−７　外１筆,社会福祉法人　新の会,138920696,393,138920696,0,0,0,0,0,0,市街化区域,近隣商業地域,80,200
財務省,関東財務局,東京財務事務所立川出張所,一般会計,普通財産,国有財産法 第２２条第１項第１号,森野第１児童遊園,東京都町田市森野２−１０２４−４,町田市,44343040,280,44343040,0,0,0,0,0,0,市街化区域,第二種中高層住居専用地域,60,200
財務省,関東財務局,東京財務事務所立川出張所,一般会計,普通財産,国有財産法 第２２条第１項第１号,南多摩斎場敷地,東京都町田市上小山田町字１６号２１４２−２　外６筆,南多摩斎場組合,21694523,2022,21694523,0,0,0,0,0,0,市街化区域,準住居地域,60,200
財務省,関東財務局,東京財務事務所立川出張所,一般会計,普通財産,国有財産法 第２２条第１項第１号,防火貯水槽敷地,東京都町田市鶴間字十三号１３４３番２のうち,町田市,2073520,22,2073520,0,0,0,0,0,0,市街化区域,準工業地域,60,200
財務省,関東財務局,東京財務事務所立川出張所,一般会計,普通財産,国有財産特別措置法 第２条第１項,小野路給水所敷地,東京都町田市小野路町字黒川境２６４５−５　外４筆,東京都,9549934,487,9549934,0,0,0,0,0,0,市街化調整区域,-,-,-
財務省,関東財務局,東京財務事務所立川出張所,一般会計,普通財産,国有財産法 第２２条第１項第１号,西山児童公園（街区）,東京都町田市南成瀬４−１９−６,町田市,90028826,571,90028826,0,0,0,0,0,0,市街化区域,準工業地域,60,200
財務省,関東財務局,東京財務事務所立川出張所,一般会計,普通財産,国有財産法 第２２条第１項第１号,東方公園（街区）,東京都町田市南成瀬７−２０−２,町田市,52450111,381,52450111,0,0,0,0,0,0,市街化区域,第二種中高層住居専用地域,50,100
財務省,関東財務局,東京財務事務所立川出張所,一般会計,普通財産,こどもの国協会の解散及び事業の承継に関する法律 第２条第１項,こどもの国の事業用途,東京都町田市三輪町字１５号１２４６−３外,社会福祉法人　こどもの国協会,5623357874,314470,5616920916,0,0,0,6436958,0,0,市街化調整区域,-,-,-
財務省,関東財務局,東京財務事務所立川出張所,一般会計,普通財産,国有財産法 第２２条第１項第１号,谷戸池公園敷地,東京都町田市小山田桜台１−１９−７,町田市,222528728,4825,222528728,0,0,0,0,0,0,市街化区域,第一種中高層住居専用地域,50,150
財務省,関東財務局,東京財務事務所立川出張所,一般会計,普通財産,国有財産法 第２２条第１項第１号,鶴間三角公園,東京都町田市鶴間字１４号１５０３−２１,町田市,22261444,260,22261444,0,0,0,0,0,0,市街化区域,準工業地域,60,200
財務省,関東財務局,東京財務事務所立川出張所,一般会計,普通財産,国有財産法 第２２条第１項第１号,山崎特別緑地保全地区,東京都町田市山崎町字１１号１６５９−２,町田市,69994659,1558,69994659,0,0,0,0,0,0,市街化区域,第一種低層住居専用地域,40,80
財務省,関東財務局,東京財務事務所立川出張所,一般会計,普通財産,国有財産法 第２２条第１項第１号,堂之坂公苑敷地（街区）,東京都町田市南成瀬５−８−１,町田市,271485167,1763,271485167,0,0,0,0,0,0,市街化区域,第一種低層住居専用地域,50,100
財務省,関東財務局,東京財務事務所立川出張所,一般会計,普通財産,国有財産法 第２２条第１項第１号,つくし野殿山特別緑地保全地区,東京都町田市つくし野１−１７−１１１,町田市,219924931,1935,219924931,0,0,0,0,0,0,市街化区域,第一種低層住居専用地域,40,80
財務省,関東財務局,東京財務事務所立川出張所,一般会計,普通財産,国有財産特別措置法 第２条第２項第３号,知的障害者更生施設及び授産施設敷地,東京都町田市金森字４号５６３−６,社会福祉法人　紫苑の会,163894494,1165,163894494,0,0,0,0,0,0,市街化区域,第一種低層住居専用地域,40,80
財務省,関東財務局,東京財務事務所立川出張所,一般会計,普通財産,国有財産特別措置法 第２条第２項第３号,知的障害者施設（生活介護、就労移行支援）敷地,東京都町田市成瀬字１３号２３４６番１,社会福祉法人　地の星,56109160,393,56109160,0,0,0,0,0,0,市街化区域,準住居地域,60,200
財務省,関東財務局,東京財務事務所立川出張所,一般会計,普通財産,国有財産特別措置法 第２条第２項第２号,保育園敷地,東京都町田市三輪町字２号８２−６のうち,社会福祉法人　三輪愛光会,63840009,615,63840009,0,0,0,0,0,0,市街化区域,第一種低層住居専用地域,40,80
財務省,関東財務局,東京財務事務所立川出張所,一般会計,普通財産,国有財産法 第２２条第１項第１号,金森山市民の森（風致）,東京都町田市金森字２号２５５−１　外１筆,町田市,104818156,981,104818156,0,0,0,0,0,0,市街化区域,第一種低層住居専用地域,40,80
財務省,関東財務局,東京財務事務所立川出張所,一般会計,普通財産,国有財産特別措置法 第２条第２項第３号,知的障害者授産・更生施設,東京都町田市大蔵町字大蔵３６２−２　外２筆,社会福祉法人　ボワ・すみれ福祉会,161258769,1851,161258769,0,0,0,0,0,0,市街化区域,第一種低層住居専用地域,40,80
財務省,関東財務局,東京財務事務所立川出張所,一般会計,普通財産,国有財産法 第２２条第１項第１号,緑地保全の森「薬師池北緑地」,東京都町田市野津田町字峯３４８８−４　外４筆,町田市,124090467,2218,124090467,0,0,0,0,0,0,市街化区域,第一種低層住居専用地域,40,80
財務省,関東財務局,東京財務事務所立川出張所,一般会計,普通財産,国有財産法 第２２条第１項第１号,金森峯山特別緑地保全地区,東京都町田市金森４丁目１６６４−３外１筆,町田市,142571294,1772,142571294,0,0,0,0,0,0,市街化区域,第一種低層住居専用地域,40,80
財務省,関東財務局,東京財務事務所立川出張所,一般会計,普通財産,国有財産法 第２２条第１項第１号,西田峯山公園（都市公園）,東京都町田市金森４丁目１６６０−３外３筆,町田市,87103239,843,87103239,0,0,0,0,0,0,市街化区域,第一種低層住居専用地域,40,80
財務省,関東財務局,東京財務事務所立川出張所,一般会計,普通財産,国有財産法 第２２条第１項第１号,本町田恩田川ふるさとの森,東京都町田市本町田字７号９６４−３,町田市,10599842,101,10599842,0,0,0,0,0,0,市街化区域,第一種低層住居専用地域,40,80
財務省,関東財務局,東京財務事務所立川出張所,一般会計,普通財産,国有財産法 第２２条第１項第１号,西田金山特別緑地保全地区,東京都町田市金森６丁目１３８５−１外１筆,町田市,107018656,1029,107018656,0,0,0,0,0,0,市街化区域,第一種低層住居専用地域,40,80
財務省,関東財務局,東京財務事務所立川出張所,一般会計,普通財産,国有財産法 第２２条第１項第１号,図師馬駈ふるさとの森,東京都町田市図師町字４号９３２−１,町田市,117613253,1643,117613253,0,0,0,0,0,0,市街化区域,第一種低層住居専用地域,40,80
財務省,関東財務局,東京財務事務所立川出張所,一般会計,普通財産,国有財産法 第２２条第１項第１号,都市計画公園「薬師池西公園」,東京都町田市山崎町字７号１１８１−２　外１筆,町田市,60218315,1111,60218315,0,0,0,0,0,0,市街化区域,第一種低層住居専用地域,40,80
財務省,関東財務局,東京財務事務所立川出張所,一般会計,普通財産,国有財産法 第２２条第１項第１号,木曽富士見公園（街区）,東京都町田市木曽東３丁目１０１３−２　外２筆,町田市,96472887,1218,96472887,0,0,0,0,0,0,市街化区域,第一種低層住居専用地域,40,80
財務省,関東財務局,東京財務事務所立川出張所,一般会計,普通財産,国有財産法 第２２条第１項第１号,緑地保全の森「図師南緑地」,東京都町田市図師町字八号１５２６−４,町田市,103874486,1696,103874486,0,0,0,0,0,0,市街化区域,第一種低層住居専用地域,40,80
財務省,関東財務局,東京財務事務所立川出張所,一般会計,普通財産,国有財産特別措置法 第２条第２項第１号,社会福祉施設敷地,東京都小平市上水南町４−５９２−８７,社会福祉法人　まりも会,162374540,829,162374540,0,0,0,0,0,0,市街化区域,第一種低層住居専用地域,30,60
財務省,関東財務局,東京財務事務所立川出張所,一般会計,普通財産,国有財産特別措置法 第２条第１項,水道事業施設及び同敷地,東京都小金井市貫井北町４−３８６−７,東京都,170968597,777,170968597,0,0,0,0,0,0,市街化区域,第一種中高層住居専用地域,60,200
財務省,関東財務局,東京財務事務所立川出張所,一般会計,普通財産,国有財産法 第２２条第１項第１号,上水公園（近隣）,東京都小金井市桜町２丁目２８２３番１のうち,小金井市,666130815,16664,666130815,0,0,0,0,0,0,市街化区域,第一種低層住居専用地域,50,80
財務省,関東財務局,東京財務事務所立川出張所,一般会計,普通財産,国有財産特別措置法 第２条第１項,水道施設敷地（小金井第１７水源）,東京都小金井市桜町２−２８２３−１のうち,東京都,957658,24,957658,0,0,0,0,0,0,市街化区域,第一種中高層住居専用地域,50,150
財務省,関東財務局,東京財務事務所立川出張所,一般会計,普通財産,国有財産法 第２２条第１項第１号,都立小金井公園敷地（広域）,東京都小金井市関野町２−４０５,東京都,323947,1111,323947,0,0,0,0,0,0,市街化区域,第一種低層住居専用地域,30,60
財務省,関東財務局,東京財務事務所立川出張所,一般会計,普通財産,国有財産特別措置法 第２条第１項,水道施設（貫井北第２水源）,東京都小金井市貫井北町３−８８１−６のうち外,東京都,8044995,53,8044995,0,0,0,0,0,0,市街化区域,第二種中高層住居専用地域,60,200
財務省,関東財務局,東京財務事務所立川出張所,一般会計,普通財産,国有財産法 第２２条第１項第１号,前原町３丁目公園,東京都小金井市前原町３−１５３２−２　外１筆,小金井市,48106750,235,48106750,0,0,0,0,0,0,市街化区域,第一種低層住居専用地域,50,80
財務省,関東財務局,東京財務事務所立川出張所,一般会計,普通財産,国有財産法 第２２条第１項第１号,防火用貯水槽,東京都小平市小川東町１−２１５５−８３,小平市,306659,141,306659,0,0,0,0,0,0,市街化区域,第一種中高層住居専用地域,60,200
財務省,関東財務局,東京財務事務所立川出張所,一般会計,普通財産,国家公務員共済組合法 第３６条,宿舎敷地,東京都東村山市,国家公務員共済組合連合会,626433093,6085,626433093,0,0,0,0,0,0,市街化区域,第一種中高層住居専用地域,60,200
財務省,関東財務局,東京財務事務所立川出張所,一般会計,普通財産,国有財産法 第２２条第１項第１号,萩山公園敷地,東京都小平市小川東町４−２６２０−２,小平市,141264548,12763,141264548,0,0,0,0,0,0,市街化区域,第一種中高層住居専用地域,60,200
財務省,関東財務局,東京財務事務所立川出張所,一般会計,普通財産,国有財産法 第２２条第１項第１号,恵泉通り西、東公園敷地（街区）,東京都小平市鈴木町１−１０１−３、−６,小平市,336873511,1850,336873511,0,0,0,0,0,0,市街化区域,第一種中高層住居専用地域,60,200
財務省,関東財務局,東京財務事務所立川出張所,一般会計,普通財産,国有財産法 第２２条第１項第１号,けやき公園（近隣）,東京都小平市上水本町６−１５００−２,国分寺市,279527475,10701,279527475,0,0,0,0,0,0,市街化区域,第一種中高層住居専用地域,60,200
財務省,関東財務局,東京財務事務所立川出張所,一般会計,普通財産,国有財産法 第２２条第１項第１号,姫森公園,東京都日野市新町１−３４−６,日野市,12870266,156,12870266,0,0,0,0,0,0,市街化区域,第一種低層住居専用地域,50,150
財務省,関東財務局,東京財務事務所立川出張所,一般会計,普通財産,国有財産法 第２２条第１項第１号,防火貯水槽敷地,東京都日野市南平８−１９−６のうち,日野市,1477243,24,1477243,0,0,0,0,0,0,市街化区域,第一種低層住居専用地域,40,80
財務省,関東財務局,東京財務事務所立川出張所,一般会計,普通財産,国有財産法 第２２条第１項第１号,ごみ処理施設敷地,東京都日野市石田１−３８６−２先　外４筆,日野市,3910801,5777,3910801,0,0,0,0,0,0,市街化区域,準工業地域,60,200
財務省,関東財務局,東京財務事務所立川出張所,一般会計,普通財産,国有財産法 第２２条第１項第１号,市民の森スポ−ツ公園（地区）,東京都日野市日野本町７−１２−３９　外１筆,日野市,111513601,19688,111513601,0,0,0,0,0,0,市街化区域,第一種低層住居専用地域,40,80
財務省,関東財務局,東京財務事務所立川出張所,一般会計,普通財産,国有財産法 第２２条第１項第１号,日野都市計画緑地　日野緑地,東京都日野市大字日野５９５８−２,日野市,33169415,352,33169415,0,0,0,0,0,0,市街化区域,第一種低層住居専用地域,40,80
財務省,関東財務局,東京財務事務所立川出張所,一般会計,普通財産,国有財産特別措置法 第２条第２項第１号,救護施設敷地,東京都東村山市富士見町二丁目７番１１,社会福祉法人　村山苑,371313453,2673,371313453,0,0,0,0,0,0,市街化区域,第一種中高層住居専用地域,60,200
財務省,関東財務局,東京財務事務所立川出張所,一般会計,普通財産,国有財産特別措置法 第２条第２項第４号,社会福祉事業施設敷地（特別養護老人ホ−ム等）,東京都東村山市富士見町２−１−２外,社会福祉法人　東京蒼生会,521595806,5557,521595806,0,0,0,0,0,0,市街化区域,第一種中高層住居専用地域,60,200
財務省,関東財務局,東京財務事務所立川出張所,一般会計,普通財産,国有財産法 第２２条第１項第１号,南台公園（街区）,東京都東村山市富士見町１−２−４９,東村山市,85124111,7642,85124111,0,0,0,0,0,0,市街化区域,第一種中高層住居専用地域,60,200
財務省,関東財務局,東京財務事務所立川出張所,一般会計,普通財産,国有財産特別措置法 第２条第２項第３号,知的障害者更生施設敷地,東京都東村山市富士見町２−７−１３,社会福祉法人　恩賜財団　東京都同胞援護会,617412918,7031,617412918,0,0,0,0,0,0,市街化区域,第一種中高層住居専用地域,60,200
財務省,関東財務局,東京財務事務所立川出張所,一般会計,普通財産,国有財産法 第２２条第１項第１号,児童遊園敷地,東京都東村山市富士見町１−４−２０外,東村山市,61690317,418,61690317,0,0,0,0,0,0,市街化区域,第一種中高層住居専用地域,60,200
財務省,関東財務局,東京財務事務所立川出張所,一般会計,普通財産,国有財産特別措置法 第２条第２項第４号,社会福祉事業施設敷地,東京都東村山市富士見町２−７−１０のうち,社会福祉法人　村山苑,652816420,8292,652816420,0,0,0,0,0,0,市街化区域,第一種中高層住居専用地域,60,200
財務省,関東財務局,東京財務事務所立川出張所,一般会計,普通財産,国有財産特別措置法 第２条第２項第２号,保育所敷地,東京都東村山市富士見町２−７−１０のうち,社会福祉法人　村山苑,152285266,1120,152285266,0,0,0,0,0,0,市街化区域,第一種中高層住居専用地域,60,200
財務省,関東財務局,東京財務事務所立川出張所,一般会計,普通財産,国有財産特別措置法 第２条第２項第１号,救護施設・身体障害者授産施設,東京都東村山市富士見町２−７−１０のうち,社会福祉法人　村山苑,443481386,5425,443481386,0,0,0,0,0,0,市街化区域,第一種中高層住居専用地域,60,200
財務省,関東財務局,東京財務事務所立川出張所,一般会計,普通財産,国有財産特別措置法 第２条第２項第２号,保育所敷地,東京都東村山市富士見町２−２−２,社会福祉法人　村山苑,336073292,3580,336073292,0,0,0,0,0,0,市街化区域,第一種低層住居専用地域,40,80
財務省,関東財務局,東京財務事務所立川出張所,一般会計,普通財産,国有財産特別措置法 第２条第１項,浄水場施設敷地,東京都東村山市美住町２−２０−７９、−８０,東京都,124585735,975,124585735,0,0,0,0,0,0,市街化区域,第二種住居地域,60,200
財務省,関東財務局,東京財務事務所立川出張所,一般会計,普通財産,国有財産法 第２２条第１項第１号,防火貯水槽敷地,東京都東村山市富士見町５−７−５７,東村山市,41307,57,41307,0,0,0,0,0,0,市街化区域,第一種低層住居専用地域,40,80
財務省,関東財務局,東京財務事務所立川出張所,一般会計,普通財産,国有財産法 第２２条第１項第１号,青葉第３児童遊園敷地,東京都東村山市青葉町４−１−２３,東村山市,57844705,490,57844705,0,0,0,0,0,0,市街化区域,第一種中高層住居専用地域,30,100
財務省,関東財務局,東京財務事務所立川出張所,一般会計,普通財産,国有財産特別措置法 第２条第１項,水道施設（ポンプ所）敷地,東京都東村山市富士見町５−４−４７,東京都,398166668,2791,398166668,0,0,0,0,0,0,市街化区域,第一種中高層住居専用地域,60,200
財務省,関東財務局,東京財務事務所立川出張所,一般会計,普通財産,国有財産法 第２２条第１項第１号,都市公園敷地（東村山中央公園）（総合）,東京都東村山市富士見町５−４−１外,東京都,807813146,60532,807813146,0,0,0,0,0,0,市街化区域,第一種中高層住居専用地域,60,200
財務省,関東財務局,東京財務事務所立川出張所,一般会計,普通財産,国有財産法 第２２条第１項第１号,立東遊園敷地（街区）,東京都国立市北３−２３−１３,国立市,75730099,397,75730099,0,0,0,0,0,0,市街化区域,第一種中高層住居専用地域,50,150
財務省,関東財務局,東京財務事務所立川出張所,一般会計,普通財産,国有財産法 第２２条第１項第１号,防火用貯水槽敷地,東京都国立市北３−２３−１０のうち,国立市,5168877,202,5168877,0,0,0,0,0,0,市街化区域,第一種中高層住居専用地域,50,150
財務省,関東財務局,東京財務事務所立川出張所,一般会計,普通財産,国有財産法 第２２条第１項第１号,北ちびっこ遊園（街区）,東京都国立市北３−１８−１、−２、−３のうち,国立市,74783575,397,74783575,0,0,0,0,0,0,市街化区域,第一種中高層住居専用地域,50,150
財務省,関東財務局,東京財務事務所立川出張所,一般会計,普通財産,国有財産法 第２２条第１項第１号,東児童公園（街区）,東京都国立市東３−３−２５外,国立市,349659855,1550,349659855,0,0,0,0,0,0,市街化区域,第一種低層住居専用地域,50,100
財務省,関東財務局,東京財務事務所立川出張所,一般会計,普通財産,国有財産特別措置法 第２条第１項,国立市第２浄水場敷地,東京都国立市谷保出井崎１４７０−２、１４９４−２のうち,東京都,16771069,300,16771069,0,0,0,0,0,0,市街化区域,第一種低層住居専用地域,30,60
財務省,関東財務局,東京財務事務所立川出張所,一般会計,普通財産,国有財産特別措置法 第２条第１項,羽村原水補給ポンプ所敷地,東京都福生市福生字河原３２３２−８,東京都,8249423,1607,8249423,0,0,0,0,0,0,市街化区域,第一種住居地域,60,200
財務省,関東財務局,東京財務事務所立川出張所,一般会計,普通財産,国有財産特別措置法 第２条第２項第２号,保育所敷地,東京都福生市志茂４７−３　外１筆,社会福祉法人　志芳福祉会,106006005,827,106006005,0,0,0,0,0,0,市街化区域,第一種中高層住居専用地域,60,200
財務省,関東財務局,東京財務事務所立川出張所,一般会計,普通財産,国有財産特別措置法 第２条第２項第２号,保育所敷地,東京都福生市大字熊川字東３７３−１　外２筆,社会福祉法人　志芳福祉会,125116174,1323,125116174,0,0,0,0,0,0,市街化区域,第一種低層住居専用地域,40,80
財務省,関東財務局,東京財務事務所立川出張所,一般会計,普通財産,国有財産特別措置法 第２条第１項,和泉本町浄水所,東京都狛江市和泉本町４−２１６−２,東京都,133394,283,133394,0,0,0,0,0,0,市街化区域,準工業地域,60,200
財務省,関東財務局,東京財務事務所立川出張所,一般会計,普通財産,国有財産法 第２２条第１項第１号,西河原公園（近隣）,東京都狛江市元和泉２−３１９７先,狛江市,115225424,1524,115225424,0,0,0,0,0,0,市街化区域,第一種低層住居専用地域,40,80
財務省,関東財務局,東京財務事務所立川出張所,一般会計,普通財産,国有財産法 第２２条第１項第１号,小足立のびのび公園,東京都狛江市西野川４−９７５−１５,狛江市,121367856,628,121367856,0,0,0,0,0,0,市街化区域,第一種低層住居専用地域,40,80
財務省,関東財務局,東京財務事務所立川出張所,一般会計,普通財産,国有財産法 第２２条第１項第１号,協和こども広場,東京都東大和市南街２−８６−１　外１筆,東大和市,40676584,256,40676584,0,0,0,0,0,0,市街化区域,第一種中高層住居専用地域,60,150
財務省,関東財務局,東京財務事務所立川出張所,一般会計,普通財産,国有財産法 第２２条第１項第１号,協和公園,東京都東大和市南街５−３３−１,東大和市,32429067,199,32429067,0,0,0,0,0,0,市街化区域,第一種低層住居専用地域,50,100
財務省,関東財務局,東京財務事務所立川出張所,一般会計,普通財産,国有財産法 第２２条第１項第１号,防火貯水槽敷地,東京都東大和市南街６−２−３０　外４筆,東大和市,1279889,301,1279889,0,0,0,0,0,0,市街化区域,第二種中高層住居専用地域,60,200
財務省,関東財務局,東京財務事務所立川出張所,一般会計,普通財産,国有財産法 第２２条第１項第１号,栄こども広場,東京都東大和市南街６−６５−２,東大和市,87493145,531,87493145,0,0,0,0,0,0,市街化区域,第一種低層住居専用地域,50,100
財務省,関東財務局,東京財務事務所立川出張所,一般会計,普通財産,国有財産法 第２２条第１項第１号,立川都市計画栄公園（街区）,東京都東大和市南街５−５８−６　外３筆,東大和市,188184951,1088,188184951,0,0,0,0,0,0,市街化区域,第一種中高層住居専用地域,60,150
財務省,関東財務局,東京財務事務所立川出張所,一般会計,普通財産,国有財産法 第２２条第１項第１号,（都市計画）末広第２公園（街区）,東京都東大和市南街６−３,東大和市,228320108,1477,228320108,0,0,0,0,0,0,市街化区域,第一種低層住居専用地域,50,100
財務省,関東財務局,東京財務事務所立川出張所,一般会計,普通財産,国有財産法 第２２条第１項第１号,末広公園（街区）,東京都東大和市南街６−５７−１　外１筆,東大和市,118835223,683,118835223,0,0,0,0,0,0,市街化区域,第一種低層住居専用地域,50,100
財務省,関東財務局,東京財務事務所立川出張所,一般会計,普通財産,国有財産特別措置法 第２条第１項,水道施設（村山貯水池）,東京都東大和市多摩湖６−２５４２　外４７筆,東京都,12443113,55607,12443113,0,0,0,0,0,0,市街化調整区域,第一種低層住居専用地域,30,50
財務省,関東財務局,東京財務事務所立川出張所,一般会計,普通財産,国有財産法 第２２条第１項第１号,防火水槽敷地,東京都東大和市清水１−７５６−３,東大和市,2532534,71,2532534,0,0,0,0,0,0,市街化区域,近隣商業地域,80,200
財務省,関東財務局,東京財務事務所立川出張所,一般会計,普通財産,国有財産特別措置法 第２条第１項,水道ポンプ所敷地,東京都東大和市桜が丘三丁目４４番５,東京都,565411909,5000,565411909,0,0,0,0,0,0,市街化区域,第一種住居地域,60,200
財務省,関東財務局,東京財務事務所立川出張所,一般会計,普通財産,国有財産法 第２２条第１項第１号,東大和南公園敷地,東京都東大和市桜が丘３−４４−１２のうち,東京都,1987547040,25309,1987547040,0,0,0,0,0,0,市街化区域,第一種住居地域,60,200
財務省,関東財務局,東京財務事務所立川出張所,一般会計,普通財産,国有財産法 第２２条第１項第１号,防火貯水槽敷地,東京都清瀬市下清戸５−８６５−１,清瀬市,689,51,689,0,0,0,0,0,0,市街化区域,第二種中高層住居専用地域,60,200
財務省,関東財務局,東京財務事務所立川出張所,一般会計,普通財産,国有財産特別措置法 第２条第２項第３号,障害者支援施設（喜望園）,東京都清瀬市竹丘３−６９１−８,東京都,406890900,5169,406890900,0,0,0,0,0,0,市街化区域,第一種中高層住居専用地域,60,200
財務省,関東財務局,東京財務事務所立川出張所,一般会計,普通財産,国有財産法 第２２条第１項第１号,清瀬市立竹丘公園（街区）,東京都清瀬市竹丘３−６９１−６,清瀬市,594147262,7211,594020206,0,0,0,127056,0,0,市街化区域,第一種中高層住居専用地域,60,200
財務省,関東財務局,東京財務事務所立川出張所,一般会計,普通財産,国有財産法 第２２条第１項第１号,下宿運動公園（運動）,東京都清瀬市下宿２−５１９−５　外４筆,清瀬市,41148165,1221,41148165,0,0,0,0,0,0,市街化区域,第一種低層住居専用地域,40,80
財務省,関東財務局,東京財務事務所立川出張所,一般会計,普通財産,国有財産法 第２２条第１項第１号,東村山都市計画緑地（中里１丁目緑地）,東京都清瀬市中里１−１７４８−１,清瀬市,134884242,1263,134884242,0,0,0,0,0,0,市街化区域,第一種低層住居専用地域,50,100
財務省,関東財務局,東京財務事務所立川出張所,一般会計,普通財産,国有財産法 第２２条第１項第１号,神山公園（近隣）,東京都清瀬市中清戸３−２３５−６,清瀬市,283450204,2496,283450204,0,0,0,0,0,0,市街化区域,第二種住居地域,60,200
財務省,関東財務局,東京財務事務所立川出張所,一般会計,普通財産,国有財産法 第２２条第１項第１号,前沢南公園敷地（街区）,東京都東久留米市前沢５−１４３４−２７,東久留米市,177738683,1349,177738683,0,0,0,0,0,0,市街化区域,第一種低層住居専用地域,40,80
財務省,関東財務局,東京財務事務所立川出張所,一般会計,普通財産,国有財産法 第２２条第１項第１号,八幡南公園（街区）,東京都東久留米市八幡町３−８０７−５,東久留米市,12907468,106,12907468,0,0,0,0,0,0,市街化区域,第一種低層住居専用地域,60,150
財務省,関東財務局,東京財務事務所立川出張所,一般会計,普通財産,国有財産法 第２２条第１項第１号,雷塚公園敷地（近隣）,東京都武蔵村山市学園４−４−１のうち,武蔵村山市,74615030,21488,74615030,0,0,0,0,0,0,市街化区域,第一種中高層住居専用地域,60,200
財務省,関東財務局,東京財務事務所立川出張所,一般会計,普通財産,国有財産法 第２２条第１項第１号,防火貯水槽敷地,東京都武蔵村山市岸２丁目４−１,武蔵村山市,1561272,29,1561272,0,0,0,0,0,0,市街化区域,第一種低層住居専用地域,40,60
財務省,関東財務局,東京財務事務所立川出張所,一般会計,普通財産,国有財産法 第２２条第１項第１号,後ヶ谷戸運動広場,東京都武蔵村山市三ッ木３−４２−１,武蔵村山市,27821111,425,27821111,0,0,0,0,0,0,市街化区域,第一種低層住居専用地域,40,80
財務省,関東財務局,東京財務事務所立川出張所,一般会計,普通財産,国有財産法 第２２条第１項第１号,防火水槽敷地,東京都多摩市関戸２−１７−４,多摩市,2018,123,2018,0,0,0,0,0,0,市街化区域,第一種低層住居専用地域,40,80
財務省,関東財務局,東京財務事務所立川出張所,一般会計,普通財産,国有財産法 第２２条第１項第１号,市立大河原公園敷地（街区）,東京都多摩市関戸２−１９−２,多摩市,20510654,159,20510654,0,0,0,0,0,0,市街化区域,第一種低層住居専用地域,40,80
財務省,関東財務局,東京財務事務所立川出張所,一般会計,普通財産,国有財産特別措置法 第２条第２項第２号,指定障害者支援施設（生活介護・施設入所支援）及び知的障害児施設,東京都多摩市大字和田１７１７−１,社会福祉法人　啓光福祉会,144663336,1564,144663336,0,0,0,0,0,0,市街化区域,第一種中高層住居専用地域,60,200
財務省,関東財務局,東京財務事務所立川出張所,一般会計,普通財産,国有財産法 第２２条第１項第１号,防火水槽敷地,東京都多摩市乞田１１０１−３,多摩市,5333719,46,5333719,0,0,0,0,0,0,市街化区域,準住居地域,60,200
財務省,関東財務局,東京財務事務所立川出張所,一般会計,普通財産,国有財産法 第２２条第１項第１号,稲城市立大丸公園（総合）,東京都稲城市大字大丸字９号１０９７外,稲城市,162274755,11019,162274755,0,0,0,0,0,0,市街化区域,第一種低層住居専用地域,40,80
財務省,関東財務局,東京財務事務所立川出張所,一般会計,普通財産,国有財産法 第２２条第１項第１号,多摩市立東部児童公園（街区）,東京都多摩市連光寺４−１−１,多摩市,84181505,1059,84181505,0,0,0,0,0,0,市街化区域,第一種低層住居専用地域,40,80
財務省,関東財務局,東京財務事務所立川出張所,一般会計,普通財産,国有財産特別措置法 第２条第１項,都営上水道給水施設敷地,東京都稲城市大字大丸字６号７６０−２　外１筆,東京都,4646001,261,4646001,0,0,0,0,0,0,市街化区域,第一種低層住居専用地域,40,80
財務省,関東財務局,東京財務事務所立川出張所,一般会計,普通財産,国有財産法 第２２条第１項第１号,羽村市動物公園（動植物）,東京都羽村市羽字武蔵野４１２２−１　外１筆,羽村市,266033396,35427,265941383,0,0,0,92013,0,0,市街化調整区域,-,40,80
財務省,関東財務局,東京財務事務所立川出張所,一般会計,普通財産,国有財産特別措置法 第２条第１項,小作取水場施設用地,東京都羽村市羽西２−１５９７−３,東京都,14350377,316,14350377,0,0,0,0,0,0,市街化調整区域,都市計画用途地域指定なし,-,-
財務省,関東財務局,東京財務事務所立川出張所,一般会計,普通財産,国有財産特別措置法 第２条第１項,水道施設（受水場）,東京都あきる野市平沢字中川原８６３−３,東京都,486966,23,486966,0,0,0,0,0,0,市街化区域,第一種低層住居専用地域,50,80
財務省,関東財務局,東京財務事務所立川出張所,一般会計,普通財産,国有財産法 第２２条第１項第１号,田無市民公園（近隣）,東京都西東京市向台町５−１０５９−７,西東京市,454414601,8966,454414601,0,0,0,0,0,0,市街化区域,第二種中高層住居専用地域,60,200
財務省,関東財務局,東京財務事務所立川出張所,一般会計,普通財産,国有財産法 第２２条第１項第１号,都市公園（下野谷遺跡公園）敷地,東京都西東京市東伏見６−２７２−６９,西東京市,216113093,1058,216113093,0,0,0,0,0,0,市街化区域,第一種低層住居専用地域,40,80
財務省,関東財務局,東京財務事務所立川出張所,一般会計,普通財産,国有財産特別措置法 第２条第１項,山口貯水池,東京都西多摩郡瑞穂町大字石畑地内　外,東京都,514801,44995,514801,0,0,0,0,0,0,市街化調整区域,第一種低層住居専用地域,30,50
財務省,関東財務局,東京財務事務所立川出張所,一般会計,普通財産,国有財産法 第２２条第１項第１号,玉林寺公園敷地,東京都西多摩郡瑞穂町大字殿ケ谷字山際１０５１−１,瑞穂町,96241386,1400,96241386,0,0,0,0,0,0,市街化区域,第一種低層住居専用地域,40,80
財務省,関東財務局,東京財務事務所立川出張所,一般会計,普通財産,国有財産特別措置法 第２条第１項,小河内貯水池敷地,東京都西多摩郡奥多摩町原字陽ﾉ内５７０　外８筆,東京都,536097,12877,536097,0,0,0,0,0,0,都市計画区域外,-,-,-
財務省,関東財務局,東京財務事務所立川出張所,一般会計,普通財産,国有財産特別措置法 第２条第２項第３号,障害者支援施設,東京都三鷹市大沢１−１３６５−１３,社会福祉法人　にじの会,51031245,268,51031245,0,0,0,0,0,0,市街化区域,第一種低層住居専用地域,40,80
財務省,関東財務局,東京財務事務所立川出張所,一般会計,普通財産,国有財産法 第２２条第１項第１号,成瀬山ふるさとの森,東京都町田市東玉川学園二丁目３３５３番１,町田市,1425668082,6225,1425668082,0,0,0,0,0,0,市街化区域,第一種低層住居専用地域,40,80
財務省,関東財務局,東京財務事務所立川出張所,一般会計,普通財産,国有財産法 第２２条第１項第１号,尾根緑道ふるさとの森,東京都町田市常盤町字二十三号３２２９−１　外２筆,町田市,28702086,472,28702086,0,0,0,0,0,0,市街化区域,第一種低層住居専用地域,40,80
財務省,関東財務局,東京財務事務所立川出張所,一般会計,普通財産,国有財産法 第２２条第１項第１号,広袴神明ふるさとの森,東京都町田市広袴町字五号４５６番１外５筆,町田市,117131716,9162,117131716,0,0,0,0,0,0,市街化区域,第一種低層住居専用地域,40,80
財務省,関東財務局,東京財務事務所立川出張所,一般会計,普通財産,国有財産法 第２２条第１項第１号,薬師池西ふるさとの森,東京都町田市本町田字乙六号３１０８−１１　外２筆,町田市,58503810,1028,58503810,0,0,0,0,0,0,市街化区域,第一種低層住居専用地域,40,80
財務省,関東財務局,東京財務事務所立川出張所,一般会計,普通財産,国有財産法 第２２条第１項第１号,金時山公園（街区）,東京都町田市金森１丁目１７２−１,町田市,66245861,589,66245861,0,0,0,0,0,0,市街化区域,第一種低層住居専用地域,40,80
財務省,関東財務局,東京財務事務所立川出張所,一般会計,普通財産,国有財産法 第２２条第１項第１号,どんぐり林公園,東京都調布市富士見町３−１５−１５　外１筆,調布市,111306487,853,111306487,0,0,0,0,0,0,市街化区域,第一種低層住居専用地域,40,80
財務省,関東財務局,東京財務事務所立川出張所,一般会計,普通財産,国有財産法 第２２条第１項第１号,金井５丁目緑地（都市緑地）,東京都町田市金井５−１２０４−８,町田市,47380911,575,47380911,0,0,0,0,0,0,市街化区域,第一種低層住居専用地域,40,80
財務省,関東財務局,東京財務事務所立川出張所,一般会計,普通財産,国有財産法 第２２条第１項第１号,都市公園「境川児童公園」,東京都町田市木曽東一丁目４１１番２,町田市,17968819,180,17968819,0,0,0,0,0,0,市街化区域,第一種低層住居専用地域,40,80
財務省,関東財務局,東京財務事務所立川出張所,一般会計,普通財産,国有財産法 第２２条第１項第１号,調布市若葉町３丁目第３緑地,東京都調布市若葉町３−２５−８９,調布市,308224549,1502,308224549,0,0,0,0,0,0,市街化区域,第一種低層住居専用地域,40,80
財務省,関東財務局,東京財務事務所立川出張所,一般会計,普通財産,国有財産法 第２２条第１項第１号,しいの木公園,東京都調布市深大寺東町７−２３−１,調布市,131217313,661,131217313,0,0,0,0,0,0,市街化区域,第一種低層住居専用地域,40,80
財務省,関東財務局,東京財務事務所立川出張所,一般会計,普通財産,国有財産法 第２２条第１項第１号,和田緑地保全の森,東京都多摩市大字和田字十五号１３３６番３２　外１筆,多摩市,39585629,372,39585629,0,0,0,0,0,0,市街化区域,第一種低層住居専用地域,30,60
財務省,関東財務局,東京財務事務所立川出張所,一般会計,普通財産,国有財産法 第２２条第１項第１号,都市公園敷地（大正通り北公園）,東京都武蔵野市吉祥寺本町２−１９３８−１３１,武蔵野市,93229690,108,93229690,0,0,0,0,0,0,市街化区域,第一種住居地域,60,200
財務省,関東財務局,東京財務事務所立川出張所,一般会計,普通財産,国有財産法 第２２条第１項第１号,町田えびね苑,東京都町田市本町田字乙６号３１３２−６　外１筆,町田市,55350556,1346,55350556,0,0,0,0,0,0,市街化区域,第一種低層住居専用地域,40,80
財務省,関東財務局,東京財務事務所立川出張所,一般会計,普通財産,国有財産法 第２２条第１項第１号,三ツ目山公園,東京都町田市小山町字三十四号３７５７−２　外１筆,町田市,46325024,613,46325024,0,0,0,0,0,0,市街化区域,第一種低層住居専用地域,40,80
財務省,関東財務局,東京財務事務所立川出張所,一般会計,普通財産,国有財産法 第２２条第１項第１号,鎌倉街道小野路宿ふるさとの森,東京都調布市入間町１−８−１３,調布市,81886037,494,81886037,0,0,0,0,0,0,市街化区域,第一種低層住居専用地域,40,80
財務省,関東財務局,東京財務事務所立川出張所,一般会計,普通財産,国有財産法 第２２条第１項第１号,緑地保全の森「鎌倉街道小野路宿緑地」,東京都町田市小野路町字一本木４１１３−２,町田市,1266550,943,1266550,0,0,0,0,0,0,市街化調整区域,都市計画用途地域指定なし,40,80
財務省,関東財務局,東京財務事務所立川出張所,一般会計,普通財産,国有財産法 第２２条第１項第１号,万蔵院台緑地,東京都日野市百草７０１−１５　外１筆,日野市,66894750,2409,66894750,0,0,0,0,0,0,市街化区域,第一種低層住居専用地域,30,60
財務省,関東財務局,東京財務事務所立川出張所,一般会計,普通財産,国有財産法 第２２条第１項第１号,井の頭野草児童遊園,東京都三鷹市井の頭５−５２３−１,三鷹市,546942383,1584,546942383,0,0,0,0,0,0,市街化区域,第一種低層住居専用地域,40,80
財務省,関東財務局,東京財務事務所立川出張所,一般会計,普通財産,国有財産法 第２２条第１項第１号,文理台公園敷地,東京都西東京市東町１−１７８−２,西東京市,1562296750,8336,1562296750,0,0,0,0,0,0,市街化区域,都市計画用途地域指定なし,-,-
財務省,関東財務局,東京財務事務所立川出張所,一般会計,普通財産,国有財産法 第２２条第１項第１号,小山田桜台３号緑地,東京都町田市上小山田町字三号２４４−１,町田市,11343197,247,11343197,0,0,0,0,0,0,市街化区域,第一種低層住居専用地域,40,80
財務省,関東財務局,東京財務事務所立川出張所,一般会計,普通財産,国有財産法 第２２条第１項第１号,羽村市たんぽぽ児童公園,東京都羽村市緑ヶ丘５−３−２９のうち,羽村市,26278708,204,26278708,0,0,0,0,0,0,市街化区域,第一種低層住居専用地域,50,100
財務省,関東財務局,東京財務事務所立川出張所,一般会計,普通財産,国有財産法 第２２条第１項第１号,防火貯水槽敷地,東京都羽村市緑ヶ丘５−３−２９のうち,羽村市,3479217,27,3479217,0,0,0,0,0,0,市街化区域,第一種低層住居専用地域,50,100
財務省,関東財務局,東京財務事務所立川出張所,一般会計,普通財産,国有財産法 第２２条第１項第１号,石原小前公園,東京都調布市富士見町２−１９−４,調布市,162485773,714,162485773,0,0,0,0,0,0,市街化区域,第一種低層住居専用地域,40,80
財務省,関東財務局,東京財務事務所立川出張所,一般会計,普通財産,国有財産法 第２２条第１項第１号,浅川スポーツ公園,東京都日野市万願寺５−３−７のうち,日野市,755169135,6317,755169135,0,0,0,0,0,0,市街化区域,第一種低層住居専用地域,50,100
財務省,関東財務局,東京財務事務所立川出張所,一般会計,普通財産,国有財産法 第２２条第１項第１号,原町田ふるさとの森,東京都府中市府中町１−３８−７,府中市,80427751,295,80427751,0,0,0,0,0,0,市街化区域,第一種中高層住居専用地域,60,200
財務省,関東財務局,東京財務事務所立川出張所,一般会計,普通財産,国有財産法 第２２条第１項第１号,薬師池公園,東京都町田市原町田３−１５０８−８,町田市,182224947,1357,182224947,0,0,0,0,0,0,市街化区域,第一種低層住居専用地域,40,80
財務省,関東財務局,東京財務事務所立川出張所,一般会計,普通財産,国有財産法 第２２条第１項第１号,都市計画公園　薬師池公園敷地（特殊）,東京都町田市野津田町字薬師前３４１０−１外3筆,町田市,78866638,8664,78866638,0,0,0,0,0,0,市街化区域,第一種低層住居専用地域,30,60
財務省,関東財務局,東京財務事務所立川出張所,一般会計,普通財産,国有財産法 第２２条第１項第１号,萩山公園（近隣）,東京都小平市小川東町四丁目２６２０番２６,小平市,707249004,6621,707242361,0,0,0,6643,0,0,市街化区域,第一種中高層住居専用地域,60,200
財務省,関東財務局,東京財務事務所立川出張所,一般会計,普通財産,急傾斜地の崩壊による災害の防止に関する法律 第２５条,急傾斜地崩壊防止施設用地,東京都あきる野市舘谷字追原１４４−３のうち,東京都,215978,69,215978,0,0,0,0,0,0,市街化区域,第一種低層住居専用地域,40,80
財務省,関東財務局,東京財務事務所立川出張所,一般会計,普通財産,国有財産法 第２２条第１項第１号,道路標識敷地,東京都小金井市貫井北町５−７８６−３,小金井市,32999,0,32999,0,0,0,0,0,0,市街化区域,第一種低層住居専用地域,40,80
財務省,関東財務局,東京財務事務所立川出張所,一般会計,普通財産,下水道法 第３６条,公共下水道敷地,東京都小金井市貫井北町５−７８６−３,小金井市,4486679,34,4486679,0,0,0,0,0,0,市街化区域,第一種低層住居専用地域,40,80
財務省,関東財務局,東京財務事務所立川出張所,一般会計,普通財産,国有財産法 第２２条第１項第１号,防火水槽敷地,東京都小金井市貫井北町３丁目８８０番２外,小金井市,4487999,27,4487999,0,0,0,0,0,0,市街化区域,第一種中高層住居専用地域,60,200
財務省,関東財務局,東京財務事務所立川出張所,一般会計,普通財産,下水道法 第３６条,公共下水道敷地,東京都小金井市貫井北町３−８８０−６,小金井市,257677502,1772,257677502,0,0,0,0,0,0,市街化区域,第一種中高層住居専用地域,60,200
財務省,関東財務局,東京財務事務所立川出張所,一般会計,普通財産,下水道法 第３６条,公共下水道敷地,東京都小平市学園西町３−１５８４−３８のうち,小平市,15363930,101,15363930,0,0,0,0,0,0,市街化区域,第一種低層住居専用地域,40,80
財務省,関東財務局,東京財務事務所立川出張所,一般会計,普通財産,国有財産特別措置法 第２条第１項,水道管埋設敷地,東京都小平市学園西町３−１５８４−３８のうち,東京都,809751,5,809751,0,0,0,0,0,0,市街化区域,第一種低層住居専用地域,40,80
財務省,関東財務局,東京財務事務所立川出張所,一般会計,普通財産,国有財産法 第２２条第１項第１号,街路灯及び道路反射鏡設置敷地,東京都小平市学園西町３−１５８４−３８のうち,小平市,76247,1,76247,0,0,0,0,0,0,市街化区域,第一種低層住居専用地域,40,80
財務省,関東財務局,東京財務事務所立川出張所,一般会計,普通財産,国有財産法 第２２条第１項第１号,標識設置敷地,東京都小平市学園西町３−１５８４−３８のうち,警視庁,18299,0,18299,0,0,0,0,0,0,市街化区域,第一種低層住居専用地域,40,80
財務省,関東財務局,東京財務事務所立川出張所,一般会計,普通財産,下水道法 第３６条,公共下水道敷地,東京都小金井市緑町５−２４４３−１０外３筆,小金井市,1055757,4,1055757,0,0,0,0,0,0,市街化区域,第一種中高層住居専用地域,60,200
財務省,関東財務局,東京財務事務所立川出張所,一般会計,普通財産,国有財産特別措置法 第２条第１項,水道施設（導水施設）敷地,東京都小金井市緑町５−２４４３−１０外３筆,東京都,2676222,11,2676222,0,0,0,0,0,0,市街化区域,第一種中高層住居専用地域,60,200
財務省,関東財務局,東京財務事務所立川出張所,一般会計,普通財産,国有財産特別措置法 第２条第１項,水道施設（取水施設）敷地,東京都小金井市緑町５−２４４３−１０外３筆,東京都,19563431,80,19563431,0,0,0,0,0,0,市街化区域,第一種中高層住居専用地域,60,200
財務省,関東財務局,千葉財務事務所,一般会計,普通財産,国有財産特別措置法 第２条第２項第２号,東京都八街学園,千葉県八街市八街字九十九路に１３９−５　外１筆,東京都,51913858,3587,51647470,0,0,0,266388,0,0,非線引,第二種中高層住居専用地域,60,200
財務省,関東財務局,本局,一般会計,普通財産,国有財産特別措置法 第２条第１項,水道施設,埼玉県所沢市大字勝楽寺字大坊地内,東京都,8281579,333279,8281579,0,0,0,0,0,0,市街化調整区域,都市計画用途地域指定なし,70,400
財務省,関東財務局,本局,一般会計,普通財産,国有財産特別措置法 第２条第１項,水道施設敷地,埼玉県朝霞市幸町３丁目１２１０番２のうち,東京都,13762413,369,13762413,0,0,0,0,0,0,市街化区域,第一種中高層住居専用地域,60,200
財務省,関東財務局,本局,一般会計,普通財産,国有財産特別措置法 第２条第１項,朝霞浄水場敷地,埼玉県朝霞市大字宮戸字五反田１５０８のうち　外１１筆,東京都,89830245,1515,89830245,0,0,0,0,0,0,市街化調整区域,都市計画用途地域指定なし,70,400
財務省,関東財務局,本局,一般会計,普通財産,国有財産法 第２２条第１項第１号,大泉中央公園（総合）,東京都練馬区大泉学園町９丁目,東京都,392579995,68667,392579995,0,0,0,0,0,0,市街化区域,第一種低層住居専用地域,30,60
財務省,関東財務局,本局,一般会計,普通財産,国有財産法 第２２条第１項第１号,大泉さくら運動公園,東京都練馬区大泉学園町９丁目５３８番２２,練馬区,154132818,14599,154132818,0,0,0,0,0,0,市街化区域,第一種低層住居専用地域,30,60
