財務省,理財局,一般会計,普通財産,日本銀行,東京都千代田区霞が関３−１−１,-,21725000000,-,0,-,0,-,0,-,0,-,0,21725000000,-
財務省,理財局,一般会計,普通財産,預金保険機構,東京都千代田区霞が関３−１−１,一般勘定,150000000,東日本大震災事業者再生支援勘定,18678078266,地域経済活性化支援勘定,2994549306,-,0,-,0,-,0,21822627572,※当該法人へは、特別会計からも出資が行われており、国有財産の総額は34799007898円である。
財務省,理財局,一般会計,普通財産,農水産業協同組合貯金保険機構,東京都千代田区霞が関３−１−１,一般勘定,75000000,東日本大震災事業者再生支援勘定,1319878448,-,0,-,0,-,0,-,0,1394878448,-
財務省,理財局,一般会計,普通財産,日本中央競馬会,東京都千代田区霞が関３−１−１,一般勘定,1111597055995,-,0,-,0,-,0,-,0,-,0,1111597055995,-
財務省,理財局,一般会計,普通財産,国際復興開発銀行,東京都千代田区霞が関３−１−１,-,366013079511,-,0,-,0,-,0,-,0,-,0,366013079511,-
財務省,理財局,一般会計,普通財産,国際金融公社,東京都千代田区霞が関３−１−１,-,185646809962,-,0,-,0,-,0,-,0,-,0,185646809962,-
財務省,理財局,一般会計,普通財産,国際開発協会,東京都千代田区霞が関３−１−１,-,3114416216248,-,0,-,0,-,0,-,0,-,0,3114416216248,-
財務省,理財局,一般会計,普通財産,アジア開発銀行,東京都千代田区霞が関３−１−１,-,327088467597,-,0,-,0,-,0,-,0,-,0,327088467597,-
財務省,理財局,一般会計,普通財産,アフリカ開発基金,東京都千代田区霞が関３−１−１,-,277582247124,-,0,-,0,-,0,-,0,-,0,277582247124,-
財務省,理財局,一般会計,普通財産,米州開発銀行,東京都千代田区霞が関３−１−１,-,151591793820,-,0,-,0,-,0,-,0,-,0,151591793820,-
財務省,理財局,一般会計,普通財産,アフリカ開発銀行,東京都千代田区霞が関３−１−１,-,59574354808,-,0,-,0,-,0,-,0,-,0,59574354808,-
財務省,理財局,一般会計,普通財産,米州投資公社,東京都千代田区霞が関３−１−１,-,3840969098,-,0,-,0,-,0,-,0,-,0,3840969098,-
財務省,理財局,一般会計,普通財産,多数国間投資保証機関,東京都千代田区霞が関３−１−１,-,5900939396,-,0,-,0,-,0,-,0,-,0,5900939396,-
財務省,理財局,一般会計,普通財産,日本製鉄株式会社,東京都千代田区霞が関３−１−１,-,0,-,0,-,0,-,0,-,0,-,0,0,-
財務省,理財局,一般会計,普通財産,帝国燃料興業株式会社,東京都千代田区霞が関３−１−１,-,75457,-,0,-,0,-,0,-,0,-,0,75457,-
財務省,理財局,一般会計,普通財産,南方開発金庫,東京都千代田区霞が関３−１−１,-,3666001378,-,0,-,0,-,0,-,0,-,0,3666001378,-
財務省,理財局,一般会計,普通財産,外資金庫,東京都千代田区霞が関３−１−１,-,5277197362,-,0,-,0,-,0,-,0,-,0,5277197362,-
財務省,理財局,一般会計,普通財産,欧州復興開発銀行,東京都千代田区霞が関３−１−１,-,168386507244,-,0,-,0,-,0,-,0,-,0,168386507244,-
財務省,理財局,一般会計,普通財産,日本私立学校振興・共済事業団,東京都千代田区霞が関３−１−１,助成勘定,111460470535,-,0,-,0,-,0,-,0,-,0,111460470535,※当該法人へは、特別会計からも出資が行われており、国有財産の総額は117529562108円である。
財務省,理財局,一般会計,普通財産,独立行政法人　国立公文書館,東京都千代田区霞が関３−１−１,-,4546225813,-,0,-,0,-,0,-,0,-,0,4546225813,-
財務省,理財局,一般会計,普通財産,国立研究開発法人　情報通信研究機構,東京都千代田区霞が関３−１−１,一般勘定,93860190004,-,0,-,0,-,0,-,0,-,0,93860190004,※当該法人へは、特別会計からも出資が行われており、国有財産の総額は96292178033円である。
財務省,理財局,一般会計,普通財産,独立行政法人　酒類総合研究所,東京都千代田区霞が関３−１−１,-,4701772794,-,0,-,0,-,0,-,0,-,0,4701772794,-
財務省,理財局,一般会計,普通財産,国立研究開発法人　物質・材料研究機構,東京都千代田区霞が関３−１−１,-,66017534229,-,0,-,0,-,0,-,0,-,0,66017534229,-
財務省,理財局,一般会計,普通財産,国立研究開発法人　防災科学技術研究所,東京都千代田区霞が関３−１−１,-,53742020018,-,0,-,0,-,0,-,0,-,0,53742020018,-
財務省,理財局,一般会計,普通財産,国立研究開発法人　放射線医学総合研究所,東京都千代田区霞が関３−１−１,-,27654174698,-,0,-,0,-,0,-,0,-,0,27654174698,-
財務省,理財局,一般会計,普通財産,独立行政法人　国立特別支援教育総合研究所,東京都千代田区霞が関３−１−１,-,5854354993,-,0,-,0,-,0,-,0,-,0,5854354993,-
財務省,理財局,一般会計,普通財産,独立行政法人　大学入試センター,東京都千代田区霞が関３−１−１,-,11961981681,-,0,-,0,-,0,-,0,-,0,11961981681,-
財務省,理財局,一般会計,普通財産,独立行政法人　国立青少年教育振興機構,東京都千代田区霞が関３−１−１,-,86669206058,-,0,-,0,-,0,-,0,-,0,86669206058,-
財務省,理財局,一般会計,普通財産,独立行政法人　国立女性教育会館,東京都千代田区霞が関３−１−１,-,2097181192,-,0,-,0,-,0,-,0,-,0,2097181192,-
財務省,理財局,一般会計,普通財産,独立行政法人　国立科学博物館,東京都千代田区霞が関３−１−１,-,70974875916,-,0,-,0,-,0,-,0,-,0,70974875916,-
財務省,理財局,一般会計,普通財産,独立行政法人　国立美術館,東京都千代田区霞が関３−１−１,-,182456416607,-,0,-,0,-,0,-,0,-,0,182456416607,-
財務省,理財局,一般会計,普通財産,独立行政法人　国立文化財機構,東京都千代田区霞が関３−１−１,-,211784259425,-,0,-,0,-,0,-,0,-,0,211784259425,-
財務省,理財局,一般会計,普通財産,独立行政法人　教員研修センター,東京都千代田区霞が関３−１−１,-,4811579681,-,0,-,0,-,0,-,0,-,0,4811579681,-
財務省,理財局,一般会計,普通財産,独立行政法人　労働安全衛生総合研究所,東京都千代田区霞が関３−１−１,一般勘定,232699622,-,0,-,0,-,0,-,0,-,0,232699622,※当該法人へは、特別会計からも出資が行われており、国有財産の総額は9961952121円である。
財務省,理財局,一般会計,普通財産,独立行政法人　農林水産消費安全技術センター,東京都千代田区霞が関３−１−１,-,7596273380,-,0,-,0,-,0,-,0,-,0,7596273380,-
財務省,理財局,一般会計,普通財産,独立行政法人　種苗管理センター,東京都千代田区霞が関３−１−１,-,8795318258,-,0,-,0,-,0,-,0,-,0,8795318258,-
財務省,理財局,一般会計,普通財産,独立行政法人　家畜改良センター,東京都千代田区霞が関３−１−１,-,37853370657,-,0,-,0,-,0,-,0,-,0,37853370657,-
財務省,理財局,一般会計,普通財産,独立行政法人　水産大学校,東京都千代田区霞が関３−１−１,-,10201416378,-,0,-,0,-,0,-,0,-,0,10201416378,-
財務省,理財局,一般会計,普通財産,国立研究開発法人　農業・食品産業技術総合研究機構,東京都千代田区霞が関３−１−１,農業技術研究業務勘定,236106444083,基礎的研究業務勘定,8576154726,農業機械化促進業務勘定,13951549756,-,0,-,0,-,0,258634148565,※当該法人へは、特別会計からも出資が行われており、国有財産の総額は263266936829円である。
財務省,理財局,一般会計,普通財産,国立研究開発法人　農業生物資源研究所,東京都千代田区霞が関３−１−１,-,30321520826,-,0,-,0,-,0,-,0,-,0,30321520826,-
財務省,理財局,一般会計,普通財産,国立研究開発法人　農業環境技術研究所,東京都千代田区霞が関３−１−１,-,31891055668,-,0,-,0,-,0,-,0,-,0,31891055668,-
財務省,理財局,一般会計,普通財産,国立研究開発法人　国際農林水産業研究センター,東京都千代田区霞が関３−１−１,-,7322038681,-,0,-,0,-,0,-,0,-,0,7322038681,-
財務省,理財局,一般会計,普通財産,国立研究開発法人　森林総合研究所,東京都千代田区霞が関３−１−１,研究・育種勘定,43201282501,特定地域整備等勘定,5654955777,水源林勘定,865216300581,-,0,-,0,-,0,914072538859,-
財務省,理財局,一般会計,普通財産,国立研究開発法人　水産総合研究センター,東京都千代田区霞が関３−１−１,試験研究・技術開発勘定,42585307161,海洋水産資源開発勘定,2043143582,-,0,-,0,-,0,-,0,44628450743,-
財務省,理財局,一般会計,普通財産,国立研究開発法人　産業技術総合研究所,東京都千代田区霞が関３−１−１,-,301688650597,-,0,-,0,-,0,-,0,-,0,301688650597,※当該法人へは、特別会計からも出資が行われており、国有財産の総額は302817649036円である。
財務省,理財局,一般会計,普通財産,独立行政法人　製品評価技術基盤機構,東京都千代田区霞が関３−１−１,-,27265544460,-,0,-,0,-,0,-,0,-,0,27265544460,-
財務省,理財局,一般会計,普通財産,独立行政法人　交通安全環境研究所,東京都千代田区霞が関３−１−１,一般勘定,4925214907,-,0,-,0,-,0,-,0,-,0,4925214907,※当該法人へは、特別会計からも出資が行われており、国有財産の総額は14960895873円である。
財務省,理財局,一般会計,普通財産,国立研究開発法人　海上技術安全研究所,東京都千代田区霞が関３−１−１,-,33504146394,-,0,-,0,-,0,-,0,-,0,33504146394,-
財務省,理財局,一般会計,普通財産,国立研究開発法人　港湾空港技術研究所,東京都千代田区霞が関３−１−１,-,10986298062,-,0,-,0,-,0,-,0,-,0,10986298062,※当該法人へは、特別会計からも出資が行われており、国有財産の総額は11101090640円である。
財務省,理財局,一般会計,普通財産,国立研究開発法人　電子航法研究所,東京都千代田区霞が関３−１−１,-,3534734438,-,0,-,0,-,0,-,0,-,0,3534734438,※当該法人へは、特別会計からも出資が行われており、国有財産の総額は4585187632円である。
財務省,理財局,一般会計,普通財産,独立行政法人　航海訓練所,東京都千代田区霞が関３−１−１,-,3427149508,-,0,-,0,-,0,-,0,-,0,3427149508,-
財務省,理財局,一般会計,普通財産,独立行政法人　海技教育機構,東京都千代田区霞が関３−１−１,-,10430498713,-,0,-,0,-,0,-,0,-,0,10430498713,-
財務省,理財局,一般会計,普通財産,独立行政法人　航空大学校,東京都千代田区霞が関３−１−１,-,3846118715,-,0,-,0,-,0,-,0,-,0,3846118715,※当該法人へは、特別会計からも出資が行われており、国有財産の総額は3924595364円である。
財務省,理財局,一般会計,普通財産,国立研究開発法人　土木研究所,東京都千代田区霞が関３−１−１,-,30616895154,-,0,-,0,-,0,-,0,-,0,30616895154,-
財務省,理財局,一般会計,普通財産,国立研究開発法人　建築研究所,東京都千代田区霞が関３−１−１,-,12849486442,-,0,-,0,-,0,-,0,-,0,12849486442,-
財務省,理財局,一般会計,普通財産,国立研究開発法人　国立環境研究所,東京都千代田区霞が関３−１−１,-,28667289252,-,0,-,0,-,0,-,0,-,0,28667289252,-
財務省,理財局,一般会計,普通財産,独立行政法人　駐留軍等労働者労務管理機構,東京都千代田区霞が関３−１−１,-,847426450,-,0,-,0,-,0,-,0,-,0,847426450,-
財務省,理財局,一般会計,普通財産,独立行政法人　造幣局,東京都千代田区霞が関３−１−１,-,78597116975,-,0,-,0,-,0,-,0,-,0,78597116975,-
財務省,理財局,一般会計,普通財産,独立行政法人　国立印刷局,東京都千代田区霞が関３−１−１,-,210208340137,-,0,-,0,-,0,-,0,-,0,210208340137,-
財務省,理財局,一般会計,普通財産,独立行政法人　国民生活センター,東京都千代田区霞が関３−１−１,-,7740670674,-,0,-,0,-,0,-,0,-,0,7740670674,-
財務省,理財局,一般会計,普通財産,独立行政法人　北方領土問題対策協会,東京都千代田区霞が関３−１−１,一般業務勘定,288429788,-,0,-,0,-,0,-,0,-,0,288429788,-
財務省,理財局,一般会計,普通財産,独立行政法人　国際交流基金,東京都千代田区霞が関３−１−１,-,73476914958,-,0,-,0,-,0,-,0,-,0,73476914958,-
財務省,理財局,一般会計,普通財産,独立行政法人　国際協力機構,東京都千代田区霞が関３−１−１,一般勘定,52141677382,有償資金協力勘定,9267091129793,-,0,-,0,-,0,-,0,9319232807175,-
財務省,理財局,一般会計,普通財産,国立研究開発法人　科学技術振興機構,東京都千代田区霞が関３−１−１,一般勘定,66967307914,文献情報提供勘定,4293963626,-,0,-,0,-,0,-,0,71261271540,※当該法人へは、特別会計からも出資が行われており、国有財産の総額は86504154021円である。
財務省,理財局,一般会計,普通財産,国立研究開発法人　理化学研究所,東京都千代田区霞が関３−１−１,-,177298626147,-,0,-,0,-,0,-,0,-,0,177298626147,-
財務省,理財局,一般会計,普通財産,独立行政法人　日本芸術文化振興会,東京都千代田区霞が関３−１−１,-,232091486353,-,0,-,0,-,0,-,0,-,0,232091486353,-
財務省,理財局,一般会計,普通財産,独立行政法人　日本学術振興会,東京都千代田区霞が関３−１−１,一般勘定,447723475,-,0,-,0,-,0,-,0,-,0,447723475,-
財務省,理財局,一般会計,普通財産,独立行政法人　日本スポーツ振興センター,東京都千代田区霞が関３−１−１,一般勘定,212119819972,特定業務勘定,18777288116,-,0,-,0,-,0,-,0,230897108088,-
財務省,理財局,一般会計,普通財産,国立研究開発法人　宇宙航空研究開発機構,東京都千代田区霞が関３−１−１,-,144450842255,-,0,-,0,-,0,-,0,-,0,144450842255,-
財務省,理財局,一般会計,普通財産,独立行政法人　福祉医療機構,東京都千代田区霞が関３−１−１,一般勘定,17455011472,-,0,-,0,-,0,-,0,-,0,17455011472,※当該法人へは、特別会計からも出資が行われており、国有財産の総額は926800148816円である。
財務省,理財局,一般会計,普通財産,独立行政法人　国立重度知的障害者総合施設のぞみの園,東京都千代田区霞が関３−１−１,-,13353191599,-,0,-,0,-,0,-,0,-,0,13353191599,-
財務省,理財局,一般会計,普通財産,独立行政法人　高齢・障害・求職者雇用支援機構,東京都千代田区霞が関３−１−１,高齢・障害者雇用支援勘定,12780444,障害者職業能力開発勘定,925429,障害者雇用納付金勘定,519646945,-,0,-,0,-,0,533352818,※当該法人へは、特別会計からも出資が行われており、国有財産の総額は386157133414円である。
財務省,理財局,一般会計,普通財産,独立行政法人　労働政策研究・研修機構,東京都千代田区霞が関３−１−１,一般勘定,242402569,-,0,-,0,-,0,-,0,-,0,242402569,※当該法人へは、特別会計からも出資が行われており、国有財産の総額は6135775426円である。
財務省,理財局,一般会計,普通財産,独立行政法人　農畜産業振興機構,東京都千代田区霞が関３−１−１,畜産勘定,30835344406,野菜勘定,1266685268,肉用子牛勘定,10793956085,-,0,-,0,-,0,42895985759,-
財務省,理財局,一般会計,普通財産,独立行政法人　農林漁業信用基金,東京都千代田区霞が関３−１−１,農業信用保険勘定,53105894725,林業信用保証勘定,57766635646,漁業信用保険勘定,60994793138,農業災害補償関係勘定,1893381424,漁業災害補償関係勘定,2949616970,-,0,176710321903,-
財務省,理財局,一般会計,普通財産,独立行政法人　日本貿易振興機構,東京都千代田区霞が関３−１−１,-,40967474625,-,0,-,0,-,0,-,0,-,0,40967474625,-
財務省,理財局,一般会計,普通財産,国立研究開発法人　新エネルギー・産業技術総合開発機構,東京都千代田区霞が関３−１−１,一般勘定,3124485329,-,0,-,0,-,0,-,0,-,0,3124485329,※当該法人へは、特別会計からも出資が行われており、国有財産の総額は26651269859円である。
財務省,理財局,一般会計,普通財産,独立行政法人　水資源機構,東京都千代田区霞が関３−１−１,-,79354048117,-,0,-,0,-,0,-,0,-,0,79354048117,-
財務省,理財局,一般会計,普通財産,独立行政法人　国際観光振興機構,東京都千代田区霞が関３−１−１,一般勘定,513148105,-,0,-,0,-,0,-,0,-,0,513148105,-
財務省,理財局,一般会計,普通財産,独立行政法人　鉄道建設・運輸施設整備支援機構,東京都千代田区霞が関３−１−１,建設勘定,80982011451,海事勘定,26360352807,助成勘定,261534888950,-,0,-,0,-,0,368877253208,※当該法人へは、特別会計からも出資が行われており、国有財産の総額は859449168314円である。
財務省,理財局,一般会計,普通財産,独立行政法人　情報処理推進機構,東京都千代田区霞が関３−１−１,一般勘定,9919166735,-,0,-,0,-,0,-,0,-,0,9919166735,※当該法人へは、特別会計からも出資が行われており、国有財産の総額は13726170740円である。
財務省,理財局,一般会計,普通財産,独立行政法人　石油天然ガス・金属鉱物資源機構,東京都千代田区霞が関３−１−１,金属鉱業一般勘定,51575869639,石炭経過勘定,9838388235,-,0,-,0,-,0,-,0,61414257874,※当該法人へは、特別会計からも出資が行われており、国有財産の総額は619799246237円である。
財務省,理財局,一般会計,普通財産,独立行政法人日本学生支援機構,東京都千代田区霞が関３−１−１,-,66966104245,-,0,-,0,-,0,-,0,-,0,66966104245,-
財務省,理財局,一般会計,普通財産,国立研究開発法人　海洋研究開発機構,東京都千代田区霞が関３−１−１,-,76629512834,-,0,-,0,-,0,-,0,-,0,76629512834,-
財務省,理財局,一般会計,普通財産,独立行政法人　国立高等専門学校機構,東京都千代田区霞が関３−１−１,-,246776674768,-,0,-,0,-,0,-,0,-,0,246776674768,-
財務省,理財局,一般会計,普通財産,独立行政法人　大学評価・学位授与機構,東京都千代田区霞が関３−１−１,-,5679923885,-,0,-,0,-,0,-,0,-,0,5679923885,-
財務省,理財局,一般会計,普通財産,独立行政法人　国立大学財務・経営センター,東京都千代田区霞が関３−１−１,一般勘定,985784509,-,0,-,0,-,0,-,0,-,0,985784509,-
財務省,理財局,一般会計,普通財産,独立行政法人　国立病院機構,東京都千代田区霞が関３−１−１,-,442897081300,-,0,-,0,-,0,-,0,-,0,442897081300,-
財務省,理財局,一般会計,普通財産,独立行政法人　医薬品医療機器総合機構,東京都千代田区霞が関３−１−１,審査等勘定,9524224339,-,0,-,0,-,0,-,0,-,0,9524224339,-
財務省,理財局,一般会計,普通財産,独立行政法人　中小企業基盤整備機構,東京都千代田区霞が関３−１−１,一般勘定,898882965314,産業基盤整備勘定,44031568196,小規模企業共済勘定,19345939492,中小企業倒産防止共済勘定,48148486060,-,0,-,0,1010408959062,※当該法人へは、特別会計からも出資が行われており、国有財産の総額は1100559909790円である。
財務省,理財局,一般会計,普通財産,独立行政法人　都市再生機構,東京都千代田区霞が関３−１−１,都市再生勘定,1028851661841,-,0,-,0,-,0,-,0,-,0,1028851661841,※当該法人へは、特別会計からも出資が行われており、国有財産の総額は1097563133991円である。
財務省,理財局,一般会計,普通財産,独立行政法人　奄美群島振興開発基金,東京都千代田区霞が関３−１−１,-,1582261241,-,0,-,0,-,0,-,0,-,0,1582261241,※当該法人へは、特別会計からも出資が行われており、国有財産の総額は7249028647円である。
財務省,理財局,一般会計,普通財産,独立行政法人　環境再生保全機構,東京都千代田区霞が関３−１−１,公害健康被害補償予防業務勘定,45678584875,基金勘定,14115756328,承継勘定,22194286302,-,0,-,0,-,0,81988627505,-
財務省,理財局,一般会計,普通財産,国立大学法人　北海道大学,東京都千代田区霞が関３−１−１,-,210397713313,-,0,-,0,-,0,-,0,-,0,210397713313,-
財務省,理財局,一般会計,普通財産,国立大学法人　北海道教育大学,東京都千代田区霞が関３−１−１,-,41261217569,-,0,-,0,-,0,-,0,-,0,41261217569,-
財務省,理財局,一般会計,普通財産,国立大学法人　室蘭工業大学,東京都千代田区霞が関３−１−１,-,12739499369,-,0,-,0,-,0,-,0,-,0,12739499369,-
財務省,理財局,一般会計,普通財産,国立大学法人　小樽商科大学,東京都千代田区霞が関３−１−１,-,3984081743,-,0,-,0,-,0,-,0,-,0,3984081743,-
財務省,理財局,一般会計,普通財産,国立大学法人　帯広畜産大学,東京都千代田区霞が関３−１−１,-,8544843018,-,0,-,0,-,0,-,0,-,0,8544843018,-
財務省,理財局,一般会計,普通財産,国立大学法人　旭川医科大学,東京都千代田区霞が関３−１−１,-,4153162138,-,0,-,0,-,0,-,0,-,0,4153162138,-
財務省,理財局,一般会計,普通財産,国立大学法人　北見工業大学,東京都千代田区霞が関３−１−１,-,6773239241,-,0,-,0,-,0,-,0,-,0,6773239241,-
財務省,理財局,一般会計,普通財産,国立大学法人　弘前大学,東京都千代田区霞が関３−１−１,-,43903885424,-,0,-,0,-,0,-,0,-,0,43903885424,-
財務省,理財局,一般会計,普通財産,国立大学法人　岩手大学,東京都千代田区霞が関３−１−１,-,52314364960,-,0,-,0,-,0,-,0,-,0,52314364960,-
財務省,理財局,一般会計,普通財産,国立大学法人　東北大学,東京都千代田区霞が関３−１−１,-,250559943501,-,0,-,0,-,0,-,0,-,0,250559943501,-
財務省,理財局,一般会計,普通財産,国立大学法人　宮城教育大学,東京都千代田区霞が関３−１−１,-,22243453590,-,0,-,0,-,0,-,0,-,0,22243453590,-
財務省,理財局,一般会計,普通財産,国立大学法人　秋田大学,東京都千代田区霞が関３−１−１,-,22877458838,-,0,-,0,-,0,-,0,-,0,22877458838,-
財務省,理財局,一般会計,普通財産,国立大学法人　山形大学,東京都千代田区霞が関３−１−１,-,70898865612,-,0,-,0,-,0,-,0,-,0,70898865612,-
財務省,理財局,一般会計,普通財産,国立大学法人　福島大学,東京都千代田区霞が関３−１−１,-,27432082284,-,0,-,0,-,0,-,0,-,0,27432082284,-
財務省,理財局,一般会計,普通財産,国立大学法人　茨城大学,東京都千代田区霞が関３−１−１,-,38818151461,-,0,-,0,-,0,-,0,-,0,38818151461,-
財務省,理財局,一般会計,普通財産,国立大学法人　筑波大学,東京都千代田区霞が関３−１−１,-,299369437564,-,0,-,0,-,0,-,0,-,0,299369437564,-
財務省,理財局,一般会計,普通財産,国立大学法人　宇都宮大学,東京都千代田区霞が関３−１−１,-,72559893877,-,0,-,0,-,0,-,0,-,0,72559893877,-
財務省,理財局,一般会計,普通財産,国立大学法人　群馬大学,東京都千代田区霞が関３−１−１,-,47718869710,-,0,-,0,-,0,-,0,-,0,47718869710,-
財務省,理財局,一般会計,普通財産,国立大学法人　埼玉大学,東京都千代田区霞が関３−１−１,-,66370138604,-,0,-,0,-,0,-,0,-,0,66370138604,-
財務省,理財局,一般会計,普通財産,国立大学法人　千葉大学,東京都千代田区霞が関３−１−１,-,167256301632,-,0,-,0,-,0,-,0,-,0,167256301632,-
財務省,理財局,一般会計,普通財産,国立大学法人　東京大学,東京都千代田区霞が関３−１−１,-,1124353208558,-,0,-,0,-,0,-,0,-,0,1124353208558,-
財務省,理財局,一般会計,普通財産,国立大学法人　東京医科歯科大学,東京都千代田区霞が関３−１−１,-,120079500037,-,0,-,0,-,0,-,0,-,0,120079500037,-
財務省,理財局,一般会計,普通財産,国立大学法人　東京外国語大学,東京都千代田区霞が関３−１−１,-,36707904332,-,0,-,0,-,0,-,0,-,0,36707904332,-
財務省,理財局,一般会計,普通財産,国立大学法人　東京学芸大学,東京都千代田区霞が関３−１−１,-,161108130084,-,0,-,0,-,0,-,0,-,0,161108130084,-
財務省,理財局,一般会計,普通財産,国立大学法人　東京農工大学,東京都千代田区霞が関３−１−１,-,90463440307,-,0,-,0,-,0,-,0,-,0,90463440307,-
財務省,理財局,一般会計,普通財産,国立大学法人　東京芸術大学,東京都千代田区霞が関３−１−１,-,61293898868,-,0,-,0,-,0,-,0,-,0,61293898868,-
財務省,理財局,一般会計,普通財産,国立大学法人　東京工業大学,東京都千代田区霞が関３−１−１,-,186296081715,-,0,-,0,-,0,-,0,-,0,186296081715,-
財務省,理財局,一般会計,普通財産,国立大学法人　東京海洋大学,東京都千代田区霞が関３−１−１,-,102313663226,-,0,-,0,-,0,-,0,-,0,102313663226,-
財務省,理財局,一般会計,普通財産,国立大学法人　お茶の水女子大学,東京都千代田区霞が関３−１−１,-,81604581664,-,0,-,0,-,0,-,0,-,0,81604581664,-
財務省,理財局,一般会計,普通財産,国立大学法人　電気通信大学,東京都千代田区霞が関３−１−１,-,36071922241,-,0,-,0,-,0,-,0,-,0,36071922241,-
財務省,理財局,一般会計,普通財産,国立大学法人　一橋大学,東京都千代田区霞が関３−１−１,-,152930785456,-,0,-,0,-,0,-,0,-,0,152930785456,-
財務省,理財局,一般会計,普通財産,国立大学法人　横浜国立大学,東京都千代田区霞が関３−１−１,-,92858193201,-,0,-,0,-,0,-,0,-,0,92858193201,-
財務省,理財局,一般会計,普通財産,国立大学法人　新潟大学,東京都千代田区霞が関３−１−１,-,74483346001,-,0,-,0,-,0,-,0,-,0,74483346001,-
財務省,理財局,一般会計,普通財産,国立大学法人　長岡技術科学大学,東京都千代田区霞が関３−１−１,-,14442562825,-,0,-,0,-,0,-,0,-,0,14442562825,-
財務省,理財局,一般会計,普通財産,国立大学法人　上越教育大学,東京都千代田区霞が関３−１−１,-,11620632911,-,0,-,0,-,0,-,0,-,0,11620632911,-
財務省,理財局,一般会計,普通財産,国立大学法人　金沢大学,東京都千代田区霞が関３−１−１,-,82492664187,-,0,-,0,-,0,-,0,-,0,82492664187,-
財務省,理財局,一般会計,普通財産,国立大学法人　福井大学,東京都千代田区霞が関３−１−１,-,59773938621,-,0,-,0,-,0,-,0,-,0,59773938621,-
財務省,理財局,一般会計,普通財産,国立大学法人　山梨大学,東京都千代田区霞が関３−１−１,-,43945344871,-,0,-,0,-,0,-,0,-,0,43945344871,-
財務省,理財局,一般会計,普通財産,国立大学法人　信州大学,東京都千代田区霞が関３−１−１,-,62471382661,-,0,-,0,-,0,-,0,-,0,62471382661,-
財務省,理財局,一般会計,普通財産,国立大学法人　岐阜大学,東京都千代田区霞が関３−１−１,-,61345385741,-,0,-,0,-,0,-,0,-,0,61345385741,-
財務省,理財局,一般会計,普通財産,国立大学法人　静岡大学,東京都千代田区霞が関３−１−１,-,52624080234,-,0,-,0,-,0,-,0,-,0,52624080234,-
財務省,理財局,一般会計,普通財産,国立大学法人　浜松医科大学,東京都千代田区霞が関３−１−１,-,15277690312,-,0,-,0,-,0,-,0,-,0,15277690312,-
財務省,理財局,一般会計,普通財産,国立大学法人　名古屋大学,東京都千代田区霞が関３−１−１,-,132158756368,-,0,-,0,-,0,-,0,-,0,132158756368,-
財務省,理財局,一般会計,普通財産,国立大学法人　愛知教育大学,東京都千代田区霞が関３−１−１,-,43162925433,-,0,-,0,-,0,-,0,-,0,43162925433,-
財務省,理財局,一般会計,普通財産,国立大学法人　名古屋工業大学,東京都千代田区霞が関３−１−１,-,28493072939,-,0,-,0,-,0,-,0,-,0,28493072939,-
財務省,理財局,一般会計,普通財産,国立大学法人　豊橋技術科学大学,東京都千代田区霞が関３−１−１,-,17175417034,-,0,-,0,-,0,-,0,-,0,17175417034,-
財務省,理財局,一般会計,普通財産,国立大学法人　三重大学,東京都千代田区霞が関３−１−１,-,31620885718,-,0,-,0,-,0,-,0,-,0,31620885718,-
財務省,理財局,一般会計,普通財産,国立大学法人　滋賀大学,東京都千代田区霞が関３−１−１,-,18108931729,-,0,-,0,-,0,-,0,-,0,18108931729,-
財務省,理財局,一般会計,普通財産,国立大学法人　滋賀医科大学,東京都千代田区霞が関３−１−１,-,18594617642,-,0,-,0,-,0,-,0,-,0,18594617642,-
財務省,理財局,一般会計,普通財産,国立大学法人　京都大学,東京都千代田区霞が関３−１−１,-,333686875508,-,0,-,0,-,0,-,0,-,0,333686875508,-
財務省,理財局,一般会計,普通財産,国立大学法人　京都教育大学,東京都千代田区霞が関３−１−１,-,34985321536,-,0,-,0,-,0,-,0,-,0,34985321536,-
財務省,理財局,一般会計,普通財産,国立大学法人　京都工芸繊維大学,東京都千代田区霞が関３−１−１,-,29996290106,-,0,-,0,-,0,-,0,-,0,29996290106,-
財務省,理財局,一般会計,普通財産,国立大学法人　大阪大学,東京都千代田区霞が関３−１−１,-,348025764303,-,0,-,0,-,0,-,0,-,0,348025764303,-
財務省,理財局,一般会計,普通財産,国立大学法人　大阪教育大学,東京都千代田区霞が関３−１−１,-,68731315415,-,0,-,0,-,0,-,0,-,0,68731315415,-
財務省,理財局,一般会計,普通財産,国立大学法人　兵庫教育大学,東京都千代田区霞が関３−１−１,-,10704935814,-,0,-,0,-,0,-,0,-,0,10704935814,-
財務省,理財局,一般会計,普通財産,国立大学法人　神戸大学,東京都千代田区霞が関３−１−１,-,129347419683,-,0,-,0,-,0,-,0,-,0,129347419683,-
財務省,理財局,一般会計,普通財産,国立大学法人　奈良教育大学,東京都千代田区霞が関３−１−１,-,15472103856,-,0,-,0,-,0,-,0,-,0,15472103856,-
財務省,理財局,一般会計,普通財産,国立大学法人　奈良女子大学,東京都千代田区霞が関３−１−１,-,28994497026,-,0,-,0,-,0,-,0,-,0,28994497026,-
財務省,理財局,一般会計,普通財産,国立大学法人　和歌山大学,東京都千代田区霞が関３−１−１,-,22532559321,-,0,-,0,-,0,-,0,-,0,22532559321,-
財務省,理財局,一般会計,普通財産,国立大学法人　鳥取大学,東京都千代田区霞が関３−１−１,-,61007211219,-,0,-,0,-,0,-,0,-,0,61007211219,-
財務省,理財局,一般会計,普通財産,国立大学法人　島根大学,東京都千代田区霞が関３−１−１,-,32658028320,-,0,-,0,-,0,-,0,-,0,32658028320,-
財務省,理財局,一般会計,普通財産,国立大学法人　岡山大学,東京都千代田区霞が関３−１−１,-,83269663467,-,0,-,0,-,0,-,0,-,0,83269663467,-
財務省,理財局,一般会計,普通財産,国立大学法人　広島大学,東京都千代田区霞が関３−１−１,-,142911106967,-,0,-,0,-,0,-,0,-,0,142911106967,-
財務省,理財局,一般会計,普通財産,国立大学法人　山口大学,東京都千代田区霞が関３−１−１,-,40205811979,-,0,-,0,-,0,-,0,-,0,40205811979,-
財務省,理財局,一般会計,普通財産,国立大学法人　徳島大学,東京都千代田区霞が関３−１−１,-,65702868666,-,0,-,0,-,0,-,0,-,0,65702868666,-
財務省,理財局,一般会計,普通財産,国立大学法人　鳴門教育大学,東京都千代田区霞が関３−１−１,-,12025347981,-,0,-,0,-,0,-,0,-,0,12025347981,-
財務省,理財局,一般会計,普通財産,国立大学法人　香川大学,東京都千代田区霞が関３−１−１,-,34867486505,-,0,-,0,-,0,-,0,-,0,34867486505,-
財務省,理財局,一般会計,普通財産,国立大学法人　愛媛大学,東京都千代田区霞が関３−１−１,-,49520165777,-,0,-,0,-,0,-,0,-,0,49520165777,-
財務省,理財局,一般会計,普通財産,国立大学法人　高知大学,東京都千代田区霞が関３−１−１,-,43114882324,-,0,-,0,-,0,-,0,-,0,43114882324,-
財務省,理財局,一般会計,普通財産,国立大学法人　福岡教育大学,東京都千代田区霞が関３−１−１,-,28277587005,-,0,-,0,-,0,-,0,-,0,28277587005,-
財務省,理財局,一般会計,普通財産,国立大学法人　九州大学,東京都千代田区霞が関３−１−１,-,273933154603,-,0,-,0,-,0,-,0,-,0,273933154603,-
財務省,理財局,一般会計,普通財産,国立大学法人　九州工業大学,東京都千代田区霞が関３−１−１,-,40302420376,-,0,-,0,-,0,-,0,-,0,40302420376,-
財務省,理財局,一般会計,普通財産,国立大学法人　佐賀大学,東京都千代田区霞が関３−１−１,-,64818214354,-,0,-,0,-,0,-,0,-,0,64818214354,-
財務省,理財局,一般会計,普通財産,国立大学法人　長崎大学,東京都千代田区霞が関３−１−１,-,70646730220,-,0,-,0,-,0,-,0,-,0,70646730220,-
財務省,理財局,一般会計,普通財産,国立大学法人　熊本大学,東京都千代田区霞が関３−１−１,-,70918906275,-,0,-,0,-,0,-,0,-,0,70918906275,-
財務省,理財局,一般会計,普通財産,国立大学法人　大分大学,東京都千代田区霞が関３−１−１,-,40276975994,-,0,-,0,-,0,-,0,-,0,40276975994,-
財務省,理財局,一般会計,普通財産,国立大学法人　宮崎大学,東京都千代田区霞が関３−１−１,-,45836017766,-,0,-,0,-,0,-,0,-,0,45836017766,-
財務省,理財局,一般会計,普通財産,国立大学法人　鹿児島大学,東京都千代田区霞が関３−１−１,-,81719334063,-,0,-,0,-,0,-,0,-,0,81719334063,-
財務省,理財局,一般会計,普通財産,国立大学法人　鹿屋体育大学,東京都千代田区霞が関３−１−１,-,5585987465,-,0,-,0,-,0,-,0,-,0,5585987465,-
財務省,理財局,一般会計,普通財産,国立大学法人　琉球大学,東京都千代田区霞が関３−１−１,-,25796910408,-,0,-,0,-,0,-,0,-,0,25796910408,-
財務省,理財局,一般会計,普通財産,国立大学法人　政策研究大学院大学,東京都千代田区霞が関３−１−１,-,23570168500,-,0,-,0,-,0,-,0,-,0,23570168500,-
財務省,理財局,一般会計,普通財産,国立大学法人　北陸先端科学技術大学院大学,東京都千代田区霞が関３−１−１,-,11022518414,-,0,-,0,-,0,-,0,-,0,11022518414,-
財務省,理財局,一般会計,普通財産,国立大学法人　奈良先端科学技術大学院大学,東京都千代田区霞が関３−１−１,-,19366970401,-,0,-,0,-,0,-,0,-,0,19366970401,-
財務省,理財局,一般会計,普通財産,国立大学法人　総合研究大学院大学,東京都千代田区霞が関３−１−１,-,3510454034,-,0,-,0,-,0,-,0,-,0,3510454034,-
財務省,理財局,一般会計,普通財産,大学共同利用機関法人　人間文化研究機構,東京都千代田区霞が関３−１−１,-,62709062979,-,0,-,0,-,0,-,0,-,0,62709062979,-
財務省,理財局,一般会計,普通財産,大学共同利用機関法人　自然科学研究機構,東京都千代田区霞が関３−１−１,-,71593073151,-,0,-,0,-,0,-,0,-,0,71593073151,-
財務省,理財局,一般会計,普通財産,大学共同利用機関法人　高エネルギー加速器研究機構,東京都千代田区霞が関３−１−１,-,105455358225,-,0,-,0,-,0,-,0,-,0,105455358225,-
財務省,理財局,一般会計,普通財産,大学共同利用機関法人　情報・システム研究機構,東京都千代田区霞が関３−１−１,-,42234186372,-,0,-,0,-,0,-,0,-,0,42234186372,-
財務省,理財局,一般会計,普通財産,成田国際空港株式会社,東京都千代田区霞が関３−１−１,-,26174562387,-,0,-,0,-,0,-,0,-,0,26174562387,※当該法人へは、特別会計からも出資が行われており、国有財産の総額は262083711858円である。
財務省,理財局,一般会計,普通財産,中間貯蔵・環境安全事業株式会社,東京都千代田区霞が関３−１−１,環境安全事業勘定,0,-,0,-,0,-,0,-,0,-,0,0,※当該法人へは、特別会計からも出資が行われており、国有財産の総額は2865150830円である。
財務省,理財局,一般会計,普通財産,国立研究開発法人　日本原子力研究開発機構,東京都千代田区霞が関３−１−１,一般勘定,261663203056,-,0,-,0,-,0,-,0,-,0,261663203056,※当該法人へは、特別会計からも出資が行われており、国有財産の総額は521335741469円である。
財務省,理財局,一般会計,普通財産,独立行政法人　日本高速道路保有・債務返済機構,東京都千代田区霞が関３−１−１,高速道路勘定,7924186019742,鉄道勘定,30194443399,-,0,-,0,-,0,-,0,7954380463141,-
財務省,理財局,一般会計,普通財産,国立大学法人　富山大学,東京都千代田区霞が関３−１−１,-,41799900483,-,0,-,0,-,0,-,0,-,0,41799900483,-
財務省,理財局,一般会計,普通財産,国立大学法人　筑波技術大学,東京都千代田区霞が関３−１−１,-,10286733444,-,0,-,0,-,0,-,0,-,0,10286733444,-
財務省,理財局,一般会計,普通財産,東日本高速道路株式会社,東京都千代田区霞が関３−１−１,-,153025133006,-,0,-,0,-,0,-,0,-,0,153025133006,-
財務省,理財局,一般会計,普通財産,中日本高速道路株式会社,東京都千代田区霞が関３−１−１,-,178632774945,-,0,-,0,-,0,-,0,-,0,178632774945,-
財務省,理財局,一般会計,普通財産,西日本高速道路株式会社,東京都千代田区霞が関３−１−１,-,144592447531,-,0,-,0,-,0,-,0,-,0,144592447531,-
財務省,理財局,一般会計,普通財産,国立研究開発法人　医薬基盤・健康・栄養研究所,東京都千代田区霞が関３−１−１,開発振興勘定,16272935360,-,0,-,0,-,0,-,0,-,0,16272935360,※当該法人へは、特別会計からも出資が行われており、国有財産の総額は19797679845円である。
財務省,理財局,一般会計,普通財産,日本アルコール産業株式会社,東京都千代田区霞が関３−１−１,-,9695015462,-,0,-,0,-,0,-,0,-,0,9695015462,-
財務省,理財局,一般会計,普通財産,日本司法支援センター,東京都千代田区霞が関３−１−１,一般勘定,359578681,-,0,-,0,-,0,-,0,-,0,359578681,-
財務省,理財局,一般会計,普通財産,独立行政法人　住宅金融支援機構,東京都千代田区霞が関３−１−１,証券化支援勘定,646774140651,住宅融資保険勘定,124099351100,住宅資金貸付等勘定,389091919379,既往債権管理勘定,31792351538,-,0,-,0,1191757762668,※当該法人へは、特別会計からも出資が行われており、国有財産の総額は1314529252093円である。
財務省,理財局,一般会計,普通財産,独立行政法人　郵便貯金・簡易生命保険管理機構,東京都千代田区霞が関３−１−１,郵便貯金勘定,51948251667,簡易生命保険勘定,36140209840,-,0,-,0,-,0,-,0,88088461507,-
財務省,理財局,一般会計,普通財産,株式会社　日本政策金融公庫,東京都千代田区霞が関３−１−１,信用保険等業務勘定,1509940837508,国民一般向け業務勘定,639117560717,農林水産業者向け業務勘定,240677973281,中小企業者向け融資・証券化支援保証業務勘定,662186839055,危機対応円滑化業務勘定,634174092894,特定事業等促進円滑化業務勘定,235484516,3686332787971,※当該法人へは、特別会計からも出資が行われており、国有財産の総額は4787276757819円である。
財務省,理財局,一般会計,普通財産,輸出入・港湾関連情報処理センター株式会社,東京都千代田区霞が関３−１−１,-,2635356093,-,0,-,0,-,0,-,0,-,0,2635356093,-
財務省,理財局,一般会計,普通財産,国立研究開発法人　国立がん研究センター,東京都千代田区霞が関３−１−１,-,92424948802,-,0,-,0,-,0,-,0,-,0,92424948802,-
財務省,理財局,一般会計,普通財産,国立研究開発法人　国立循環器病研究センター,東京都千代田区霞が関３−１−１,-,28129643942,-,0,-,0,-,0,-,0,-,0,28129643942,-
財務省,理財局,一般会計,普通財産,国立研究開発法人　国立精神・神経医療研究センター,東京都千代田区霞が関３−１−１,-,32546052384,-,0,-,0,-,0,-,0,-,0,32546052384,-
財務省,理財局,一般会計,普通財産,国立研究開発法人　国立国際医療研究センター,東京都千代田区霞が関３−１−１,-,61758999922,-,0,-,0,-,0,-,0,-,0,61758999922,-
財務省,理財局,一般会計,普通財産,国立研究開発法人　国立成育医療研究センター,東京都千代田区霞が関３−１−１,-,35901449139,-,0,-,0,-,0,-,0,-,0,35901449139,-
財務省,理財局,一般会計,普通財産,国立研究開発法人　国立長寿医療研究センター,東京都千代田区霞が関３−１−１,-,9298525094,-,0,-,0,-,0,-,0,-,0,9298525094,-
財務省,理財局,一般会計,普通財産,株式会社　国際協力銀行,東京都千代田区霞が関３−１−１,-,35548057269,-,0,-,0,-,0,-,0,-,0,35548057269,※当該法人へは、特別会計からも出資が行われており、国有財産の総額は2472367383103円である。
財務省,理財局,一般会計,普通財産,阪神国際港湾株式会社,東京都千代田区霞が関３−１−１,-,853872793,-,0,-,0,-,0,-,0,-,0,853872793,-
財務省,理財局,一般会計,普通財産,横浜川崎国際港湾株式会社,東京都千代田区霞が関３−１−１,-,501444294,-,0,-,0,-,0,-,0,-,0,501444294,-
財務省,理財局,一般会計,普通財産,沖縄振興開発金融公庫,東京都千代田区霞が関３−１−１,-,68296320264,-,0,-,0,-,0,-,0,-,0,68296320264,※当該法人へは、特別会計からも出資が行われており、国有財産の総額は78936919689円である。
財務省,理財局,一般会計,普通財産,日本郵政株式会社,東京都千代田区霞が関３−１−１,-,2433240000000,-,0,-,0,-,0,-,0,-,0,2433240000000,※当該法人へは、特別会計からも出資が行われており、国有財産の総額は5440391646600円である。
財務省,理財局,一般会計,普通財産,首都高速道路株式会社,東京都千代田区霞が関３−１−１,-,18762981361,-,0,-,0,-,0,-,0,-,0,18762981361,-
財務省,理財局,一般会計,普通財産,阪神高速道路株式会社,東京都千代田区霞が関３−１−１,-,16967949390,-,0,-,0,-,0,-,0,-,0,16967949390,-
財務省,理財局,一般会計,普通財産,本州四国連絡高速道路株式会社,東京都千代田区霞が関３−１−１,-,9783457052,-,0,-,0,-,0,-,0,-,0,9783457052,-
財務省,理財局,一般会計,普通財産,物納有価証券（株式）,東京都千代田区霞が関３−１−１ほか,-,4287724787,-,0,-,0,-,0,-,0,-,0,4287724787,-
財務省,理財局,一般会計,普通財産,物納有価証券（その他証券）,東京都千代田区霞が関３−１−１ほか,-,880297000,-,0,-,0,-,0,-,0,-,0,880297000,-
財務省,財務省大臣官房政策金融課,東日本大震災復興特別会計,普通財産,株式会社　日本政策金融公庫,東京都千代田区霞が関３−１−１,国民一般向け業務勘定,89695676393,信用保険等業務勘定,250098848719,危機対応円滑化業務勘定,21147233887,-,0,-,0,-,0,360941758999,※当該法人へは、一般会計及び他の特別会計からも出資が行われており、国有財産の総額は4787276757819円である。
財務省,財務省理財局（財投総括課）,財政投融資特別会計,普通財産,株式会社　農林漁業成長産業化支援機構,東京都千代田区霞が関３−１−１,-,27154621077,-,0,-,0,-,0,-,0,-,0,27154621077,-
財務省,財務省理財局（財投総括課）,財政投融資特別会計,普通財産,株式会社　日本政策金融公庫,東京都千代田区霞が関３−１−１,農林水産業者向け業務勘定,118932026386,中小企業者向け融資・証券化支援保証業務勘定,334691099503,中小企業者向け証券化支援買取業務勘定,24803637888,国民一般向け業務勘定,7469699422,-,0,-,0,485896463199,※当該法人へは、一般会計及び他の特別会計からも出資が行われており、国有財産の総額は4787276757819円である。
財務省,財務省理財局（財投総括課）,財政投融資特別会計,普通財産,株式会社　国際協力銀行,東京都千代田区霞が関３−２−１外,-,2436819325834,-,0,-,0,-,0,-,0,-,0,2436819325834,※当該法人へは、一般会計からも出資が行われており、国有財産の総額は2472367383103円である。
財務省,財務省理財局（財投総括課）,財政投融資特別会計,普通財産,株式会社　商工組合中央金庫,東京都千代田区霞が関３−１−１,-,166487559185,-,0,-,0,-,0,-,0,-,0,166487559185,-
財務省,財務省理財局（財投総括課）,財政投融資特別会計,普通財産,沖縄振興開発金融公庫,東京都千代田区霞が関３−１−１,-,10640599425,-,0,-,0,-,0,-,0,-,0,10640599425,※当該法人へは、一般会計からも出資が行われており、国有財産の総額は78936919689円である。
財務省,財務省理財局（財投総括課）,財政投融資特別会計,普通財産,日本たばこ産業株式会社,東京都千代田区霞が関３−１−１,-,3126667292000,-,0,-,0,-,0,-,0,-,0,3126667292000,-
財務省,財務省理財局（財投総括課）,財政投融資特別会計,普通財産,日本電信電話株式会社,東京都千代田区霞が関３−１−１,-,3576845673600,-,0,-,0,-,0,-,0,-,0,3576845673600,-
財務省,財務省理財局（財投総括課）,財政投融資特別会計,普通財産,新関西国際空港株式会社,東京都千代田区霞が関３−１−１,-,49227182708,-,0,-,0,-,0,-,0,-,0,49227182708,※当該法人へは、他の特別会計からも出資が行われており、国有財産の総額は580537901090円である。
財務省,財務省理財局（財投総括課）,財政投融資特別会計,普通財産,預金保険機構,東京都千代田区霞が関３−１−１,地域経済活性化支援勘定,12976380326,-,0,-,0,-,0,-,0,-,0,12976380326,※当該法人へは、一般会計からも出資が行われており、国有財産の総額は34799007898円である。
財務省,財務省理財局（財投総括課）,財政投融資特別会計,普通財産,株式会社　日本政策投資銀行,東京都千代田区霞が関３−１−１,-,2850042153709,-,0,-,0,-,0,-,0,-,0,2850042153709,-
財務省,財務省理財局（財投総括課）,財政投融資特別会計,普通財産,株式会社　産業革新機構,東京都千代田区霞が関３−１−１,-,701540680978,-,0,-,0,-,0,-,0,-,0,701540680978,-
財務省,財務省理財局（財投総括課）,財政投融資特別会計,普通財産,国立研究開発法人　農業・食品産業技術総合研究機構,東京都千代田区霞が関３−１−１,民間研究促進業務勘定,4632788264,-,0,-,0,-,0,-,0,-,0,4632788264,※当該法人へは、一般会計からも出資が行われており、国有財産の総額は263266936829円である。
財務省,財務省理財局（財投総括課）,財政投融資特別会計,普通財産,国立研究開発法人　新エネルギー・産業技術総合開発機構,東京都千代田区霞が関３−１−１,基盤技術研究促進勘定,11254161011,鉱工業承継勘定,1602685468,-,0,-,0,-,0,-,0,12856846479,※当該法人へは、一般会計及び他の特別会計からも出資が行われており、国有財産の総額は26651269859円である。
財務省,財務省理財局（財投総括課）,財政投融資特別会計,普通財産,国立研究開発法人　科学技術振興機構,東京都千代田区霞が関３−１−１,文献情報提供勘定,15242882481,-,0,-,0,-,0,-,0,-,0,15242882481,※当該法人へは、一般会計からも出資が行われており、国有財産の総額は86504154021円である。
財務省,財務省理財局（財投総括課）,財政投融資特別会計,普通財産,独立行政法人　鉄道建設・運輸施設整備支援機構,東京都千代田区霞が関３−１−１,建設勘定,487984317831,海事勘定,2587597275,-,0,-,0,-,0,-,0,490571915106,※当該法人へは、一般会計からも出資が行われており、国有財産の総額は859449168314円である。
財務省,財務省理財局（財投総括課）,財政投融資特別会計,普通財産,独立行政法人　情報処理推進機構,東京都千代田区霞が関３−１−１,事業化勘定,1282463,地域事業出資業務勘定,1902860771,-,0,-,0,-,0,-,0,1904143234,※当該法人へは、一般会計及び他の特別会計からも出資が行われており、国有財産の総額は13726170740円である。
財務省,財務省理財局（財投総括課）,財政投融資特別会計,普通財産,独立行政法人　石油天然ガス・金属鉱物資源機構,東京都千代田区霞が関３−１−１,投融資等・金属鉱産物備蓄勘定,168235791914,-,0,-,0,-,0,-,0,-,0,168235791914,※当該法人へは、一般会計及び他の特別会計からも出資が行われており、国有財産の総額は619799246237円である。
財務省,財務省理財局（財投総括課）,財政投融資特別会計,普通財産,国立研究開発法人　情報通信研究機構,東京都千代田区霞が関３−１−１,出資勘定,541162135,基盤技術研究促進勘定,1890825894,-,0,-,0,-,0,-,0,2431988029,※当該法人へは、一般会計からも出資が行われており、国有財産の総額は96292178033円である。
財務省,財務省理財局（財投総括課）,財政投融資特別会計,普通財産,独立行政法人　中小企業基盤整備機構,東京都千代田区霞が関３−１−１,施設整備等勘定,33095617771,出資承継勘定,6537909986,-,0,-,0,-,0,-,0,39633527757,※当該法人へは、一般会計及び他の特別会計からも出資が行われており、国有財産の総額は1100559909790円である。
財務省,財務省理財局（財投総括課）,財政投融資特別会計,普通財産,独立行政法人　都市再生機構,東京都千代田区霞が関３−１−１,都市再生勘定,68711472150,-,0,-,0,-,0,-,0,-,0,68711472150,※当該法人へは、一般会計からも出資が行われており、国有財産の総額は1097563133991円である。
財務省,財務省理財局（財投総括課）,財政投融資特別会計,普通財産,独立行政法人　奄美群島振興開発基金,東京都千代田区霞が関３−１−１,-,5666767406,-,0,-,0,-,0,-,0,-,0,5666767406,※当該法人へは、一般会計からも出資が行われており、国有財産の総額は7249028647円である。
財務省,財務省理財局（財投総括課）,財政投融資特別会計,普通財産,国立研究開発法人　医薬基盤・健康・栄養研究所,東京都千代田区霞が関３−１−１,承継勘定,3205447301,特例業務勘定,319297184,-,0,-,0,-,0,-,0,3524744485,※当該法人へは、一般会計からも出資が行われており、国有財産の総額は19797679845円である。
財務省,財務省理財局（財投総括課）,財政投融資特別会計,普通財産,独立行政法人　住宅金融支援機構,東京都千代田区霞が関３−１−１,証券化支援勘定,122771489425,-,0,-,0,-,0,-,0,-,0,122771489425,※当該法人へは、一般会計からも出資が行われており、国有財産の総額は1314529252093円である。
財務省,財務省理財局（財投総括課）,財政投融資特別会計,普通財産,株式会社　民間資金等活用事業推進機構,東京都千代田区霞が関３−１−１,-,9472571737,-,0,-,0,-,0,-,0,-,0,9472571737,-
財務省,財務省理財局（財投総括課）,財政投融資特別会計,普通財産,株式会社　海外需要開拓支援機構,東京都千代田区霞が関３−１−１,-,38271957844,-,0,-,0,-,0,-,0,-,0,38271957844,-
財務省,財務省理財局（財投総括課）,財政投融資特別会計,普通財産,株式会社　海外交通・都市開発事業支援機構,東京都千代田区霞が関３−１−１,-,13991548660,-,0,-,0,-,0,-,0,-,0,13991548660,-
財務省,財務省理財局（財投総括課）,財政投融資特別会計,普通財産,株式会社　海外通信・放送・郵便事業支援機構,東京都千代田区霞が関３−１−１,-,1780709007,-,0,-,0,-,0,-,0,-,0,1780709007,-
財務省,財務省理財局（国債企画課）,国債整理基金特別会計,普通財産,東京地下鉄株式会社,東京都千代田区霞が関３−１−１,-,271739864765,-,0,-,0,-,0,-,0,-,0,271739864765,-
財務省,財務省理財局（国債企画課）,国債整理基金特別会計,普通財産,日本郵政株式会社,東京都千代田区霞が関３−１−１,-,3007151646600,-,0,-,0,-,0,-,0,-,0,3007151646600,※当該法人へは、一般会計からも出資が行われており、国有財産の総額は5440391646600円である。
財務省,国際局,外国為替資金特別会計,普通財産,国際通貨基金,東京都千代田区霞が関３−１−１,-,5243079616037,-,0,-,0,-,0,-,0,-,0,5243079616037,-
文部科学省,文部科学本省,東日本大震災復興特別会計,普通財産,日本私立学校振興・共済事業団,東京都千代田区霞が関３−２−２,助成勘定,6069091573,-,0,-,0,-,0,-,0,-,0,6069091573,※当該法人へは、一般会計からも出資が行われており、国有財産の総額は117529562108円である。
文部科学省,文部科学省研究開発局,エネルギー対策特別会計,普通財産,国立研究開発法人　日本原子力研究開発機構,東京都千代田区霞が関３−２−２,電源利用勘定,259672538413,-,0,-,0,-,0,-,0,-,0,259672538413,※当該法人へは、一般会計からも出資が行われており、国有財産の総額は521335741469円である。
厚生労働省,厚生労働省大臣官房会計課,東日本大震災復興特別会計,普通財産,株式会社　日本政策金融公庫,東京都千代田区霞が関１−２−２,国民一般向け業務勘定,2100408337,-,0,-,0,-,0,-,0,-,0,2100408337,※当該法人へは、一般会計及び他の特別会計からも出資が行われており、国有財産の総額は4787276757819円である。
厚生労働省,厚生労働省大臣官房会計課,東日本大震災復興特別会計,普通財産,独立行政法人　福祉医療機構,東京都千代田区霞が関１−２−２,一般勘定,150771705,-,0,-,0,  ,0,-,0,-,0,150771705,※当該法人へは、一般会計及び他の特別会計からも出資が行われており、国有財産の総額は926800148816円である。
厚生労働省,年金局,年金特別会計,普通財産,独立行政法人　福祉医療機構,東京都千代田区霞が関１−２−２,承継債権管理回収勘定,904769633822,-,0,-,0,-,0,-,0,-,0,904769633822,※当該法人へは、一般会計及び他の特別会計からも出資が行われており、国有財産の総額は926800148816円である。
厚生労働省,年金局,年金特別会計,普通財産,日本年金機構,東京都千代田区霞が関１−２−２,-,124186014944,-,0,-,0,-,0,-,0,-,0,124186014944,-
厚生労働省,年金局,年金特別会計,普通財産,独立行政法人　地域医療機能推進機構,東京都千代田区霞が関１−２−２,-,446983638521,-,0,-,0,-,0,-,0,-,0,446983638521,-
厚生労働省,年金局,年金特別会計,普通財産,全国健康保険協会,東京都千代田区霞が関１−２−２,健康勘定（船員保険勘定）,41827639333,健康勘定,1273745296618,-,0,-,0,-,0,-,0,1315572935951,-
厚生労働省,労働基準局,労働保険特別会計,普通財産,独立行政法人　労働安全衛生総合研究所,東京都千代田区霞が関１−２−２,社会復帰促進等事業勘定,9729252499,-,0,-,0,-,0,-,0,-,0,9729252499,※当該法人へは、一般会計からも出資が行われており、国有財産の総額は9961952121円である。
厚生労働省,労働基準局,労働保険特別会計,普通財産,独立行政法人　労働政策研究・研修機構,東京都千代田区霞が関１−２−２,労災勘定,1741610842,-,0,-,0,-,0,-,0,-,0,1741610842,※当該法人へは、一般会計からも出資が行われており、国有財産の総額は6135775426円である。
厚生労働省,労働基準局,労働保険特別会計,普通財産,独立行政法人　労働者健康福祉機構,東京都千代田区霞が関１−２−２,-,141965299406,-,0,-,0,-,0,-,0,-,0,141965299406,-
厚生労働省,労働基準局,労働保険特別会計,普通財産,独立行政法人　福祉医療機構,東京都千代田区霞が関１−２−２,労災年金担保貸付勘定,4424731817,-,0,-,0,-,0,-,0,-,0,4424731817,※当該法人へは、一般会計及び他の特別会計からも出資が行われており、国有財産の総額は926800148816円である。
厚生労働省,職業安定局,労働保険特別会計,普通財産,独立行政法人　情報処理推進機構,東京都千代田区霞が関１−２−２,地域事業出資業務勘定,1902860771,-,0,-,0,-,0,-,0,-,0,1902860771,※当該法人へは、一般会計及び他の特別会計からも出資が行われており、国有財産の総額は13726170740円である。
厚生労働省,職業安定局,労働保険特別会計,普通財産,独立行政法人　労働政策研究・研修機構,東京都千代田区霞が関１−２−２,雇用勘定,4151762015,-,0,-,0,-,0,-,0,-,0,4151762015,※当該法人へは、一般会計からも出資が行われており、国有財産の総額は6135775426円である。
厚生労働省,職業安定局,労働保険特別会計,普通財産,独立行政法人　高齢・障害・求職者雇用支援機構,東京都千代田区霞が関１−２−２,高齢・障害者雇用支援勘定,9058192278,宿舎等勘定,282691680932,職業能力開発勘定,93873907386,-,0,-,0,-,0,385623780596,※当該法人へは、一般会計からも出資が行われており、国有財産の総額は386157133414円である。
厚生労働省,職業安定局,労働保険特別会計,普通財産,独立行政法人　勤労者退職金共済機構,東京都千代田区霞が関１−２−２,財形勘定,9704637261,-,0,-,0,-,0,-,0,-,0,9704637261,-
農林水産省,経営局,東日本大震災復興特別会計,普通財産,株式会社日本政策金融公庫,東京都千代田区霞が関１−２−１,危機対応円滑化業務勘定,1000652679,農林水産業者向け業務勘定,32285807443,-,0,-,0,-,0,-,0,33286460122,※当該法人へは、一般会計及び他の特別会計からも出資が行われており、国有財産の総額は4787276757819円である。
経済産業省,大臣官房会計課,貿易再保険特別会計,普通財産,独立行政法人　日本貿易保険,東京都千代田区霞が関１−３−１,-,399862642837,-,0,-,0,-,0,-,0,-,0,399862642837,-
経済産業省,大臣官房会計課,特許特別会計,普通財産,国立研究開発法人　産業技術総合研究所,東京都千代田区霞が関１−３−１,-,1128998439,-,0,-,0,-,0,-,0,-,0,1128998439,※当該法人へは、一般会計からも出資が行われており、国有財産の総額は302817649036円である。
経済産業省,大臣官房会計課,東日本大震災復興特別会計,普通財産,株式会社　日本政策金融公庫,東京都千代田区霞が関１−３−１,危機対応円滑化業務勘定,5011307231,-,0,-,0,-,0,-,0,-,0,5011307231,※当該法人へは、一般会計及び他の特別会計からも出資が行われており、国有財産の総額は4787276757819円である。
経済産業省,資源エネルギー庁,エネルギー対策特別会計,普通財産,国立研究開発法人　新エネルギー・産業技術総合開発機構,東京都千代田区霞が関１−３−１,エネルギー需給勘定,9942765776,電源利用勘定,727172275,-,0,-,0,-,0,-,0,10669938051,※当該法人へは、一般会計及び他の特別会計からも出資が行われており、国有財産の総額は26651269859円である。
経済産業省,資源エネルギー庁,エネルギー対策特別会計,普通財産,独立行政法人　石油天然ガス・金属鉱物資源機構,東京都千代田区霞が関１−３−１,石油天然ガス等勘定,341805543256,石炭経過勘定,33452633874,-,0,-,0,-,0,-,0,375258177130,※当該法人へは、一般会計及び他の特別会計からも出資が行われており、国有財産の総額は619799246237円である。
経済産業省,資源エネルギー庁,エネルギー対策特別会計,普通財産,原子力損害賠償・廃炉等支援機構,東京都千代田区霞が関１−３−１,-,7000000000,-,0,-,0,-,0,-,0,-,0,7000000000,-
経済産業省,資源エネルギー庁,東日本大震災復興特別会計,普通財産,独立行政法人　石油天然ガス・金属鉱物資源機構,東京都千代田区霞が関１−３−１,石油天然ガス等勘定,14891019319,-,0,-,0,-,0,-,0,-,0,14891019319,※当該法人へは、一般会計及び他の特別会計からも出資が行われており、国有財産の総額は619799246237円である。
経済産業省,中小企業庁,東日本大震災復興特別会計,普通財産,独立行政法人　中小企業基盤整備機構,東京都千代田区霞が関１−３−１,一般勘定,50517422971,-,0,-,0,-,0,-,0,-,0,50517422971,※当該法人へは、一般会計及び他の特別会計からも出資が行われており、国有財産の総額は1100559909790円である。
経済産業省,中小企業庁,東日本大震災復興特別会計,普通財産,株式会社　日本政策金融公庫,東京都千代田区霞が関１−３−１,危機対応円滑化業務勘定,108833044691,中小企業者向け融資・証券化支援保証業務勘定,104874527269,-,0,-,0,-,0,-,0,213707571960,※当該法人へは、一般会計及び他の特別会計からも出資が行われており、国有財産の総額は4787276757819円である。
経済産業省,資源エネルギー庁,エネルギー対策特別会計,普通財産,旧石油公団保有株式,東京都千代田区霞が関１−３−１,-,498442587715,-,0,-,0,-,0,-,0,-,0,498442587715,-
国土交通省,大臣官房会計課,自動車安全特別会計,普通財産,独立行政法人　交通安全環境研究所,東京都千代田区霞が関２−１−３,審査勘定,10035680966,-,0,-,0,-,0,-,0,-,0,10035680966,※当該法人へは、一般会計からも出資が行われており、国有財産の総額は14960895873円である。
国土交通省,大臣官房会計課,自動車安全特別会計,普通財産,自動車検査独立行政法人,東京都千代田区霞が関２−１−３,-,15387062101,-,0,-,0,-,0,-,0,-,0,15387062101,-
国土交通省,大臣官房会計課,自動車安全特別会計,普通財産,独立行政法人　自動車事故対策機構,東京都千代田区霞が関２−１−３,-,9031619298,-,0,-,0,-,0,-,0,-,0,9031619298,-
国土交通省,航空局,自動車安全特別会計,普通財産,中部国際空港株式会社,東京都千代田区霞が関２−１−３,-,36195203101,-,0,-,0,-,0,-,0,-,0,36195203101,-
国土交通省,航空局,自動車安全特別会計,普通財産,国立研究開発法人　電子航法研究所,東京都千代田区霞が関２−１−３,-,1050453194,-,0,-,0,-,0,-,0,-,0,1050453194,※当該法人へは、一般会計からも出資が行われており、国有財産の総額は4585187632円である。
国土交通省,航空局,自動車安全特別会計,普通財産,独立行政法人　航空大学校,東京都千代田区霞が関２−１−３,一般勘定,78476649,-,0,-,0,-,0,-,0,-,0,78476649,※当該法人へは、一般会計からも出資が行われており、国有財産の総額は3924595364円である。
国土交通省,航空局,自動車安全特別会計,普通財産,独立行政法人　空港周辺整備機構,東京都千代田区霞が関２−１−３,-,1260748078,-,0,-,0,-,0,-,0,-,0,1260748078,-
国土交通省,航空局,自動車安全特別会計,普通財産,成田国際空港株式会社,東京都千代田区霞が関２−１−３,-,235909149471,-,0,-,0,-,0,-,0,-,0,235909149471,※当該法人へは、一般会計からも出資が行われており、国有財産の総額は262083711858円である。
国土交通省,航空局,自動車安全特別会計,普通財産,新関西国際空港株式会社,東京都千代田区霞が関２−１−３,-,531310718382,-,0,-,0,-,0,-,0,-,0,531310718382,※当該法人へは、他の特別会計からも出資が行われており、国有財産の総額は580537901090円である。
環境省,環境省総合環境政策局,東日本大震災復興特別会計,普通財産,中間貯蔵・環境安全事業株式会社,東京都千代田区霞が関１−２−２,中間貯蔵事業勘定,2865150830,-,0,-,0,-,0,-,0,-,0,2865150830,-
