財務省,関東財務局,東京財務事務所,一般会計,普通財産,東京都千代田区一番町１０−１２,218325816,155,218325816,市街化区域,商業地域,80,500,一般競争入札（未実施）
財務省,関東財務局,東京財務事務所,一般会計,普通財産,東京都千代田区九段南１−５−１外４筆,16813950030,7620,16813950030,市街化区域,商業地域,80,700,一般競争入札（未実施）
財務省,関東財務局,東京財務事務所,一般会計,普通財産,東京都千代田区九段南１−５−１外４筆,2726708147,1236,2726708147,市街化区域,商業地域,80,700,一般競争入札（未実施）
財務省,関東財務局,東京財務事務所,一般会計,普通財産,東京都千代田区二番町７−２６,3030374406,2300,3030374406,市街化区域,第二種住居地域,80,500,地方公共団体等へ売払
財務省,関東財務局,東京財務事務所,一般会計,普通財産,東京都千代田区大手町１−７−２７,16055608478,1154,16055608478,市街化区域,商業地域,80,1200,当分の間入札実施が困難
財務省,関東財務局,東京財務事務所,一般会計,普通財産,東京都千代田区大手町２−１−１３外８筆,35160727895,0,35160727895,市街化区域,商業地域,80,1300,当分の間入札実施が困難
財務省,関東財務局,東京財務事務所,一般会計,普通財産,東京都千代田区富士見１−１０−７,391365931,314,391365931,市街化区域,商業地域,80,500,直ちに入札実施が困難
財務省,関東財務局,東京財務事務所,一般会計,普通財産,東京都中央区佃２−７−１５,111898175,190,111898175,市街化区域,第二種住居地域,80,400,直ちに入札実施が困難
財務省,関東財務局,東京財務事務所,一般会計,普通財産,東京都中央区佃２−７−１５,12002714,20,12002714,市街化区域,第二種住居地域,80,400,直ちに入札実施が困難
財務省,関東財務局,東京財務事務所,一般会計,普通財産,東京都中央区佃２−７−２,1178813,4,1178813,市街化区域,第二種住居地域,80,400,直ちに入札実施が困難
財務省,関東財務局,東京財務事務所,一般会計,普通財産,東京都中央区勝どき５−８０２−４,480300000,801,480300000,市街化区域,第一種住居地域,60,400,国において利用
財務省,関東財務局,東京財務事務所,一般会計,普通財産,東京都港区三田２−３７−９,2437319694,2259,2437319694,市街化区域,第一種中高層住居専用地域,60,300,地方公共団体等へ売払
財務省,関東財務局,東京財務事務所,一般会計,普通財産,東京都港区元麻布２−３２２−１,881703803,886,881703803,市街化区域,第一種中高層住居専用地域,60,300,地方公共団体等へ売払
財務省,関東財務局,東京財務事務所,一般会計,普通財産,東京都港区元麻布３−３８−１９,477899125,484,477899125,市街化区域,第一種中高層住居専用地域,60,300,一般競争入札（未実施）
財務省,関東財務局,東京財務事務所,一般会計,普通財産,東京都港区六本木１−３８５,3498034004,2192,3498034004,市街化区域,商業地域,80,500,一般競争入札（未実施）
財務省,関東財務局,東京財務事務所,一般会計,普通財産,東京都港区六本木７−２０８−１,3480861165,4732,3480861165,市街化区域,第一種住居地域,60,300,地方公共団体等において利用
財務省,関東財務局,東京財務事務所,一般会計,普通財産,東京都港区南青山１−３９−１１４,36226008,180,36226008,市街化区域,第二種中高層住居専用地域,60,200,直ちに入札実施が困難
財務省,関東財務局,東京財務事務所,一般会計,普通財産,東京都港区白金台４−２７３−５７,188576969,0,188576969,市街化区域,第一種住居地域,60,300,地方公共団体等へ売払
財務省,関東財務局,東京財務事務所,一般会計,普通財産,東京都港区白金４−４４５−７,603050426,1065,603050426,市街化区域,第一種中高層住居専用地域,60,300,一般競争入札（未実施）
財務省,関東財務局,東京財務事務所,一般会計,普通財産,東京都港区赤坂７−１６３,1622025223,1401,1622025223,市街化区域,第二種中高層住居専用地域,60,300,国において利用
財務省,関東財務局,東京財務事務所,一般会計,普通財産,東京都港区高輪３−１６１−１,760976370,854,760976370,市街化区域,第一種住居地域,60,300,地方公共団体等へ売払
財務省,関東財務局,東京財務事務所,一般会計,普通財産,東京都新宿区北新宿２−１４−１０７外１筆,10833861,38,10833861,市街化区域,第一種住居地域,60,300,一般競争入札（未実施）
財務省,関東財務局,東京財務事務所,一般会計,普通財産,東京都新宿区富久町９０−２外２筆,605419761,1409,605419761,市街化区域,第一種住居地域,60,300,地方公共団体等において利用
財務省,関東財務局,東京財務事務所,一般会計,普通財産,東京都新宿区本塩町６−６外３筆,877396940,1085,877396940,市街化区域,第一種住居地域,60,300,地方公共団体等へ売払
財務省,関東財務局,東京財務事務所,一般会計,普通財産,東京都新宿区百人町３−４２０−５２,591629417,1007,591629417,市街化区域,第一種中高層住居専用地域,60,300,直ちに入札実施が困難
財務省,関東財務局,東京財務事務所,一般会計,普通財産,東京都新宿区高田馬場４−７４２−７,55432426,167,55432426,市街化区域,第一種住居地域,60,400,地方公共団体等へ売払
財務省,関東財務局,東京財務事務所,一般会計,普通財産,東京都文京区千石２−６２−１１６,153778000,334,153778000,市街化区域,第一種住居地域,60,300,一般競争入札（未実施）
財務省,関東財務局,東京財務事務所,一般会計,普通財産,東京都文京区小日向１−５４−１,991644840,3118,991644840,市街化区域,第一種低層住居専用地域,60,150,一般競争入札（未実施）
財務省,関東財務局,東京財務事務所,一般会計,普通財産,東京都文京区小日向２−１７５,621270742,1472,621270742,市街化区域,第一種低層住居専用地域,60,150,一般競争入札（未実施）
財務省,関東財務局,東京財務事務所,一般会計,普通財産,東京都文京区小日向２−１８７,2197786862,7182,2197786862,市街化区域,第一種低層住居専用地域,60,150,地方公共団体等において利用
財務省,関東財務局,東京財務事務所,一般会計,普通財産,東京都文京区小石川３−８８−２,604956537,1227,604956537,市街化区域,第一種中高層住居専用地域,60,300,一般競争入札（未実施）
財務省,関東財務局,東京財務事務所,一般会計,普通財産,東京都文京区本郷４−３４−１,666079023,1592,666079023,市街化区域,第一種住居地域,60,300,一般競争入札（未実施）
財務省,関東財務局,東京財務事務所,一般会計,普通財産,東京都文京区本郷５−３３２−６,5967297,50,5967297,市街化区域,第二種住居地域,60,300,一般競争入札（未実施）
財務省,関東財務局,東京財務事務所,一般会計,普通財産,東京都文京区白山４−１２６−７,521388280,1122,521388280,市街化区域,第一種低層住居専用地域,60,150,地方公共団体等へ売払
財務省,関東財務局,東京財務事務所,一般会計,普通財産,東京都文京区西片１−１０−５５４,210456810,280,210456810,市街化区域,第一種低層住居専用地域,60,150,一般競争入札（未実施）
財務省,関東財務局,東京財務事務所,一般会計,普通財産,東京都台東区花川戸１−２４−４,42861162,68,42861162,市街化区域,商業地域,80,700,一般競争入札（未実施）
財務省,関東財務局,東京財務事務所,一般会計,普通財産,東京都台東区雷門１−２５−２９,9939905,33,9939905,市街化区域,商業地域,80,700,一般競争入札（未実施）
財務省,関東財務局,東京財務事務所,一般会計,普通財産,東京都墨田区京島３−８１−３８,13608823,57,13608823,市街化区域,準工業地域,80,200,当分の間入札実施が困難
財務省,関東財務局,東京財務事務所,一般会計,普通財産,東京都墨田区向島５−５０−３０,25634694,106,25634694,市街化区域,近隣商業地域,80,300,当分の間入札実施が困難
財務省,関東財務局,東京財務事務所,一般会計,普通財産,東京都墨田区太平１−１０−３外１筆,64853444,199,64853444,市街化区域,近隣商業地域,80,400,当分の間入札実施が困難
財務省,関東財務局,東京財務事務所,一般会計,普通財産,東京都江東区亀戸５−１７９−１２,2422070,85,2422070,市街化区域,第一種住居地域,60,300,当分の間入札実施が困難
財務省,関東財務局,東京財務事務所,一般会計,普通財産,東京都江東区越中島２−１−３１,103393238,798,103393238,市街化区域,第一種住居地域,60,300,一般競争入札（未実施）
財務省,関東財務局,東京財務事務所,一般会計,普通財産,東京都品川区上大崎３−３５３−３外４筆,636520142,1140,636520142,市街化区域,第一種住居地域,60,300,地方公共団体等へ売払
財務省,関東財務局,東京財務事務所,一般会計,普通財産,東京都品川区南品川４−２６２−１,796783848,2376,796783848,市街化区域,第一種住居地域,60,300,地方公共団体等へ売払
財務省,関東財務局,東京財務事務所,一般会計,普通財産,東京都品川区小山台２−２２−１０外１筆,6263369462,22211,6263369462,市街化区域,第一種中高層住居専用地域,60,200,地方公共団体等へ売払
財務省,関東財務局,東京財務事務所,一般会計,普通財産,東京都品川区小山台２−２２−３,546456036,1467,546456036,市街化区域,第一種中高層住居専用地域,60,200,地方公共団体等へ売払
財務省,関東財務局,東京財務事務所,一般会計,普通財産,東京都品川区東五反田５−６０−４７,1182830866,1466,1182830866,市街化区域,第一種低層住居専用地域,60,150,地方公共団体等へ売払
財務省,関東財務局,東京財務事務所,一般会計,普通財産,東京都目黒区中町１−１５３８−２５,115808000,263,115808000,市街化区域,近隣商業地域,80,200,一般競争入札（未実施）
財務省,関東財務局,東京財務事務所,一般会計,普通財産,東京都目黒区中目黒２−２８３−６,2240632804,5102,2240632804,市街化区域,第二種中高層住居専用地域,60,200,国において利用
財務省,関東財務局,東京財務事務所,一般会計,普通財産,東京都目黒区八雲３−３５−３,323720000,647,323720000,市街化区域,第一種低層住居専用地域,60,150,地方公共団体等において利用
財務省,関東財務局,東京財務事務所,一般会計,普通財産,東京都目黒区目黒３−９３５−２,901347514,2340,901347514,市街化区域,第一種低層住居専用地域,60,150,一般競争入札（未実施）
財務省,関東財務局,東京財務事務所,一般会計,普通財産,東京都目黒区鷹番３−１０３−１外１筆,472869329,878,472869329,市街化区域,第一種中高層住居専用地域,60,200,地方公共団体等において利用
財務省,関東財務局,東京財務事務所,一般会計,普通財産,東京都大田区中央４−１０３５−２８外２筆,46051152,165,46051152,市街化区域,第一種住居地域,60,200,一般競争入札（未実施）
財務省,関東財務局,東京財務事務所,一般会計,普通財産,東京都大田区中央２−４２−４,10650711,43,10650711,市街化区域,第一種住居地域,60,200,一般競争入札（売残）
財務省,関東財務局,東京財務事務所,一般会計,普通財産,東京都大田区仲六郷３−９−２４,19027677,90,19027677,市街化区域,準工業地域,60,200,一般競争入札（売残）
財務省,関東財務局,東京財務事務所,一般会計,普通財産,東京都大田区千鳥２−２１,686484332,1878,686484332,市街化区域,準工業地域,60,200,地方公共団体等へ売払
財務省,関東財務局,東京財務事務所,一般会計,普通財産,東京都大田区南馬込１−７５２−１,126310259,391,126310259,市街化区域,第一種低層住居専用地域,50,100,一般競争入札（未実施）
財務省,関東財務局,東京財務事務所,一般会計,普通財産,東京都大田区南馬込１−８０６−２４,30624511,120,30624511,市街化区域,第一種低層住居専用地域,50,100,一般競争入札（売残）
財務省,関東財務局,東京財務事務所,一般会計,普通財産,東京都大田区大森北３−３２４−１,5304572,80,5304572,市街化区域,第一種住居地域,60,300,一般競争入札（売残）
財務省,関東財務局,東京財務事務所,一般会計,普通財産,東京都大田区矢口２−２８−１０,102800004,313,102800004,市街化区域,準工業地域,60,200,当分の間入札実施が困難
財務省,関東財務局,東京財務事務所,一般会計,普通財産,東京都大田区矢口２−７８２−１０,9243428,121,9243428,市街化区域,準工業地域,60,200,一般競争入札（未実施）
財務省,関東財務局,東京財務事務所,一般会計,普通財産,東京都大田区西六郷１−６−８９,13190971,52,13190971,市街化区域,準工業地域,60,200,一般競争入札（未実施）
財務省,関東財務局,東京財務事務所,一般会計,普通財産,東京都大田区西六郷１−６−９０,16465450,60,16465450,市街化区域,準工業地域,60,200,一般競争入札（未実施）
財務省,関東財務局,東京財務事務所,一般会計,普通財産,東京都大田区西六郷２−１０−９１外１筆,17535734,79,17535734,市街化区域,準工業地域,60,200,一般競争入札（未実施）
財務省,関東財務局,東京財務事務所,一般会計,普通財産,東京都世田谷区上用賀４−１０−９,8018312340,31079,8018312340,市街化区域,第一種中高層住居専用地域,60,200,地方公共団体等へ売払
財務省,関東財務局,東京財務事務所,一般会計,普通財産,東京都世田谷区上馬１−５８０−１３,4063194,101,4063194,市街化区域,第一種低層住居専用地域,60,150,一般競争入札（売残）
財務省,関東財務局,東京財務事務所,一般会計,普通財産,東京都世田谷区下馬２−１４９−１,892794957,1990,892794957,市街化区域,第一種中高層住居専用地域,60,200,地方公共団体等において利用
財務省,関東財務局,東京財務事務所,一般会計,普通財産,東京都世田谷区下馬２−７７−４３,84272500,163,84272500,市街化区域,第一種住居地域,60,300,一般競争入札（未実施）
財務省,関東財務局,東京財務事務所,一般会計,普通財産,東京都世田谷区代沢１−５０−１外３筆,1816513920,6307,1816513920,市街化区域,第一種低層住居専用地域,50,150,地方公共団体等へ売払
財務省,関東財務局,東京財務事務所,一般会計,普通財産,東京都世田谷区代沢２−１６１−１８外１筆のうち,917823308,2003,917823308,市街化区域,第一種低層住居専用地域,50,150,地方公共団体等において利用
財務省,関東財務局,東京財務事務所,一般会計,普通財産,東京都世田谷区南烏山６−１８０１−１４外１筆,81561467,214,81561467,市街化区域,第一種住居地域,60,200,当分の間入札実施が困難
財務省,関東財務局,東京財務事務所,一般会計,普通財産,東京都世田谷区宮坂３−２３４９−１,69126056,186,69126056,市街化区域,近隣商業地域,80,200,当分の間入札実施が困難
財務省,関東財務局,東京財務事務所,一般会計,普通財産,東京都世田谷区弦巻５−６５８−１,893397600,3309,893397600,市街化区域,第一種中高層住居専用地域,60,200,地方公共団体等において利用
財務省,関東財務局,東京財務事務所,一般会計,普通財産,東京都世田谷区東玉川１−６８−３外１筆,230418660,526,230418660,市街化区域,第一種低層住居専用地域,50,100,地方公共団体等において利用
財務省,関東財務局,東京財務事務所,一般会計,普通財産,東京都世田谷区池尻３−２３８−１０,52853379,164,52853379,市街化区域,第一種住居地域,60,200,当分の間入札実施が困難
財務省,関東財務局,東京財務事務所,一般会計,普通財産,東京都世田谷区深沢６−５４−６０,40713665,116,40713665,市街化区域,第一種低層住居専用地域,50,100,一般競争入札（未実施）
財務省,関東財務局,東京財務事務所,一般会計,普通財産,東京都世田谷区瀬田４−３３８−２１,1237329300,4796,1237329300,市街化区域,第一種中高層住居専用地域,60,200,地方公共団体等において利用
財務省,関東財務局,東京財務事務所,一般会計,普通財産,東京都世田谷区砧１−３３１−１９外１筆,600618498,1754,600618498,市街化区域,第一種低層住居専用地域,50,100,当分の間入札実施が困難
財務省,関東財務局,東京財務事務所,一般会計,普通財産,東京都世田谷区若林３−１１９−８外２筆,205291588,588,205291588,市街化区域,第一種中高層住居専用地域,60,200,一般競争入札（未実施）
財務省,関東財務局,東京財務事務所,一般会計,普通財産,東京都世田谷区駒沢２−８０−１０,69833400,166,69833400,市街化区域,第一種低層住居専用地域,50,100,一般競争入札（未実施）
財務省,関東財務局,東京財務事務所,一般会計,普通財産,東京都渋谷区代々木３−１９−１外,6524106130,9471,6524106130,市街化区域,商業地域,80,500,地方公共団体等へ売払
財務省,関東財務局,東京財務事務所,一般会計,普通財産,東京都渋谷区広尾４−１−４９,1320863841,1504,1320863841,市街化区域,第二種中高層住居専用地域,60,300,一般競争入札（未実施）
財務省,関東財務局,東京財務事務所,一般会計,普通財産,東京都渋谷区広尾４−１−５８,826961940,901,826961940,市街化区域,第二種中高層住居専用地域,60,300,一般競争入札（未実施）
財務省,関東財務局,東京財務事務所,一般会計,普通財産,東京都渋谷区恵比寿南３−４８−１のうち,3725314446,4632,3725314446,市街化区域,第一種住居地域,60,300,直ちに入札実施が困難
財務省,関東財務局,東京財務事務所,一般会計,普通財産,東京都渋谷区本町３−２４−７外,209915901,512,209915901,市街化区域,第一種住居地域,60,300,一般競争入札（未実施）
財務省,関東財務局,東京財務事務所,一般会計,普通財産,東京都渋谷区渋谷４−４−３,751085568,752,751085568,市街化区域,第二種中高層住居専用地域,60,300,一般競争入札（未実施）
財務省,関東財務局,東京財務事務所,一般会計,普通財産,東京都渋谷区神宮前１−４−１,647943942,823,647943942,市街化区域,第二種中高層住居専用地域,60,300,当分の間入札実施が困難
財務省,関東財務局,東京財務事務所,一般会計,普通財産,東京都渋谷区神宮前３−１８−２５,896230051,1230,896230051,市街化区域,第一種中高層住居専用地域,60,200,地方公共団体等へ売払
財務省,関東財務局,東京財務事務所,一般会計,普通財産,東京都渋谷区神宮前３−３５−５,1153986754,1525,1153986754,市街化区域,第一種中高層住居専用地域,60,200,一般競争入札（未実施）
財務省,関東財務局,東京財務事務所,一般会計,普通財産,東京都中野区中央１−５９０−２,927965837,2607,927965837,市街化区域,第一種中高層住居専用地域,60,200,地方公共団体等へ売払
財務省,関東財務局,東京財務事務所,一般会計,普通財産,東京都中野区新井１−８８−４,12511152,82,12511152,市街化区域,第一種住居地域,60,200,当分の間入札実施が困難
財務省,関東財務局,東京財務事務所,一般会計,普通財産,東京都中野区新井３−１８−４,875720215,2926,875720215,市街化区域,第一種中高層住居専用地域,60,200,地方公共団体等へ売払
財務省,関東財務局,東京財務事務所,一般会計,普通財産,東京都中野区本町５−１３−１９,23144124,77,23144124,市街化区域,第一種中高層住居専用地域,60,200,一般競争入札（未実施）
財務省,関東財務局,東京財務事務所,一般会計,普通財産,東京都中野区江古田４−１７３２−２外,516717634,2512,516717634,市街化区域,第一種低層住居専用地域,60,150,地方公共団体等において利用
財務省,関東財務局,東京財務事務所,一般会計,普通財産,東京都杉並区下井草１−９３１−４外４筆,387546815,1208,387546815,市街化区域,第一種低層住居専用地域,50,100,地方公共団体等において利用
財務省,関東財務局,東京財務事務所,一般会計,普通財産,東京都杉並区井草１−１１−３,144316950,418,144316950,市街化区域,近隣商業地域,80,300,地方公共団体等において利用
財務省,関東財務局,東京財務事務所,一般会計,普通財産,東京都杉並区今川２−１５０−２,54531200,170,54531200,市街化区域,第一種低層住居専用地域,50,100,一般競争入札（未実施）
財務省,関東財務局,東京財務事務所,一般会計,普通財産,東京都杉並区和泉４−３４４−６外１筆,121324166,392,121324166,市街化区域,第一種中高層住居専用地域,60,200,直ちに入札実施が困難
財務省,関東財務局,東京財務事務所,一般会計,普通財産,東京都杉並区和泉４−３７２−１５外１筆,60484596,204,60484596,市街化区域,第一種中高層住居専用地域,60,200,直ちに入札実施が困難
財務省,関東財務局,東京財務事務所,一般会計,普通財産,東京都杉並区天沼３−１９０−１,725605440,3182,725605440,市街化区域,第一種中高層住居専用地域,60,200,当分の間入札実施が困難
財務省,関東財務局,東京財務事務所,一般会計,普通財産,東京都杉並区本天沼２−８５７−２７外２筆,81439933,304,81439933,市街化区域,第一種低層住居専用地域,50,100,一般競争入札（未実施）
財務省,関東財務局,東京財務事務所,一般会計,普通財産,東京都杉並区松ノ木１−１２７６−５,49940318,147,49940318,市街化区域,近隣商業地域,80,300,当分の間入札実施が困難
財務省,関東財務局,東京財務事務所,一般会計,普通財産,東京都杉並区高円寺北１−６３７−１４,335038680,1034,335038680,市街化区域,第一種中高層住居専用地域,60,200,一般競争入札（未実施）
財務省,関東財務局,東京財務事務所,一般会計,普通財産,東京都杉並区高円寺北４−５０６−７,1374264424,6438,1374264424,市街化区域,第一種中高層住居専用地域,60,200,地方公共団体等へ売払
財務省,関東財務局,東京財務事務所,一般会計,普通財産,東京都豊島区要町２−２９−１,326631330,798,326631330,市街化区域,第一種低層住居専用地域,60,150,一般競争入札（未実施）
財務省,関東財務局,東京財務事務所,一般会計,普通財産,東京都北区上十条５−２８−８６外２筆,5962060,181,5962060,市街化区域,第一種中高層住居専用地域,60,150,一般競争入札（未実施）
財務省,関東財務局,東京財務事務所,一般会計,普通財産,東京都北区堀船３−４３−１５,19211133,75,19211133,市街化区域,準工業地域,60,200,一般競争入札（未実施）
財務省,関東財務局,東京財務事務所,一般会計,普通財産,東京都北区岩淵町５０２−１２,14742930,66,14742930,市街化区域,第一種中高層住居専用地域,60,200,一般競争入札（未実施）
財務省,関東財務局,東京財務事務所,一般会計,普通財産,東京都北区岩淵町５０２−１３,7480549,41,7480549,市街化区域,第一種中高層住居専用地域,60,200,一般競争入札（未実施）
財務省,関東財務局,東京財務事務所,一般会計,普通財産,東京都北区浮間４−２５−３,327584520,3033,327584520,市街化区域,準工業地域,60,200,地方公共団体等へ売払
財務省,関東財務局,東京財務事務所,一般会計,普通財産,東京都北区滝野川２−６−４５,356391664,1549,356391664,市街化区域,第一種中高層住居専用地域,60,200,一般競争入札（未実施）
財務省,関東財務局,東京財務事務所,一般会計,普通財産,東京都北区滝野川３−５１−１５外２筆,2160572092,10267,2160572092,市街化区域,第一種中高層住居専用地域,60,200,地方公共団体等へ売払
財務省,関東財務局,東京財務事務所,一般会計,普通財産,東京都北区王子本町２−１８−３,47444045,206,47444045,市街化区域,第一種住居地域,60,200,一般競争入札（売残）
財務省,関東財務局,東京財務事務所,一般会計,普通財産,東京都北区王子４−１１−２５外１筆,363331063,1288,363331063,市街化区域,第一種住居地域,60,200,一般競争入札（未実施）
財務省,関東財務局,東京財務事務所,一般会計,普通財産,東京都北区王子６−７−１５６,599037120,3025,599037120,市街化区域,第一種中高層住居専用地域,60,150,地方公共団体等において利用
財務省,関東財務局,東京財務事務所,一般会計,普通財産,東京都北区西ケ原３−３７−２９,17327062,84,17327062,市街化区域,第一種中高層住居専用地域,60,150,一般競争入札（未実施）
財務省,関東財務局,東京財務事務所,一般会計,普通財産,東京都北区豊島８−２５−２４外２筆,16481029,78,16481029,市街化区域,第一種住居地域,60,200,一般競争入札（未実施）
財務省,関東財務局,東京財務事務所,一般会計,普通財産,東京都板橋区四葉２−２７−９,284290979,1403,284290979,市街化区域,第一種中高層住居専用地域,60,200,地方公共団体等へ売払
財務省,関東財務局,東京財務事務所,一般会計,普通財産,東京都板橋区四葉２−２９−２,93840200,399,93840200,市街化区域,第一種中高層住居専用地域,60,200,地方公共団体等へ売払
財務省,関東財務局,東京財務事務所,一般会計,普通財産,東京都板橋区大山東町３４−１３,289838934,1010,289838934,市街化区域,第二種住居地域,60,300,地方公共団体等において利用
財務省,関東財務局,東京財務事務所,一般会計,普通財産,東京都板橋区東坂下２−５−１８外１筆,10948065,58,10948065,市街化区域,工業地域,60,200,一般競争入札（売残）
財務省,関東財務局,東京財務事務所,一般会計,普通財産,東京都板橋区東坂下２−５−２１,9975746,54,9975746,市街化区域,工業地域,60,200,一般競争入札（売残）
財務省,関東財務局,東京財務事務所,一般会計,普通財産,東京都練馬区向山３−１６０９−３７,46484552,180,46484552,市街化区域,第一種低層住居専用地域,50,100,当分の間入札実施が困難
財務省,関東財務局,東京財務事務所,一般会計,普通財産,東京都練馬区氷川台３−３３５外１筆,131897500,377,131897500,市街化区域,近隣商業地域,80,300,地方公共団体等へ売払
財務省,関東財務局,東京財務事務所,一般会計,普通財産,東京都足立区佐野１−３３７−１外２筆,149724448,1122,149724448,市街化区域,第一種中高層住居専用地域,60,200,当分の間入札実施が困難
財務省,関東財務局,東京財務事務所,一般会計,普通財産,東京都足立区六木２−６０２−１,19747276,275,19747276,市街化区域,第一種中高層住居専用地域,60,200,直ちに入札実施が困難
財務省,関東財務局,東京財務事務所,一般会計,普通財産,東京都足立区六木２−６０２−３,66485330,925,66485330,市街化区域,第一種中高層住居専用地域,60,200,直ちに入札実施が困難
財務省,関東財務局,東京財務事務所,一般会計,普通財産,東京都足立区六木２−６４８−３,67714131,626,67714131,市街化区域,第一種中高層住居専用地域,60,200,当分の間入札実施が困難
財務省,関東財務局,東京財務事務所,一般会計,普通財産,東京都足立区六木２−６５０−２,20990559,194,20990559,市街化区域,第一種中高層住居専用地域,60,200,一般競争入札（未実施）
財務省,関東財務局,東京財務事務所,一般会計,普通財産,東京都足立区六町１−１３０５−７外２筆,158945775,1321,158945775,市街化区域,第一種中高層住居専用地域,60,200,当分の間入札実施が困難
財務省,関東財務局,東京財務事務所,一般会計,普通財産,東京都足立区堀之内２−１１−１０外１筆,46368477,297,46368477,市街化区域,準工業地域,60,200,一般競争入札（未実施）
財務省,関東財務局,東京財務事務所,一般会計,普通財産,東京都足立区扇１−４９１５−１３外１筆,10078186,68,10078186,市街化区域,第一種住居地域,60,300,当分の間入札実施が困難
財務省,関東財務局,東京財務事務所,一般会計,普通財産,東京都足立区東和３−５−２,118229650,483,118229650,市街化区域,第一種住居地域,60,300,一般競争入札（未実施）
財務省,関東財務局,東京財務事務所,一般会計,普通財産,東京都足立区綾瀬１−１０８−３２外１筆,3241767,52,3241767,市街化区域,第一種中高層住居専用地域,60,300,一般競争入札（未実施）
財務省,関東財務局,東京財務事務所,一般会計,普通財産,東京都足立区西綾瀬２−７７７外２筆,139717548,750,139717548,市街化区域,第一種中高層住居専用地域,60,200,一般競争入札（未実施）
財務省,関東財務局,東京財務事務所,一般会計,普通財産,東京都足立区青井５−１００８−１,137136450,538,137136450,市街化区域,準工業地域,60,400,一般競争入札（売残）
財務省,関東財務局,東京財務事務所,一般会計,普通財産,東京都足立区鹿浜２−４２−３,44001700,303,44001700,市街化区域,第一種住居地域,60,200,一般競争入札（未実施）
財務省,関東財務局,東京財務事務所,一般会計,普通財産,東京都足立区鹿浜２−４３−７,48476400,334,48476400,市街化区域,第一種住居地域,60,200,一般競争入札（未実施）
財務省,関東財務局,東京財務事務所,一般会計,普通財産,東京都葛飾区堀切３−１８−４６,4574934,25,4574934,市街化区域,準工業地域,60,200,一般競争入札（未実施）
財務省,関東財務局,東京財務事務所,一般会計,普通財産,東京都葛飾区堀切７−８２６−２,165128496,649,165128496,市街化区域,第一種住居地域,60,200,一般競争入札（売残）
財務省,関東財務局,東京財務事務所,一般会計,普通財産,東京都葛飾区奥戸８−２９０−３,1385707,22,1385707,市街化区域,第一種中高層住居専用地域,60,200,一般競争入札（未実施）
財務省,関東財務局,東京財務事務所,一般会計,普通財産,東京都葛飾区宝町１−１４−１６,30711920,172,30711920,市街化区域,準工業地域,60,200,直ちに入札実施が困難
財務省,関東財務局,東京財務事務所,一般会計,普通財産,東京都葛飾区小菅１−１９−３０,405338040,3753,405338040,市街化区域,第二種住居地域,60,200,地方公共団体等へ売払
財務省,関東財務局,東京財務事務所,一般会計,普通財産,東京都葛飾区西水元６−１２８１,12167077,95,12167077,市街化区域,第二種低層住居専用地域,50,150,一般競争入札（未実施）
財務省,関東財務局,東京財務事務所,一般会計,普通財産,東京都葛飾区高砂３−１３３９−１外１筆,29869434,174,29869434,市街化区域,第一種中高層住居専用地域,60,200,一般競争入札（未実施）
財務省,関東財務局,東京財務事務所,一般会計,普通財産,東京都江戸川区北葛西２−６９４外４筆,305788812,2187,305788812,市街化区域,第一種中高層住居専用地域,50,100,当分の間入札実施が困難
財務省,関東財務局,東京財務事務所,一般会計,普通財産,東京都江戸川区本一色３−８６０−３,82629921,482,82629921,市街化区域,第一種中高層住居専用地域,50,100,一般競争入札（売残）
財務省,関東財務局,東京財務事務所,一般会計,普通財産,東京都江戸川区松島１−２４２１−２,7376222,39,7376222,市街化区域,近隣商業地域,80,300,一般競争入札（売残）
財務省,関東財務局,東京財務事務所,一般会計,普通財産,東京都江戸川区篠崎町６−５７−４外２筆,190777933,922,190777933,市街化区域,第一種中高層住居専用地域,50,100,当分の間入札実施が困難
財務省,関東財務局,東京財務事務所,一般会計,普通財産,東京都江戸川区篠崎町７−２６５−１１,31251610,179,31251610,市街化区域,第一種住居地域,60,200,一般競争入札（未実施）
財務省,関東財務局,東京財務事務所立川出張所,一般会計,普通財産,東京都八王子市上川町２３９３−１外１筆,74096299,1845,74096299,市街化区域,第一種低層住居専用地域,40,80,当分の間入札実施が困難
財務省,関東財務局,東京財務事務所立川出張所,一般会計,普通財産,東京都八王子市上恩方町２３５３−２,74180904,40958,74180904,市街化調整区域,都市計画用途地域指定なし,40,80,一般競争入札（売残）
財務省,関東財務局,東京財務事務所立川出張所,一般会計,普通財産,東京都八王子市上恩方町３３５８−ロ甲外１筆,831872,6048,831872,市街化調整区域,都市計画用途地域指定なし,40,80,当分の間入札実施が困難
財務省,関東財務局,東京財務事務所立川出張所,一般会計,普通財産,東京都八王子市上恩方町３３７２,1737045,12892,1737045,市街化調整区域,都市計画用途地域指定なし,40,80,当分の間入札実施が困難
財務省,関東財務局,東京財務事務所立川出張所,一般会計,普通財産,東京都八王子市上恩方町３６５１−１,42044319,51360,42044319,市街化調整区域,都市計画用途地域指定なし,40,80,一般競争入札（売残）
財務省,関東財務局,東京財務事務所立川出張所,一般会計,普通財産,東京都八王子市上恩方町３７７０−１外１０筆,45795716,73974,45795716,市街化調整区域,都市計画用途地域指定なし,40,80,当分の間入札実施が困難
財務省,関東財務局,東京財務事務所立川出張所,一般会計,普通財産,東京都八王子市上恩方町７９５−１外３筆,11529222,19182,11529222,市街化調整区域,都市計画用途地域指定なし,40,80,一般競争入札（売残）
財務省,関東財務局,東京財務事務所立川出張所,一般会計,普通財産,東京都八王子市下恩方町２４５４,17548865,41706,17548865,市街化調整区域,都市計画用途地域指定なし,40,80,一般競争入札（売残）
財務省,関東財務局,東京財務事務所立川出張所,一般会計,普通財産,東京都八王子市元本郷町２−２７−１,201090515,1539,201090515,市街化区域,準工業地域,60,200,当分の間入札実施が困難
財務省,関東財務局,東京財務事務所立川出張所,一般会計,普通財産,東京都八王子市千人町３−３２−２８,11210783,168,11210783,市街化区域,準工業地域,60,200,直ちに入札実施が困難
財務省,関東財務局,東京財務事務所立川出張所,一般会計,普通財産,東京都八王子市大和田町２−３−２２,73525382,517,73525382,市街化区域,準工業地域,60,200,一般競争入札（未実施）
財務省,関東財務局,東京財務事務所立川出張所,一般会計,普通財産,東京都八王子市小比企町９８９外２筆,116833886,3979,116833886,市街化区域,第一種低層住居専用地域,40,80,国において利用
財務省,関東財務局,東京財務事務所立川出張所,一般会計,普通財産,東京都八王子市山田町１６５３−１外２筆,93265040,1060,93265040,市街化区域,第一種中高層住居専用地域,60,200,一般競争入札（未実施）
財務省,関東財務局,東京財務事務所立川出張所,一般会計,普通財産,東京都八王子市廿里町１８３３−９０,26802028,680,26802028,市街化調整区域,第一種低層住居専用地域,30,50,一般競争入札（未実施）
財務省,関東財務局,東京財務事務所立川出張所,一般会計,普通財産,東京都八王子市廿里町３５−１４,59954400,500,59954400,市街化区域,第一種低層住居専用地域,40,80,地方公共団体等へ売払
財務省,関東財務局,東京財務事務所立川出張所,一般会計,普通財産,東京都八王子市明神町４−１２−１,1078653503,7045,1078653503,市街化区域,第二種住居地域,60,200,直ちに入札実施が困難
財務省,関東財務局,東京財務事務所立川出張所,一般会計,普通財産,東京都八王子市暁町３−５２９−１,147359517,2538,147359517,市街化区域,第一種中高層住居専用地域,60,200,一般競争入札（売残）
財務省,関東財務局,東京財務事務所立川出張所,一般会計,普通財産,東京都八王子市横川町６６３−１外３筆,118184322,1595,118184322,市街化区域,第一種低層住居専用地域,40,80,一般競争入札（未実施）
財務省,関東財務局,東京財務事務所立川出張所,一般会計,普通財産,東京都立川市富士見町１−１９−３３,11084967,138,11084967,市街化区域,第一種中高層住居専用地域,60,200,直ちに入札実施が困難
財務省,関東財務局,東京財務事務所立川出張所,一般会計,普通財産,東京都立川市富士見町２−１０３−１,15042706,381,15042706,市街化調整区域,都市計画用途地域指定なし,40,80,当分の間入札実施が困難
財務省,関東財務局,東京財務事務所立川出張所,一般会計,普通財産,東京都昭島市築地町字武蔵野３９９外,15669870993,350508,15669870993,市街化調整区域,第二種住居地域,60,200,国において利用
財務省,関東財務局,東京財務事務所立川出張所,一般会計,普通財産,東京都立川市泉町１１５６−１５外のうち,5487983395,64067,5487983395,市街化調整区域,都市計画用途地域指定なし,40,80,地方公共団体等へ売払
財務省,関東財務局,東京財務事務所立川出張所,一般会計,普通財産,東京都立川市砂川町５−１１−２外のうち,917090439,23222,917090439,市街化区域,第一種低層住居専用地域,40,80,当分の間入札実施が困難
財務省,関東財務局,東京財務事務所立川出張所,一般会計,普通財産,東京都立川市砂川町５−５４−１外のうち,3515305464,32322,3515305464,市街化区域,第一種低層住居専用地域,40,80,当分の間入札実施が困難
財務省,関東財務局,東京財務事務所立川出張所,一般会計,普通財産,東京都立川市錦町３−１１−１,758736180,4959,758736180,市街化区域,第二種住居地域,60,200,当分の間入札実施が困難
財務省,関東財務局,東京財務事務所立川出張所,一般会計,普通財産,東京都武蔵野市中町３−２３−５,645083400,1654,645083400,市街化区域,第一種低層住居専用地域,50,100,直ちに入札実施が困難
財務省,関東財務局,東京財務事務所立川出張所,一般会計,普通財産,東京都武蔵野市吉祥寺南町４−２３２６−５,368995968,874,368995968,市街化区域,第一種低層住居専用地域,40,80,一般競争入札（未実施）
財務省,関東財務局,東京財務事務所立川出張所,一般会計,普通財産,東京都三鷹市下連雀４−１７７−４外１筆,38667631,118,38667631,市街化区域,近隣商業地域,80,200,一般競争入札（未実施）
財務省,関東財務局,東京財務事務所立川出張所,一般会計,普通財産,東京都三鷹市北野３−４９８−１,26633843,174,26633843,市街化区域,第二種中高層住居専用地域,60,200,当分の間入札実施が困難
財務省,関東財務局,東京財務事務所立川出張所,一般会計,普通財産,東京都青梅市千ヶ瀬町５−５９８−１５,2362103,61,2362103,市街化区域,近隣商業地域,80,300,直ちに入札実施が困難
財務省,関東財務局,東京財務事務所立川出張所,一般会計,普通財産,東京都青梅市畑中３−９２８−２,16108146,391,16108146,市街化区域,準工業地域,60,150,直ちに入札実施が困難
財務省,関東財務局,東京財務事務所立川出張所,一般会計,普通財産,東京都青梅市裏宿町７４２−１外１筆,12429826,3193,12429826,市街化調整区域,都市計画用途地域指定なし,40,80,一般競争入札（売残）
財務省,関東財務局,東京財務事務所立川出張所,一般会計,普通財産,東京都府中市天神町１−７−４５,237138169,1151,237138169,市街化区域,第一種低層住居専用地域,40,80,直ちに入札実施が困難
財務省,関東財務局,東京財務事務所立川出張所,一般会計,普通財産,東京都府中市浅間町１,8107202518,148522,8107202518,市街化区域,第一種低層住居専用地域,30,50,地方公共団体等において利用
財務省,関東財務局,東京財務事務所立川出張所,一般会計,普通財産,東京都府中市清水が丘３−２−３７,17477466,98,17477466,市街化区域,第一種中高層住居専用地域,60,200,直ちに入札実施が困難
財務省,関東財務局,東京財務事務所立川出張所,一般会計,普通財産,東京都昭島市拝島町１−２５３３−８,3749891,97,3749891,市街化区域,第一種低層住居専用地域,40,80,当分の間入札実施が困難
財務省,関東財務局,東京財務事務所立川出張所,一般会計,普通財産,東京都昭島市東町２−１１９−５,350250324,2346,350250324,市街化区域,第一種中高層住居専用地域,60,200,地方公共団体等において利用
財務省,関東財務局,東京財務事務所立川出張所,一般会計,普通財産,東京都昭島市福島町１０９８−２外のうち,2246391666,53480,2246391666,市街化調整区域,近隣商業地域,80,300,国において利用
財務省,関東財務局,東京財務事務所立川出張所,一般会計,普通財産,東京都昭島市福島町１１８２外のうち,495632123,11800,495632123,市街化調整区域,第一種低層住居専用地域,30,50,国において利用
財務省,関東財務局,東京財務事務所立川出張所,一般会計,普通財産,東京都昭島市福島町９６１−１外のうち,1734772579,50995,1734772579,市街化調整区域,第一種低層住居専用地域,30,50,地方公共団体等において利用
財務省,関東財務局,東京財務事務所立川出張所,一般会計,普通財産,東京都調布市佐須町１−２−１０,91857451,401,91857451,市街化区域,第一種中高層住居専用地域,60,200,一般競争入札（未実施）
財務省,関東財務局,東京財務事務所立川出張所,一般会計,普通財産,東京都調布市柴崎１−２５−３０外１筆,43839594,165,43839594,市街化区域,第一種低層住居専用地域,40,80,一般競争入札（未実施）
財務省,関東財務局,東京財務事務所立川出張所,一般会計,普通財産,東京都調布市西町７１４−４ほか,23283444,901,23283444,市街化区域,第一種低層住居専用地域,30,50,地方公共団体等において利用
財務省,関東財務局,東京財務事務所立川出張所,一般会計,普通財産,東京都調布市西町７１４−４外,1578645833,59180,1578645833,市街化区域,第一種低層住居専用地域,30,50,地方公共団体等において利用
財務省,関東財務局,東京財務事務所立川出張所,一般会計,普通財産,東京都町田市小山町字十二号１８１８−１外１筆,191478077,3580,191478077,市街化区域,第一種低層住居専用地域,40,80,当分の間入札実施が困難
財務省,関東財務局,東京財務事務所立川出張所,一般会計,普通財産,東京都町田市本町田字乙五号３０４７−１２,19795033,239,19795033,市街化区域,第一種低層住居専用地域,40,80,一般競争入札（売残）
財務省,関東財務局,東京財務事務所立川出張所,一般会計,普通財産,東京都小金井市本町４−２６０６−９外１筆,79626184,393,79626184,市街化区域,第一種低層住居専用地域,50,100,当分の間入札実施が困難
財務省,関東財務局,東京財務事務所立川出張所,一般会計,普通財産,東京都小金井市本町４−２６３９外１筆,118130721,911,118130721,市街化区域,第一種低層住居専用地域,50,80,直ちに入札実施が困難
財務省,関東財務局,東京財務事務所立川出張所,一般会計,普通財産,東京都小金井市本町６−１８２７−６９外１筆,43449162,172,43449162,市街化区域,第一種住居地域,60,200,当分の間入札実施が困難
財務省,関東財務局,東京財務事務所立川出張所,一般会計,普通財産,東京都小金井市本町６−１８２７−８０,28050082,101,28050082,市街化区域,第一種住居地域,60,200,当分の間入札実施が困難
財務省,関東財務局,東京財務事務所立川出張所,一般会計,普通財産,東京都小金井市梶野町５−１０９２−１７,61586418,250,61586418,市街化区域,近隣商業地域,80,300,一般競争入札（未実施）
財務省,関東財務局,東京財務事務所立川出張所,一般会計,普通財産,東京都小金井市緑町２−２３５０−１３,347022544,1626,347022544,市街化区域,第一種低層住居専用地域,40,80,当分の間入札実施が困難
財務省,関東財務局,東京財務事務所立川出張所,一般会計,普通財産,東京都小金井市緑町５−２４４３−１０外３筆,739238942,3011,739238942,市街化区域,第一種中高層住居専用地域,60,200,地方公共団体等へ売払
財務省,関東財務局,東京財務事務所立川出張所,一般会計,普通財産,東京都小金井市貫井北町３−８８０−９,785708549,4762,785708549,市街化区域,第一種中高層住居専用地域,60,200,地方公共団体等において利用
財務省,関東財務局,東京財務事務所立川出張所,一般会計,普通財産,東京都小金井市貫井北町３−８８０−２,1976307301,11978,1976307301,市街化区域,第一種中高層住居専用地域,60,200,直ちに入札実施が困難
財務省,関東財務局,東京財務事務所立川出張所,一般会計,普通財産,東京都小金井市貫井北町５−７８６−３,433226640,3282,433226640,市街化区域,第一種低層住居専用地域,40,80,一般競争入札（未実施）
財務省,関東財務局,東京財務事務所立川出張所,一般会計,普通財産,東京都小平市上水南町４−５７１−５,150002077,673,150002077,市街化区域,第一種中高層住居専用地域,60,200,一般競争入札（未実施）
財務省,関東財務局,東京財務事務所立川出張所,一般会計,普通財産,東京都小平市回田町１６９−３外６筆,98523538,617,98523538,市街化区域,第一種低層住居専用地域,40,80,一般競争入札（未実施）
財務省,関東財務局,東京財務事務所立川出張所,一般会計,普通財産,東京都小平市学園西町３−１５８４−３８,226279054,1484,226279054,市街化区域,第一種低層住居専用地域,40,80,一般競争入札（未実施）
財務省,関東財務局,東京財務事務所立川出張所,一般会計,普通財産,東京都小平市小川町１−３０１４−５外４筆,219410546,1767,219410546,市街化区域,第一種低層住居専用地域,50,100,直ちに入札実施が困難
財務省,関東財務局,東京財務事務所立川出張所,一般会計,普通財産,東京都小平市花小金井１−１７−１６,46601429,232,46601429,市街化区域,第一種中高層住居専用地域,60,200,一般競争入札（未実施）
財務省,関東財務局,東京財務事務所立川出張所,一般会計,普通財産,東京都小平市花小金井４−２０７−１２,22934817,175,22934817,市街化区域,第二種住居地域,60,200,直ちに入札実施が困難
財務省,関東財務局,東京財務事務所立川出張所,一般会計,普通財産,東京都小平市鈴木町１−９９−１のうち,1080723000,10293,1080723000,市街化区域,第一種中高層住居専用地域,60,200,直ちに入札実施が困難
財務省,関東財務局,東京財務事務所立川出張所,一般会計,普通財産,東京都日野市大字日野１２０１−２,93951028,636,93951028,市街化区域,第一種低層住居専用地域,40,80,当分の間入札実施が困難
財務省,関東財務局,東京財務事務所立川出張所,一般会計,普通財産,東京都日野市大字日野１４９０−１,50761169,365,50761169,市街化区域,第一種低層住居専用地域,40,80,当分の間入札実施が困難
財務省,関東財務局,東京財務事務所立川出張所,一般会計,普通財産,東京都日野市大字日野２８５０−８,26121529,210,26121529,市街化区域,準工業地域,60,200,当分の間入札実施が困難
財務省,関東財務局,東京財務事務所立川出張所,一般会計,普通財産,東京都日野市日野本町１−１１−１７外１筆,43440517,387,43440517,市街化区域,第一種低層住居専用地域,40,80,当分の間入札実施が困難
財務省,関東財務局,東京財務事務所立川出張所,一般会計,普通財産,東京都日野市日野本町６−１−８４外１筆,914396340,8965,914396340,市街化区域,第二種中高層住居専用地域,60,200,当分の間入札実施が困難
財務省,関東財務局,東京財務事務所立川出張所,一般会計,普通財産,東京都日野市日野本町６−１−８５,90011940,882,90011940,市街化区域,第二種中高層住居専用地域,60,200,当分の間入札実施が困難
財務省,関東財務局,東京財務事務所立川出張所,一般会計,普通財産,東京都日野市日野本町６−１−８６,64199820,629,64199820,市街化区域,第二種中高層住居専用地域,60,200,直ちに入札実施が困難
財務省,関東財務局,東京財務事務所立川出張所,一般会計,普通財産,東京都日野市日野本町６−１−８７,299478120,2936,299478120,市街化区域,第二種中高層住居専用地域,60,200,当分の間入札実施が困難
財務省,関東財務局,東京財務事務所立川出張所,一般会計,普通財産,東京都日野市日野本町６−１−８８,323262480,3169,323262480,市街化区域,第二種中高層住居専用地域,60,200,当分の間入札実施が困難
財務省,関東財務局,東京財務事務所立川出張所,一般会計,普通財産,東京都日野市日野本町６−１−８９,227838420,2234,227838420,市街化区域,第二種中高層住居専用地域,60,200,直ちに入札実施が困難
財務省,関東財務局,東京財務事務所立川出張所,一般会計,普通財産,東京都日野市日野本町６−１−９０,452279220,4434,452279220,市街化区域,第二種中高層住居専用地域,60,200,当分の間入札実施が困難
財務省,関東財務局,東京財務事務所立川出張所,一般会計,普通財産,東京都日野市日野本町６−５−２４外２筆,31152648,242,31152648,市街化区域,第一種低層住居専用地域,40,80,当分の間入札実施が困難
財務省,関東財務局,東京財務事務所立川出張所,一般会計,普通財産,東京都日野市日野本町６−６−１８,20751183,212,20751183,市街化区域,第一種低層住居専用地域,50,100,当分の間入札実施が困難
財務省,関東財務局,東京財務事務所立川出張所,一般会計,普通財産,東京都日野市東平山３−１９−４,64347592,478,64347592,市街化区域,第一種低層住居専用地域,30,60,当分の間入札実施が困難
財務省,関東財務局,東京財務事務所立川出張所,一般会計,普通財産,東京都日野市東平山３−３−８,146440483,1190,146440483,市街化区域,第一種低層住居専用地域,30,60,当分の間入札実施が困難
財務省,関東財務局,東京財務事務所立川出張所,一般会計,普通財産,東京都日野市東平山３−４−５外１筆,223038609,1947,223038609,市街化区域,第二種中高層住居専用地域,60,200,当分の間入札実施が困難
財務省,関東財務局,東京財務事務所立川出張所,一般会計,普通財産,東京都日野市東平山３−４−９,51122261,458,51122261,市街化区域,第一種低層住居専用地域,30,60,当分の間入札実施が困難
財務省,関東財務局,東京財務事務所立川出張所,一般会計,普通財産,東京都日野市東豊田１−１０−２９,82596780,540,82596780,市街化区域,準住居地域,60,200,一般競争入札（未実施）
財務省,関東財務局,東京財務事務所立川出張所,一般会計,普通財産,東京都日野市栄町２−３１−４,10980369,113,10980369,市街化区域,第一種低層住居専用地域,40,80,一般競争入札（売残）
財務省,関東財務局,東京財務事務所立川出張所,一般会計,普通財産,東京都日野市百草６１７−１,252660240,3509,252660240,市街化区域,第一種低層住居専用地域,30,60,地方公共団体等へ売払
財務省,関東財務局,東京財務事務所立川出張所,一般会計,普通財産,東京都日野市西平山１−２５−１８外１筆,106511045,1119,106511045,市街化区域,第一種中高層住居専用地域,60,200,当分の間入札実施が困難
財務省,関東財務局,東京財務事務所立川出張所,一般会計,普通財産,東京都日野市西平山１−３１−１,220437007,2062,220437007,市街化区域,第二種中高層住居専用地域,60,200,当分の間入札実施が困難
財務省,関東財務局,東京財務事務所立川出張所,一般会計,普通財産,東京都日野市西平山１−５−３外１筆,81939303,760,81939303,市街化区域,第一種低層住居専用地域,30,60,当分の間入札実施が困難
財務省,関東財務局,東京財務事務所立川出張所,一般会計,普通財産,東京都日野市西平山１−７−７２,39533867,367,39533867,市街化区域,第一種低層住居専用地域,30,60,当分の間入札実施が困難
財務省,関東財務局,東京財務事務所立川出張所,一般会計,普通財産,東京都日野市西平山３−１３−３４,91676516,800,91676516,市街化区域,第一種低層住居専用地域,50,100,当分の間入札実施が困難
財務省,関東財務局,東京財務事務所立川出張所,一般会計,普通財産,東京都日野市西平山３−１６−４外４筆,374238863,5251,374238863,市街化区域,第一種低層住居専用地域,50,100,当分の間入札実施が困難
財務省,関東財務局,東京財務事務所立川出張所,一般会計,普通財産,東京都日野市西平山３−１９−１３,114491386,1337,114491386,市街化区域,準住居地域,60,200,当分の間入札実施が困難
財務省,関東財務局,東京財務事務所立川出張所,一般会計,普通財産,東京都日野市西平山３−２３−１外１筆,78490258,823,78490258,市街化区域,第一種低層住居専用地域,30,60,当分の間入札実施が困難
財務省,関東財務局,東京財務事務所立川出張所,一般会計,普通財産,東京都日野市西平山４−１０−５,55485117,1021,55485117,市街化区域,第二種中高層住居専用地域,60,200,当分の間入札実施が困難
財務省,関東財務局,東京財務事務所立川出張所,一般会計,普通財産,東京都日野市西平山４−１１−１０,32810400,326,32810400,市街化区域,第一種低層住居専用地域,30,60,当分の間入札実施が困難
財務省,関東財務局,東京財務事務所立川出張所,一般会計,普通財産,東京都日野市西平山４−１７−１３,28743427,352,28743427,市街化区域,第二種中高層住居専用地域,60,200,当分の間入札実施が困難
財務省,関東財務局,東京財務事務所立川出張所,一般会計,普通財産,東京都日野市西平山４−２３−４外２筆,68050151,1723,68050151,市街化区域,第一種低層住居専用地域,50,100,当分の間入札実施が困難
財務省,関東財務局,東京財務事務所立川出張所,一般会計,普通財産,東京都日野市西平山４−２３−６外３筆,92937587,1787,92937587,市街化区域,第一種低層住居専用地域,50,100,当分の間入札実施が困難
財務省,関東財務局,東京財務事務所立川出張所,一般会計,普通財産,東京都日野市西平山４−２４−９外４筆,85123114,2155,85123114,市街化区域,第一種低層住居専用地域,50,100,当分の間入札実施が困難
財務省,関東財務局,東京財務事務所立川出張所,一般会計,普通財産,東京都東村山市久米川町５−３６−４２,24329233,247,24329233,市街化区域,準工業地域,60,200,一般競争入札（売残）
財務省,関東財務局,東京財務事務所立川出張所,一般会計,普通財産,東京都東村山市富士見町１−２−５０,356185350,3830,356185350,市街化区域,第一種中高層住居専用地域,60,200,一般競争入札（未実施）
財務省,関東財務局,東京財務事務所立川出張所,一般会計,普通財産,東京都東村山市富士見町１−２−９１,570737,51,570737,市街化区域,第一種中高層住居専用地域,60,200,一般競争入札（未実施）
財務省,関東財務局,東京財務事務所立川出張所,一般会計,普通財産,東京都東村山市富士見町４−７−３５外２筆,47436486,613,47436486,市街化区域,第一種低層住居専用地域,40,80,当分の間入札実施が困難
財務省,関東財務局,東京財務事務所立川出張所,一般会計,普通財産,東京都東村山市青葉町３−３−２外１筆,298747560,3434,298747560,市街化区域,第一種低層住居専用地域,40,80,一般競争入札（未実施）
財務省,関東財務局,東京財務事務所立川出張所,一般会計,普通財産,東京都国分寺市西町１−３１−１,252430649,2274,252430649,市街化区域,第一種中高層住居専用地域,60,200,直ちに入札実施が困難
財務省,関東財務局,東京財務事務所立川出張所,一般会計,普通財産,東京都国分寺市西町３−１７−８,216302418,1625,216302418,市街化区域,第二種中高層住居専用地域,60,200,直ちに入札実施が困難
財務省,関東財務局,東京財務事務所立川出張所,一般会計,普通財産,東京都福生市大字熊川字東４３１−２外９筆,6064834,70,6064834,市街化区域,第一種低層住居専用地域,40,80,一般競争入札（売残）
財務省,関東財務局,東京財務事務所立川出張所,一般会計,普通財産,東京都福生市大字福生字武蔵野２１４８−３外２筆のうち,25732163,956,25732163,市街化区域,第一種低層住居専用地域,40,80,当分の間入札実施が困難
財務省,関東財務局,東京財務事務所立川出張所,一般会計,普通財産,東京都福生市志茂４０−５外３筆,14252052,148,14252052,市街化区域,近隣商業地域,80,300,直ちに入札実施が困難
財務省,関東財務局,東京財務事務所立川出張所,一般会計,普通財産,東京都東大和市中央１−５５２−１０,47621000,340,47621000,市街化区域,準住居地域,60,200,一般競争入札（未実施）
財務省,関東財務局,東京財務事務所立川出張所,一般会計,普通財産,東京都東大和市桜が丘２−１３７−６,756884700,7645,756884700,市街化区域,第一種住居地域,60,200,一般競争入札（未実施）
財務省,関東財務局,東京財務事務所立川出張所,一般会計,普通財産,東京都東久留米市前沢５−１４３４−１外２筆,217816463,1722,217816463,市街化区域,第一種低層住居専用地域,40,80,一般競争入札（未実施）
財務省,関東財務局,東京財務事務所立川出張所,一般会計,普通財産,東京都東久留米市滝山７−２−１７,54951000,366,54951000,市街化区域,第一種低層住居専用地域,60,150,一般競争入札（未実施）
財務省,関東財務局,東京財務事務所立川出張所,一般会計,普通財産,東京都武蔵村山市榎３−９−２外１筆,182016873,3161,182016873,市街化区域,第一種低層住居専用地域,50,100,当分の間入札実施が困難
財務省,関東財務局,東京財務事務所立川出張所,一般会計,普通財産,東京都多摩市連光寺４−１−１７外１筆,35443980,400,35443980,市街化区域,第一種低層住居専用地域,40,80,一般競争入札（売残）
財務省,関東財務局,東京財務事務所立川出張所,一般会計,普通財産,東京都多摩市連光寺４−１８−２外１筆,43961859,549,43961859,市街化区域,第一種低層住居専用地域,40,80,当分の間入札実施が困難
財務省,関東財務局,東京財務事務所立川出張所,一般会計,普通財産,東京都稲城市大字大丸字九号１１２５−８外１筆,20920197,323,20920197,市街化区域,第一種低層住居専用地域,40,80,当分の間入札実施が困難
財務省,関東財務局,東京財務事務所立川出張所,一般会計,普通財産,東京都稲城市大字大丸字十一号１３４８−１,48573682,351,48573682,市街化区域,準工業地域,60,200,当分の間入札実施が困難
財務省,関東財務局,東京財務事務所立川出張所,一般会計,普通財産,東京都稲城市大字大丸字２７号２２８５−８２,7882680,273,7882680,市街化区域,準工業地域,60,200,当分の間入札実施が困難
財務省,関東財務局,東京財務事務所立川出張所,一般会計,普通財産,東京都稲城市大字東長沼字二号５００−１,100033018,881,100033018,市街化区域,第二種中高層住居専用地域,60,200,当分の間入札実施が困難
財務省,関東財務局,東京財務事務所立川出張所,一般会計,普通財産,東京都稲城市大字東長沼字八号２４１４−２外２筆,422796,1809,422796,市街化区域,第一種低層住居専用地域,30,60,当分の間入札実施が困難
財務省,関東財務局,東京財務事務所立川出張所,一般会計,普通財産,東京都稲城市大字東長沼字四号１１７４−２,99877154,576,99877154,市街化区域,近隣商業地域,80,300,当分の間入札実施が困難
財務省,関東財務局,東京財務事務所立川出張所,一般会計,普通財産,東京都稲城市大字矢野口字宿１０７６−２,12916366,84,12916366,市街化区域,第一種中高層住居専用地域,50,150,当分の間入札実施が困難
財務省,関東財務局,東京財務事務所立川出張所,一般会計,普通財産,東京都あきる野市渕上字開戸上２３８−１０外１筆,9410039,126,9410039,市街化区域,第一種低層住居専用地域,40,80,一般競争入札（売残）
財務省,関東財務局,東京財務事務所立川出張所,一般会計,普通財産,東京都あきる野市渕上字開戸上２３８−１２外１筆,8260074,105,8260074,市街化区域,第一種低層住居専用地域,40,80,一般競争入札（未実施）
財務省,関東財務局,東京財務事務所立川出張所,一般会計,普通財産,東京都西東京市向台町５−１０５９−２,265858411,1310,265858411,市街化区域,第一種中高層住居専用地域,60,200,一般競争入札（未実施）
財務省,関東財務局,東京財務事務所立川出張所,一般会計,普通財産,東京都西多摩郡瑞穂町大字殿ヶ谷字土手内５８３−１外３筆,114758799,2590,114758799,市街化区域,工業地域,60,200,当分の間入札実施が困難
財務省,関東財務局,東京財務事務所立川出張所,一般会計,普通財産,東京都西多摩郡瑞穂町大字石畑字狭山谷２０２７−１外１筆,2181854,8458,2181854,市街化調整区域,第一種低層住居専用地域,30,50,当分の間入札実施が困難
財務省,関東財務局,東京財務事務所立川出張所,一般会計,普通財産,東京都西多摩郡瑞穂町大字石畑字狭山谷２０５１−５外８筆,5038395,19531,5038395,市街化調整区域,第一種低層住居専用地域,30,50,当分の間入札実施が困難
財務省,関東財務局,東京財務事務所立川出張所,一般会計,普通財産,東京都西多摩郡瑞穂町大字箱根ヶ崎字松原１６２４−１外６筆,163185534,2569,163185534,市街化区域,工業地域,60,200,当分の間入札実施が困難
財務省,関東財務局,東京財務事務所立川出張所,一般会計,普通財産,東京都西多摩郡瑞穂町大字駒形富士山字富士山下３３８外８筆,391797675,11835,391797675,市街化区域,第一種低層住居専用地域,40,80,直ちに入札実施が困難
財務省,関東財務局,東京財務事務所立川出張所,一般会計,普通財産,東京都西多摩郡瑞穂町大字高根字山下３０５−１外１筆,64128811,1814,64128811,市街化区域,第一種低層住居専用地域,40,80,直ちに入札実施が困難
財務省,関東財務局,東京財務事務所立川出張所,一般会計,普通財産,東京都西多摩郡瑞穂町大字高根字山下３１５外６筆,91996848,4566,91996848,市街化区域,第一種低層住居専用地域,40,80,直ちに入札実施が困難
財務省,関東財務局,東京財務事務所,一般会計,普通財産,東京都大島町元町字仲野２１６−６,6964928,1657,6964928,非線引,都市計画用途地域指定なし,70,200,一般競争入札（未実施）
財務省,関東財務局,東京財務事務所,一般会計,普通財産,東京都新島村本村２−９５−２,1601089,376,1601089,非線引,都市計画用途地域指定なし,70,200,一般競争入札（未実施）
財務省,関東財務局,東京財務事務所,一般会計,普通財産,東京都三宅島三宅村神着７４−５,13538308,4296,13538308,非線引,都市計画用途地域指定なし,70,200,地方公共団体等において利用
財務省,関東財務局,東京財務事務所,一般会計,普通財産,東京都八丈島八丈町三根４５９８−４３,4324320,400,4324320,非線引,都市計画用途地域指定なし,70,200,一般競争入札（未実施）
財務省,関東財務局,東京財務事務所,一般会計,普通財産,東京都八丈島八丈町大賀郷１５４−１,31345347,3807,31345347,非線引,都市計画用途地域指定なし,70,200,一般競争入札（売残）
財務省,関東財務局,東京財務事務所,一般会計,普通財産,東京都八丈島八丈町大賀郷２２４２−１,5647223,261,5647223,非線引,都市計画用途地域指定なし,70,200,一般競争入札（未実施）
